scope,factor,horizon,ic_mean,ic_nw_t,ic_nonoverlap_t,ic_hit_rate,months
havuz,asset_growth,21,0.003430353946052421,0.5669454295945062,0.5912545848269436,0.46153846153846156,182
havuz,asset_growth,63,-0.001993190963699982,-0.20978489539523526,-0.13187908218537867,0.46111111111111114,180
havuz,asset_growth,126,0.0021564966081203366,0.17122097659552046,0.39020013154369987,0.5028248587570622,177
havuz,capex_at,21,-0.001592294100921956,-0.307942989603654,-0.3196061540325968,0.5384615384615384,182
havuz,capex_at,63,-0.0022946275566398154,-0.2908880507520917,-0.2147591170736921,0.48333333333333334,180
havuz,capex_at,126,-0.0038600033393341652,-0.3606204405543111,-0.28495149265620884,0.480225988700565,177
havuz,cash_runway_years,21,-0.01599094623687963,-1.7471133040210372,-1.7529695362784057,0.42528735632183906,174
havuz,cash_runway_years,63,-0.02678804151895389,-2.1281550448441084,-1.4915617317176906,0.3953488372093023,172
havuz,cash_runway_years,126,-0.027687227310285202,-1.5317339147266062,-1.2997502178893043,0.3668639053254438,169
havuz,cop_at,21,-0.006407621511498942,-1.2459724275581832,-1.2420805033917048,0.45604395604395603,182
havuz,cop_at,63,-0.012280035951419216,-1.4463214942418183,-1.5551693733488579,0.4388888888888889,180
havuz,cop_at,126,-0.016018368749615826,-1.276849630443822,-1.3911390475246523,0.4124293785310734,177
havuz,dist_52w_high,21,0.013482660951203278,1.5692643557127104,1.5333872094918262,0.5989010989010989,182
havuz,dist_52w_high,63,0.025469972439995006,2.53183026908436,2.3787401481910893,0.6277777777777778,180
havuz,dist_52w_high,126,0.03766955136718375,2.844523428176459,2.8210907027038674,0.711864406779661,177
havuz,droe,21,0.0023348127233167393,0.3656324402120675,0.3882396594471507,0.5054945054945055,182
havuz,droe,63,0.001676643050741707,0.187738999558532,0.22483125705501528,0.5166666666666667,180
havuz,droe,126,-0.007278107877509505,-0.6471989979596263,-0.1709717292374762,0.4745762711864407,177
havuz,ear_3d,21,0.0012724662687610589,0.277587901892994,0.26338310110180635,0.46153846153846156,182
havuz,ear_3d,63,-0.0012028621941811604,-0.21315961376443024,-0.6790325178518464,0.5055555555555555,180
havuz,ear_3d,126,0.0038727583047273658,0.5655027437499471,-0.3879846160072442,0.5480225988700564,177
havuz,ebit_ev,21,-0.010832264420939897,-0.8772009639312411,-0.9418504870845756,0.5,182
havuz,ebit_ev,63,-0.019633163069561792,-1.1409911366446321,-1.3953467140062072,0.4444444444444444,180
havuz,ebit_ev,126,-0.02570193081673479,-1.222553211868187,-1.1612962808358154,0.4689265536723164,177
havuz,gross_profitability,21,-0.00038531310052814785,-0.07018015187877487,-0.0697279831940808,0.5439560439560439,182
havuz,gross_profitability,63,-0.006936224023353398,-0.7910050360255448,-0.859666247971824,0.48333333333333334,180
havuz,gross_profitability,126,-0.007922603015495439,-0.6297048655693718,-0.5928697621643558,0.4576271186440678,177
havuz,idio_vol_60d,21,0.020812916400292078,2.236038413033792,2.2592163952836284,0.5659340659340659,182
havuz,idio_vol_60d,63,0.03392275101971766,2.9402986740965975,2.281515946397376,0.6055555555555555,180
havuz,idio_vol_60d,126,0.052864658203214385,3.6309510260442233,3.3686860968782755,0.6892655367231638,177
havuz,max_ret_21d,21,0.013641439930731924,1.69786965074251,1.7168474030537784,0.5384615384615384,182
havuz,max_ret_21d,63,0.023030616916407166,2.3956558849703806,1.9027550963622855,0.5777777777777777,180
havuz,max_ret_21d,126,0.030688385723954256,2.4737578802058615,2.1843271962691535,0.5988700564971752,177
havuz,mom_12_1,21,0.0038171922335733578,0.4807937244938258,0.46400929396133694,0.5164835164835165,182
havuz,mom_12_1,63,0.003304880540512338,0.35381438891443534,0.460106537442346,0.5111111111111111,180
havuz,mom_12_1,126,-0.0004548430802506117,-0.03532417303150077,0.3823452004165497,0.5536723163841808,177
havuz,net_debt_ebitda,21,-0.0249563868113625,-1.8005298374991308,-1.8023727076793215,0.45054945054945056,182
havuz,net_debt_ebitda,63,-0.04137824986593115,-2.279635202992346,-1.7544694141477017,0.4222222222222222,180
havuz,net_debt_ebitda,126,-0.05523744032445042,-2.3617270806436244,-1.4024939359546271,0.3785310734463277,177
havuz,ocf_ev,21,-9.809134593553519e-05,-0.007321525603499157,-0.007805320619746292,0.4835164835164835,182
havuz,ocf_ev,63,-0.0005415175961793269,-0.02831342487981127,-0.32543010698689756,0.49444444444444446,180
havuz,ocf_ev,126,-0.0036947254331397253,-0.1327824152426404,-0.5468636618247209,0.5141242937853108,177
havuz,oil_beta_trend,21,0.0012794768007098993,0.059839602520652305,0.059975759094122304,0.5274725274725275,182
havuz,oil_beta_trend,63,-0.01615458792861602,-0.5026470608938709,0.047816504903936616,0.4722222222222222,180
havuz,oil_beta_trend,126,-0.009802978861076379,-0.2756013335476821,-0.5096610187200555,0.4858757062146893,177
havuz,profitable_growth,21,-3.487510136268396e-05,-0.003790374741381061,-0.003958043593821185,0.5054945054945055,182
havuz,profitable_growth,63,0.0036895381004376135,0.25771627553730553,0.3432933610939862,0.5111111111111111,180
havuz,profitable_growth,126,0.00011200371531141983,0.005935241780059427,-0.18366409510687723,0.519774011299435,177
havuz,share_issuance,21,0.010735361357741047,1.4765947955198069,1.5208654883278205,0.5,182
havuz,share_issuance,63,0.015756956335002636,1.6849557604644336,0.6387101651340176,0.5277777777777778,180
havuz,share_issuance,126,0.023516116057762756,2.0012235677891557,1.074620276809791,0.615819209039548,177
havuz,sue,21,0.00017393247140963535,0.02865998827358968,0.029207203994829952,0.489010989010989,182
havuz,sue,63,-0.006695171007676634,-0.790191886582667,-0.7378932749431661,0.4444444444444444,180
havuz,sue,126,-0.014480448708189564,-1.3089775878514844,-0.4841005845752886,0.423728813559322,177
havuz,sue_announce,21,0.010830032177870978,2.0820781177181495,2.087272172819539,0.5659340659340659,182
havuz,sue_announce,63,0.01660417811271701,2.5868898898778627,2.155870804639539,0.6166666666666667,180
havuz,sue_announce,126,0.01761739393635886,2.2655846283606214,1.4423209086017144,0.6384180790960452,177
robotics,asset_growth,21,-0.008316885114619912,-0.38901885338904185,-0.3552960787554307,0.5393258426966292,89
robotics,asset_growth,63,0.014305704641295866,0.5679035785713927,0.5685664745676865,0.47126436781609193,87
robotics,asset_growth,126,0.059091743560836886,1.9195427593191154,2.7391022674084655,0.6785714285714286,84
robotics,capex_at,21,-0.042793538730367474,-1.730124103043221,-1.7085065879500219,0.40963855421686746,83
robotics,capex_at,63,-0.055025206391634884,-1.7253895697267432,-1.7903789043292067,0.4444444444444444,81
robotics,capex_at,126,-0.08990775554412507,-2.131728607246255,-2.407639509693157,0.3717948717948718,78
robotics,cop_at,21,0.030979181562369076,1.3750567553204593,1.2753120922577348,0.573170731707317,82
robotics,cop_at,63,0.041566832901248706,1.3717465378251723,0.9795267681090226,0.575,80
robotics,cop_at,126,0.05856212806812684,1.942432749855532,1.4508974626752098,0.6103896103896104,77
robotics,dist_52w_high,21,0.001962474157864094,0.07183845987484846,0.07562006314857743,0.5164835164835165,91
robotics,dist_52w_high,63,-0.019929455098877412,-0.5136560350687192,-0.8774122672226073,0.550561797752809,89
robotics,dist_52w_high,126,-0.009753826211835003,-0.1829310822221253,-0.21280883272752957,0.5116279069767442,86
robotics,droe,21,0.032319170046557495,1.491998410437703,1.3224116018502785,0.5340909090909091,88
robotics,droe,63,0.050296669845726505,1.9240620963882422,2.461679356412531,0.627906976744186,86
robotics,droe,126,0.0556314727875706,1.502692649656536,0.9828700643622735,0.5783132530120482,83
robotics,ear_3d,21,0.0055940948174648016,0.2177805211039142,0.2201893040360087,0.5568181818181818,88
robotics,ear_3d,63,-0.014678271116644347,-0.4537773399057916,-0.7583163875632443,0.46511627906976744,86
robotics,ear_3d,126,0.009790866289451264,0.30664332571806535,0.5663772127436674,0.5060240963855421,83
robotics,gross_profitability,21,0.03286936191160466,1.2538406594923754,1.2933965452364105,0.5357142857142857,84
robotics,gross_profitability,63,-0.002357334009626117,-0.06644721126591467,0.16929807310429862,0.47560975609756095,82
robotics,gross_profitability,126,0.03168461187815718,0.6222489417135334,0.4636645600812003,0.5569620253164557,79
robotics,idio_vol_60d,21,-0.027158634022650795,-1.0337579500708625,-1.064009847396943,0.5164835164835165,91
robotics,idio_vol_60d,63,-0.05681277564129783,-1.4231554751266648,-0.3906263461048859,0.43820224719101125,89
robotics,idio_vol_60d,126,-0.05751121050158234,-1.0207091198350393,-1.4831101167865628,0.43023255813953487,86
robotics,max_ret_21d,21,-0.005231707973988322,-0.21718366673442566,-0.2060589193006815,0.5164835164835165,91
robotics,max_ret_21d,63,-0.007647688223041465,-0.2867993060947377,0.8089435786074475,0.5056179775280899,89
robotics,max_ret_21d,126,-0.02873349925449685,-0.7132058340155951,-1.302209307251134,0.46511627906976744,86
robotics,mom_12_1,21,0.02908172183239193,0.8627452111248792,0.9660247275608016,0.5274725274725275,91
robotics,mom_12_1,63,0.011379880866904417,0.2568490086199778,-0.15832598987416693,0.5280898876404494,89
robotics,mom_12_1,126,0.007088310813560311,0.13684331061561078,1.0698844692539253,0.5232558139534884,86
robotics,profitable_growth,21,-0.06730816445875919,-2.3508282772398017,-2.4647107293796666,0.32926829268292684,82
robotics,profitable_growth,63,-0.0977025338791643,-2.5686677380124214,-2.7892297152371115,0.3,80
robotics,profitable_growth,126,-0.1358260855640552,-2.7392553444853456,-2.3528996049987354,0.2857142857142857,77
robotics,share_issuance,21,0.058822881379946776,2.53478140763299,2.429086215188263,0.6067415730337079,89
robotics,share_issuance,63,0.07800954328454124,2.899562578192104,2.4008500694929884,0.6206896551724138,87
robotics,share_issuance,126,0.10971430615007864,2.9901682343156293,1.9574931258785522,0.6547619047619048,84
robotics,sue,21,0.014432878980785206,0.6892186986479873,0.6491758039243634,0.5697674418604651,86
robotics,sue,63,0.040371596353679116,1.3538829340388645,0.8183206520150891,0.6071428571428571,84
robotics,sue,126,0.05881238027369554,1.4614731577771576,1.4775905566852707,0.6419753086419753,81
robotics,sue_announce,21,-0.016233431171511662,-0.417492253543818,-0.3615449105406329,0.48484848484848486,33
robotics,sue_announce,63,-0.03404443271366272,-0.6890179405474218,0.2946093848370379,0.4838709677419355,31
robotics,sue_announce,126,-0.02909940291906237,-0.6637062326925277,-0.2087587216626172,0.42857142857142855,28
biotech,asset_growth,21,0.009439345844306639,1.0826816342426837,1.1165606209035752,0.5164835164835165,182
biotech,asset_growth,63,0.004448452868894715,0.34452910131148,-0.02127865396569501,0.49444444444444446,180
biotech,asset_growth,126,0.013144907186828363,0.7878463030552,0.876171385797078,0.4971751412429379,177
biotech,capex_at,21,-0.006762734601175059,-0.8045631723940041,-0.7753562756505729,0.510989010989011,182
biotech,capex_at,63,-0.007004399621012604,-0.6315101257745227,-0.418057260990336,0.4888888888888889,180
biotech,capex_at,126,-0.02149930519401471,-1.5574706763094777,-1.7976148871848416,0.3954802259887006,177
biotech,cash_runway_years,21,-0.019755417324737002,-1.864698970035722,-1.8851417822411745,0.43859649122807015,171
biotech,cash_runway_years,63,-0.02696326797967377,-2.1090582089763026,-1.7067737366093547,0.41420118343195267,169
biotech,cash_runway_years,126,-0.02932101283246093,-1.5406851955722929,-1.6798860648697593,0.4036144578313253,166
biotech,cop_at,21,0.0003979464193019772,0.037844366323361286,0.037274950597894096,0.521978021978022,182
biotech,cop_at,63,-0.013541594371625275,-1.033715872503387,-1.0107681508410389,0.5,180
biotech,cop_at,126,-0.014759583882776777,-0.800105709752973,-1.502971937083343,0.4463276836158192,177
biotech,dist_52w_high,21,0.015885961818225644,1.5344206881961997,1.51938346576442,0.5989010989010989,182
biotech,dist_52w_high,63,0.03245019350264294,2.686353020472098,3.1964227445779527,0.6,180
biotech,dist_52w_high,126,0.04209558682830751,3.0204732884987777,3.879566140864133,0.6440677966101694,177
biotech,droe,21,0.0006673304719907507,0.056105823958465834,0.05812409104229739,0.5,182
biotech,droe,63,7.731720745427989e-05,0.004684482712223175,-0.48876944979188963,0.5222222222222223,180
biotech,droe,126,-0.024461661702273,-1.2699370430460024,-1.3483956567779212,0.4463276836158192,177
biotech,ear_3d,21,-0.008166752254137944,-1.0935104478918987,-1.0740028644979065,0.510989010989011,182
biotech,ear_3d,63,-0.013044698537850582,-1.5560865266424126,-0.707690912834398,0.4222222222222222,180
biotech,ear_3d,126,-0.0024965513082738852,-0.3060939757205715,0.6236310993740876,0.4689265536723164,177
biotech,gross_profitability,21,-0.007870938728283497,-0.7454637318374379,-0.7116741463179074,0.489010989010989,182
biotech,gross_profitability,63,-0.027720611554352362,-1.78955599989744,-1.9230441959322733,0.45555555555555555,180
biotech,gross_profitability,126,-0.02731192751212867,-1.0996880982853217,-0.9835344178035711,0.4124293785310734,177
biotech,idio_vol_60d,21,0.030885927993380656,2.7908942893845246,2.7904481973690864,0.5879120879120879,182
biotech,idio_vol_60d,63,0.050706644496717405,3.6135478541183774,3.5556261830061198,0.6277777777777778,180
biotech,idio_vol_60d,126,0.07802656813283358,4.584857003542638,4.429593492823147,0.7175141242937854,177
biotech,max_ret_21d,21,0.016911290787886397,1.6658519521385156,1.7359064761917602,0.5714285714285714,182
biotech,max_ret_21d,63,0.034967403557360124,2.8279655492967843,1.7029058535279487,0.5444444444444444,180
biotech,max_ret_21d,126,0.05460748018044868,3.7761310373871417,2.2515251928922018,0.6610169491525424,177
biotech,mom_12_1,21,-0.00467925122600468,-0.44733672624485116,-0.46394970726599444,0.46703296703296704,182
biotech,mom_12_1,63,-0.014542209638131458,-1.0166632724482327,-0.645299160258569,0.45555555555555555,180
biotech,mom_12_1,126,-0.026047794420903984,-1.357297434125141,-0.706479886752186,0.3898305084745763,177
biotech,share_issuance,21,0.020473107516179336,1.7926579424771654,1.8682955493491564,0.5384615384615384,182
biotech,share_issuance,63,0.025259333171008445,1.681479653932047,0.9512578470020222,0.5277777777777778,180
biotech,share_issuance,126,0.03688612916895978,1.919942551093623,0.7693782398870752,0.5423728813559322,177
biotech,sue,21,-0.014541526122666633,-1.2260138470725321,-1.3192997882964395,0.4725274725274725,182
biotech,sue,63,-0.024511685479183705,-1.5502150232944538,-1.3999156257858185,0.4444444444444444,180
biotech,sue,126,-0.02937992080858921,-1.4780539576978677,-1.4893209464582549,0.4067796610169492,177
biotech,sue_announce,21,0.005962459313518492,0.528515228440699,0.4962154397193456,0.510989010989011,182
biotech,sue_announce,63,0.020918868117250185,1.7116257006036621,0.9157153756703665,0.5,180
biotech,sue_announce,126,0.027707429560758976,1.628084481204907,0.038691287133710166,0.6214689265536724,177
biotech/biotech_all,asset_growth,21,0.007083213870534531,0.7129876256671077,0.7370431622722229,0.5303867403314917,181
biotech/biotech_all,asset_growth,63,0.0035515470585852486,0.25909112178457927,0.46323533072922707,0.4860335195530726,179
biotech/biotech_all,asset_growth,126,0.012742760419236297,0.7823240107353407,1.2071162156786333,0.48863636363636365,176
biotech/biotech_all,capex_at,21,-0.005148493499107512,-0.5676347285743951,-0.5485862666273267,0.510989010989011,182
biotech/biotech_all,capex_at,63,-0.0033044616120034708,-0.2747644728539276,-0.1888575648601296,0.5277777777777778,180
biotech/biotech_all,capex_at,126,-0.021631499411696082,-1.3654374541535015,-1.371015918505132,0.4180790960451977,177
biotech/biotech_all,cash_runway_years,21,-0.02484419381946934,-2.2854888460636573,-2.3165191834480106,0.4,170
biotech/biotech_all,cash_runway_years,63,-0.028908010947852898,-2.0983901049028573,-1.079133027056195,0.4226190476190476,168
biotech/biotech_all,cash_runway_years,126,-0.030348830923416278,-1.5739910316097863,-0.9799750272800979,0.37575757575757573,165
biotech/biotech_all,cop_at,21,-0.008123857626300957,-0.6592455793028567,-0.6618721904394669,0.5,182
biotech/biotech_all,cop_at,63,-0.021016054489143725,-1.2895147338763728,-0.8467665150975744,0.4722222222222222,180
biotech/biotech_all,cop_at,126,-0.024739118300922642,-1.049558476622458,-1.2691259993095558,0.4124293785310734,177
biotech/biotech_all,dist_52w_high,21,0.019907720769542805,1.8530556305075578,1.8553197728056738,0.5769230769230769,182
biotech/biotech_all,dist_52w_high,63,0.04070091819525138,3.038731101426229,3.512232432907685,0.6111111111111112,180
biotech/biotech_all,dist_52w_high,126,0.05160004974233453,3.301939074559706,4.513038939834992,0.6666666666666666,177
biotech/biotech_all,droe,21,-0.002676829814562248,-0.194760158924782,-0.19502059901901037,0.5303867403314917,181
biotech/biotech_all,droe,63,-0.014967346394045115,-0.8178009293606113,-0.1691959193237126,0.4692737430167598,179
biotech/biotech_all,droe,126,-0.060077593081225754,-2.8229254470227074,-2.320912943236939,0.3693181818181818,176
biotech/biotech_all,ear_3d,21,-0.012027673146019385,-1.3909067880300685,-1.4195229395933602,0.4945054945054945,182
biotech/biotech_all,ear_3d,63,-0.01686555239584663,-1.7913908015567181,-0.7962983876101604,0.4222222222222222,180
biotech/biotech_all,ear_3d,126,-0.00879954237007763,-0.8623291809201847,0.5389697281433257,0.4632768361581921,177
biotech/biotech_all,gross_profitability,21,-0.012665690919616954,-1.0562178639844306,-0.9738683233085702,0.4725274725274725,182
biotech/biotech_all,gross_profitability,63,-0.03395595355950312,-2.1837582433820213,-1.7379370056510592,0.4388888888888889,180
biotech/biotech_all,gross_profitability,126,-0.03362385291139995,-1.2681986375053864,-0.5650659271647945,0.4406779661016949,177
biotech/biotech_all,idio_vol_60d,21,0.032608106646672186,2.8042089062775797,2.8305524164245526,0.5824175824175825,182
biotech/biotech_all,idio_vol_60d,63,0.05439290897366392,3.606423703329723,3.359326716306636,0.6333333333333333,180
biotech/biotech_all,idio_vol_60d,126,0.08491057424655617,4.6645581875774,3.8639217006171536,0.7231638418079096,177
biotech/biotech_all,max_ret_21d,21,0.017537730491262213,1.568843264350234,1.6392259793910962,0.554945054945055,182
biotech/biotech_all,max_ret_21d,63,0.032750308102112574,2.3824204648377916,1.1066096447778995,0.5722222222222222,180
biotech/biotech_all,max_ret_21d,126,0.05367756779716671,3.501608572204187,1.927237609175019,0.655367231638418,177
biotech/biotech_all,mom_12_1,21,-0.004941486041350219,-0.44511378881685765,-0.45629354174358033,0.4835164835164835,182
biotech/biotech_all,mom_12_1,63,-0.01173325324873802,-0.7817595190249669,-0.47995967778609755,0.4666666666666667,180
biotech/biotech_all,mom_12_1,126,-0.02185624772929328,-1.1136876177242558,-0.6724864418487271,0.4067796610169492,177
biotech/biotech_all,share_issuance,21,0.019628800970628076,1.5555135497699493,1.6198077107760842,0.5580110497237569,181
biotech/biotech_all,share_issuance,63,0.026869363965704825,1.7087206159732702,1.4061006936322222,0.5418994413407822,179
biotech/biotech_all,share_issuance,126,0.03540790369190079,1.8481575311257838,1.001685839166875,0.5454545454545454,176
biotech/biotech_all,sue,21,-0.01988482104855877,-1.5368890242365185,-1.5611334704963349,0.4606741573033708,178
biotech/biotech_all,sue,63,-0.04322995022838452,-2.576795494270129,-1.5534161054517617,0.4147727272727273,176
biotech/biotech_all,sue,126,-0.07696176000947577,-3.787855491335426,-1.9257726154596102,0.3063583815028902,173
biotech/biotech_all,sue_announce,21,0.007064754503018297,0.5813641723607601,0.5556890582087628,0.489010989010989,182
biotech/biotech_all,sue_announce,63,0.019227882247301622,1.4144788045529553,1.3832494621629783,0.5333333333333333,180
biotech/biotech_all,sue_announce,126,0.025537185485762403,1.441229778987717,0.3552651027432984,0.5706214689265536,177
biotech/biotech_tools,asset_growth,21,-0.0067576772401331696,-0.44018684243099415,-0.4278068505488211,0.4915254237288136,177
biotech/biotech_tools,asset_growth,63,-0.034698435387663915,-1.2921473801863885,-1.0274836616282295,0.4742857142857143,175
biotech/biotech_tools,asset_growth,126,-0.02544103996845798,-0.7691274848412762,-0.2174289539403494,0.48255813953488375,172
biotech/biotech_tools,capex_at,21,-0.03331538384600413,-1.9880813281062868,-1.8909887251605655,0.44,175
biotech/biotech_tools,capex_at,63,-0.029254323901107465,-1.3163560981077393,-1.1940885198101863,0.4393063583815029,173
biotech/biotech_tools,capex_at,126,-0.03117853979106664,-1.0536084828333259,-1.0377088929625478,0.4235294117647059,170
biotech/biotech_tools,cash_runway_years,21,0.06133960917521201,1.2147764332859476,1.2623719816082222,0.6666666666666666,15
biotech/biotech_tools,cash_runway_years,63,-0.012067639556937317,-0.20456406246487474,-0.7314303811026425,0.4,15
biotech/biotech_tools,cash_runway_years,126,-0.05147997511480023,-1.022716480057736,-0.6992388100283464,0.4666666666666667,15
biotech/biotech_tools,cop_at,21,0.02090976270954406,1.0940742245654256,1.056227260510329,0.5084745762711864,177
biotech/biotech_tools,cop_at,63,0.020608182003870327,0.8700547779615169,1.2847921441888586,0.5371428571428571,175
biotech/biotech_tools,cop_at,126,0.01935354695916953,0.5920175020190674,1.207427390225978,0.5581395348837209,172
biotech/biotech_tools,dist_52w_high,21,-0.009033151344218822,-0.5306333585560361,-0.5221857617880905,0.46153846153846156,182
biotech/biotech_tools,dist_52w_high,63,-0.012667549767806123,-0.5630439238514522,-0.45194317619370494,0.5055555555555555,180
biotech/biotech_tools,dist_52w_high,126,-0.008910672473078377,-0.32517568092184407,-0.6448566277810435,0.4915254237288136,177
biotech/biotech_tools,droe,21,0.018158859104091346,0.9578391735472983,0.9929802659881246,0.5141242937853108,177
biotech/biotech_tools,droe,63,0.041394038793662304,1.645721423868262,1.593983433470297,0.52,175
biotech/biotech_tools,droe,126,0.06401705577873028,2.116425423525313,3.0320082451602977,0.5348837209302325,172
biotech/biotech_tools,ear_3d,21,0.0019252494944158132,0.1237507706036688,0.11869615835837892,0.46629213483146065,178
biotech/biotech_tools,ear_3d,63,-0.011900316098115265,-0.6790578433080906,-0.973192426348731,0.4715909090909091,176
biotech/biotech_tools,ear_3d,126,0.0006146952743095709,0.02590183873545016,-0.019520030690153407,0.5260115606936416,173
biotech/biotech_tools,gross_profitability,21,0.007085880030273392,0.3832692011182409,0.3653223180060246,0.5819209039548022,177
biotech/biotech_tools,gross_profitability,63,-0.017150459820355787,-0.6169409855238933,-0.29287716026526445,0.49714285714285716,175
biotech/biotech_tools,gross_profitability,126,-0.021289342858453585,-0.5409214461305866,0.05690171258226453,0.5116279069767442,172
biotech/biotech_tools,idio_vol_60d,21,0.002496948248073931,0.13434123648745455,0.13461087721645865,0.4945054945054945,182
biotech/biotech_tools,idio_vol_60d,63,0.0034954905789026567,0.13456982713158475,0.6942845677899347,0.5111111111111111,180
biotech/biotech_tools,idio_vol_60d,126,0.0001700520583689374,0.0051328050696146845,0.38529845780527816,0.5254237288135594,177
biotech/biotech_tools,max_ret_21d,21,0.009187196078225017,0.5479912127879036,0.5510608459331706,0.5659340659340659,182
biotech/biotech_tools,max_ret_21d,63,0.02630275485313681,1.3493143173919802,1.6245444602977697,0.5222222222222223,180
biotech/biotech_tools,max_ret_21d,126,0.02174462770599995,0.8586574277237423,1.0132782027023681,0.5310734463276836,177
biotech/biotech_tools,mom_12_1,21,-0.005711472409758236,-0.3237045679394245,-0.3202878490874863,0.510989010989011,182
biotech/biotech_tools,mom_12_1,63,-0.032424522068172354,-1.2059947572675611,-1.2108448551824846,0.45,180
biotech/biotech_tools,mom_12_1,126,-0.05137740423387594,-1.6387845817611228,-1.7482757918335878,0.384180790960452,177
biotech/biotech_tools,share_issuance,21,0.0059840131318340435,0.3341783957602546,0.33932977079538823,0.48,175
biotech/biotech_tools,share_issuance,63,-0.011002718438058771,-0.403621263331016,-0.20727024172846234,0.5202312138728323,173
biotech/biotech_tools,share_issuance,126,0.004563065281755252,0.11329809819364894,0.9890997818474792,0.5588235294117647,170
biotech/biotech_tools,sue,21,0.0021736380608850803,0.10472401721281005,0.11398996110077059,0.49122807017543857,171
biotech/biotech_tools,sue,63,0.017706450808545177,0.6428938952394496,0.7540737718989031,0.48520710059171596,169
biotech/biotech_tools,sue,126,0.0552210322919784,1.492431783110505,2.768787857872062,0.5662650602409639,166
biotech/biotech_tools,sue_announce,21,,,,1.0,2
biotech/biotech_tools,sue_announce,63,,,,1.0,2
biotech/biotech_tools,sue_announce,126,,,,1.0,2
energy,asset_growth,21,0.021099109399754505,2.20724769339263,2.2870796103253257,0.554945054945055,182
energy,asset_growth,63,0.0362952621844941,2.721003217620469,2.73444610367474,0.5888888888888889,180
energy,asset_growth,126,0.05538988506754773,3.1709097484484428,2.674300580746663,0.7062146892655368,177
energy,capex_at,21,0.013031366144104904,1.2828347881600326,1.3080829638166867,0.489010989010989,182
energy,capex_at,63,0.01967697626175324,1.2451343036960612,1.143458887682902,0.5611111111111111,180
energy,capex_at,126,0.0345084647288634,1.4344155244963683,1.3123805329627125,0.5988700564971752,177
energy,cash_runway_years,21,-0.11432461873638343,-1.2001297874939838,-1.0341344815234883,0.3333333333333333,9
energy,cash_runway_years,63,-0.12718837535014002,-2.6108733760183225,-0.6071293475497934,0.25,8
energy,cash_runway_years,126,-0.19551820728291314,-3.665786669405203,,0.14285714285714285,7
energy,cop_at,21,-0.01895455008916027,-1.7473196215984648,-1.791021054456308,0.43956043956043955,182
energy,cop_at,63,-0.03178591013477927,-1.9629995831487002,-1.79936330779132,0.40555555555555556,180
energy,cop_at,126,-0.046911388299155775,-1.8514917917129667,-1.8501465584570516,0.4745762711864407,177
energy,dist_52w_high,21,0.017981697897212073,1.2524080327260927,1.2728975033446748,0.5714285714285714,182
energy,dist_52w_high,63,0.029878729100816293,1.437679699559146,1.0305407707386274,0.5611111111111111,180
energy,dist_52w_high,126,0.03837988548645461,1.3096196322044666,1.2515009524777643,0.5988700564971752,177
energy,ear_3d,21,0.01803801847507807,2.077181725145887,2.0981549601518923,0.5274725274725275,182
energy,ear_3d,63,0.016509942008958778,1.7004107771688501,0.38809571886537,0.5777777777777777,180
energy,ear_3d,126,0.01753768861041948,1.2220349937255437,0.8351318781777956,0.576271186440678,177
energy,ebit_ev,21,-0.014020972463067986,-1.1244156420797362,-1.2140043065057826,0.5,182
energy,ebit_ev,63,-0.024589963533121394,-1.424212208210344,-1.6843185308675348,0.4444444444444444,180
energy,ebit_ev,126,-0.027594995852851696,-1.2863500954500091,-1.127436138877818,0.4519774011299435,177
energy,gross_profitability,21,-0.010934601221342276,-0.8020301151911106,-0.8948806455598437,0.42857142857142855,182
energy,gross_profitability,63,-0.03303465832751049,-1.5698449758098534,-1.394891976502501,0.4166666666666667,180
energy,gross_profitability,126,-0.036075915007623034,-1.2998063308487262,-1.0178780924659239,0.4293785310734463,177
energy,idio_vol_60d,21,0.022985536578112104,1.4433281522299042,1.4876823082114325,0.5439560439560439,182
energy,idio_vol_60d,63,0.03704286682233942,1.6959127300774244,1.2341520037652887,0.5444444444444444,180
energy,idio_vol_60d,126,0.054586266225681884,1.7731158917914691,1.716224865417135,0.6214689265536724,177
energy,max_ret_21d,21,0.019202027085306717,1.3447402259999701,1.3822096571573586,0.5439560439560439,182
energy,max_ret_21d,63,0.03008554828091884,1.7958367829836208,1.5455117972653951,0.5666666666666667,180
energy,max_ret_21d,126,0.03819929204442536,1.6396641452386067,1.279815736362658,0.5706214689265536,177
energy,mom_12_1,21,0.015045534298740303,1.1388730744486222,1.1511052045972614,0.5274725274725275,182
energy,mom_12_1,63,0.022614487076313326,1.2662258223117209,0.8711945368572847,0.5444444444444444,180
energy,mom_12_1,126,0.016258473315372623,0.6164919854794395,1.2514023706191753,0.5310734463276836,177
energy,net_debt_ebitda,21,-0.02365716091824949,-1.646343268621177,-1.6540877347399654,0.45054945054945056,182
energy,net_debt_ebitda,63,-0.040582485424573454,-2.1770221538226644,-1.708569270425792,0.40555555555555556,180
energy,net_debt_ebitda,126,-0.05654631900538543,-2.261119991179738,-1.5727098645943711,0.3954802259887006,177
energy,ocf_ev,21,0.0008133492517220302,0.06356589743809479,0.06747017825784057,0.5,182
energy,ocf_ev,63,5.4231622175161654e-05,0.0030136598706275684,-0.334226849579667,0.5111111111111111,180
energy,ocf_ev,126,-0.0017510709801758716,-0.06670512948959588,-0.4982715643698871,0.5254237288135594,177
energy,oil_beta_trend,21,0.0012794768007098993,0.059839602520652305,0.059975759094122304,0.5274725274725275,182
energy,oil_beta_trend,63,-0.01615458792861602,-0.5026470608938709,0.047816504903936616,0.4722222222222222,180
energy,oil_beta_trend,126,-0.009802978861076379,-0.2756013335476821,-0.5096610187200555,0.4858757062146893,177
energy,share_issuance,21,0.010545876950914829,1.263801334738685,1.221847087865058,0.5164835164835165,182
energy,share_issuance,63,0.026123776435390406,2.1799611380505604,1.839338515246659,0.5888888888888889,180
energy,share_issuance,126,0.041739492687323326,2.535393487419971,1.6083611745606492,0.6214689265536724,177
energy,sue_announce,21,0.01124038419628755,1.2116230202936165,1.160924782219789,0.5384615384615384,182
energy,sue_announce,63,0.008399830962597953,0.6221033146206428,0.2533752787673103,0.5111111111111111,180
energy,sue_announce,126,0.0029500866636801687,0.20019140311040973,0.9268719440852886,0.5028248587570622,177
energy/oil_gas,asset_growth,21,0.027930589424004018,2.2569866028620043,2.3050968127732836,0.5494505494505495,182
energy/oil_gas,asset_growth,63,0.04143960377567304,2.5389313467022743,2.2307157473093953,0.5888888888888889,180
energy/oil_gas,asset_growth,126,0.05894965668179587,2.736711726855135,2.235812746239872,0.632768361581921,177
energy/oil_gas,capex_at,21,0.01930393806571338,1.334680499907674,1.3680054834296183,0.521978021978022,182
energy/oil_gas,capex_at,63,0.02534944058548227,1.1297852966621724,1.0682545637880705,0.5333333333333333,180
energy/oil_gas,capex_at,126,0.04053428906346824,1.1898410252654321,1.251717784665545,0.5819209039548022,177
energy/oil_gas,cop_at,21,-0.028268082784291968,-1.9194189972571005,-1.9826496287802438,0.42857142857142855,182
energy/oil_gas,cop_at,63,-0.039899663754716014,-1.9036968606488553,-2.028189735089654,0.45,180
energy/oil_gas,cop_at,126,-0.0636383827089004,-2.0063497100416847,-2.2719546989654953,0.4293785310734463,177
energy/oil_gas,dist_52w_high,21,0.03410682912911507,1.8067283795387907,1.8478685545513622,0.6043956043956044,182
energy/oil_gas,dist_52w_high,63,0.04725339793114511,1.6643462652209169,1.4474657714543824,0.5722222222222222,180
energy/oil_gas,dist_52w_high,126,0.05544873107328747,1.4535666198862178,1.2894212898057211,0.6045197740112994,177
energy/oil_gas,ear_3d,21,0.015163928560816402,1.399067952019341,1.4237935499684273,0.5164835164835165,182
energy/oil_gas,ear_3d,63,0.004487026454533414,0.3735969059859606,0.002302316678625819,0.5166666666666667,180
energy/oil_gas,ear_3d,126,0.005928614165370294,0.32451004665167466,0.28776016150553,0.519774011299435,177
energy/oil_gas,ebit_ev,21,-0.028152221279823444,-1.6063989168592732,-1.7085506150453684,0.5054945054945055,182
energy/oil_gas,ebit_ev,63,-0.034677190044916914,-1.5966516010918064,-1.9172710461995912,0.4166666666666667,180
energy/oil_gas,ebit_ev,126,-0.04085593572641239,-1.4876197893465475,-1.2005249425169977,0.4689265536723164,177
energy/oil_gas,gross_profitability,21,-0.015569952683077487,-0.9041353171104546,-1.037145900645366,0.4860335195530726,179
energy/oil_gas,gross_profitability,63,-0.03825712627455401,-1.502811124094973,-1.5395826473556689,0.4632768361581921,177
energy/oil_gas,gross_profitability,126,-0.04497149526961907,-1.2796798078423703,-1.0380052120351955,0.41379310344827586,174
energy/oil_gas,idio_vol_60d,21,0.027632318693715314,1.2911655567109996,1.3372016888575404,0.5659340659340659,182
energy/oil_gas,idio_vol_60d,63,0.04513408283559443,1.4511002591666884,1.1951907028407258,0.5444444444444444,180
energy/oil_gas,idio_vol_60d,126,0.07929977283618057,1.8307016274966328,1.7113302600539213,0.5819209039548022,177
energy/oil_gas,max_ret_21d,21,0.021703476814172343,1.1660224089029148,1.200130073058534,0.5714285714285714,182
energy/oil_gas,max_ret_21d,63,0.03757937111707984,1.6070282601152435,1.6797206852261064,0.5888888888888889,180
energy/oil_gas,max_ret_21d,126,0.05188349078332118,1.6627536281815014,1.249610645198345,0.5819209039548022,177
energy/oil_gas,mom_12_1,21,0.018227857841041976,1.0654163873117406,1.0698954000452459,0.5659340659340659,182
energy/oil_gas,mom_12_1,63,0.022320430796818596,0.9476513274647496,0.6400552929458756,0.5055555555555555,180
energy/oil_gas,mom_12_1,126,0.012027334363929953,0.3486915895776277,1.4907121886594996,0.519774011299435,177
energy/oil_gas,net_debt_ebitda,21,-0.02576570502994673,-1.5486446529314337,-1.5274644394397068,0.41208791208791207,182
energy/oil_gas,net_debt_ebitda,63,-0.04516593263071232,-2.071666411504745,-1.8535218759516325,0.40555555555555556,180
energy/oil_gas,net_debt_ebitda,126,-0.05324546805464912,-1.9671601285819633,-1.3687953609754824,0.4124293785310734,177
energy/oil_gas,ocf_ev,21,-0.013541438774728631,-0.7279959239772944,-0.7777110850381321,0.5,182
energy/oil_gas,ocf_ev,63,-0.01613672470717795,-0.6438560655388875,-1.0594237700323477,0.4888888888888889,180
energy/oil_gas,ocf_ev,126,-0.019563014101471012,-0.5547965094861028,-0.8480516085325556,0.5084745762711864,177
energy/oil_gas,oil_beta_trend,21,0.0012794768007098993,0.059839602520652305,0.059975759094122304,0.5274725274725275,182
energy/oil_gas,oil_beta_trend,63,-0.01615458792861602,-0.5026470608938709,0.047816504903936616,0.4722222222222222,180
energy/oil_gas,oil_beta_trend,126,-0.009802978861076379,-0.2756013335476821,-0.5096610187200555,0.4858757062146893,177
energy/oil_gas,share_issuance,21,0.017611196133136258,1.493611055794068,1.460109141367326,0.5604395604395604,182
energy/oil_gas,share_issuance,63,0.031616461693514036,1.8622024087382916,1.462788642500565,0.5666666666666667,180
energy/oil_gas,share_issuance,126,0.0496640602813346,2.048731269865683,1.188899939701639,0.5875706214689266,177
energy/oil_gas,sue_announce,21,0.015502178833198087,1.0751610658762685,1.0731865928543136,0.5439560439560439,182
energy/oil_gas,sue_announce,63,0.008998011319086048,0.472719103511432,0.4588389380132748,0.5222222222222223,180
energy/oil_gas,sue_announce,126,-0.004907269030030061,-0.210655280267179,0.2688133006996335,0.4406779661016949,177
energy/power_utilities,asset_growth,21,-0.002918206025403519,-0.16987125046413373,-0.15742152615374239,0.5138121546961326,181
energy/power_utilities,asset_growth,63,0.008231899221633698,0.31678792128537236,0.23304108903875628,0.48044692737430167,179
energy/power_utilities,asset_growth,126,-0.007369608106684242,-0.22794511076406007,-0.27009780339073675,0.4715909090909091,176
energy/power_utilities,capex_at,21,-0.0043749431570807235,-0.2566019930204064,-0.25016464605547917,0.4945054945054945,182
energy/power_utilities,capex_at,63,-0.01301508853315961,-0.48415262678362847,0.11492684907419139,0.45,180
energy/power_utilities,capex_at,126,-0.041821005674468184,-1.1536085521143198,-2.050979915218667,0.4011299435028249,177
energy/power_utilities,cop_at,21,-0.04020418472873139,-2.22932115221638,-2.1848040354554086,0.4230769230769231,182
energy/power_utilities,cop_at,63,-0.02504763368028949,-1.1556026698605533,-2.0724154848789835,0.4777777777777778,180
energy/power_utilities,cop_at,126,-0.04837314118185464,-1.8135516662927054,-1.2987316090692103,0.423728813559322,177
energy/power_utilities,dist_52w_high,21,-0.0139222665750943,-0.6384890905011945,-0.64645025533235,0.510989010989011,182
energy/power_utilities,dist_52w_high,63,-0.020136735668772276,-0.7728381815943787,-1.159475693688623,0.4722222222222222,180
energy/power_utilities,dist_52w_high,126,0.0018793360212124447,0.053513494690162755,-0.2786203830314595,0.5028248587570622,177
energy/power_utilities,ear_3d,21,0.004213374773421648,0.24368943182535602,0.24045207854990627,0.5058823529411764,170
energy/power_utilities,ear_3d,63,-0.010569921315034578,-0.46795348459582276,-0.9265092716963911,0.5119047619047619,168
energy/power_utilities,ear_3d,126,0.008260735805186907,0.2487748950809943,-0.3717574538905843,0.4666666666666667,165
energy/power_utilities,ebit_ev,21,0.05210201905729086,2.7622296707411564,2.830008615224572,0.5824175824175825,182
energy/power_utilities,ebit_ev,63,0.0559877758282658,1.9649540855373084,2.387574373387487,0.6055555555555555,180
energy/power_utilities,ebit_ev,126,0.08995567130487311,2.5693957029713452,1.9761461484370424,0.615819209039548,177
energy/power_utilities,idio_vol_60d,21,0.030399649930542377,1.5654438847004235,1.5638682013148328,0.5824175824175825,182
energy/power_utilities,idio_vol_60d,63,1.625000137585412e-05,0.000631795325046459,0.053160231355308715,0.5166666666666667,180
energy/power_utilities,idio_vol_60d,126,-0.0009651521000084042,-0.028341353377028183,0.0781399216495744,0.4971751412429379,177
energy/power_utilities,max_ret_21d,21,0.006724553097550811,0.3230745469255782,0.3325487932278088,0.5714285714285714,182
energy/power_utilities,max_ret_21d,63,0.02101732592350442,0.9520691807232136,0.41682871638552393,0.5388888888888889,180
energy/power_utilities,max_ret_21d,126,0.023210561519136936,0.8895190982132838,-0.9180187960166932,0.5423728813559322,177
energy/power_utilities,mom_12_1,21,0.03053015525392119,1.3774895142269763,1.420218231193942,0.5604395604395604,182
energy/power_utilities,mom_12_1,63,0.06179748448856,1.9273494914224303,0.8472457851429738,0.5833333333333334,180
energy/power_utilities,mom_12_1,126,0.027071605343722622,0.5905552734610918,-0.17979020963391693,0.5875706214689266,177
energy/power_utilities,net_debt_ebitda,21,-0.020602301505326333,-1.2273040790016916,-1.1290738678535788,0.4725274725274725,182
energy/power_utilities,net_debt_ebitda,63,-0.038950720338524876,-1.8458360566842902,-0.6079350282487048,0.4444444444444444,180
energy/power_utilities,net_debt_ebitda,126,-0.042930842396746736,-1.3794970187091162,-1.6694781223179167,0.4519774011299435,177
energy/power_utilities,ocf_ev,21,0.02223753718734777,1.2394128684124428,1.27374031894694,0.5054945054945055,182
energy/power_utilities,ocf_ev,63,0.0345699627145313,1.4150507870138989,0.7032064227245629,0.5944444444444444,180
energy/power_utilities,ocf_ev,126,0.05086028566372432,1.568994348163514,1.2072919444862942,0.5875706214689266,177
energy/power_utilities,share_issuance,21,-0.010460978937989878,-0.622019061698688,-0.5834965433578588,0.45054945054945056,182
energy/power_utilities,share_issuance,63,-0.005966240907753896,-0.2746945549419086,-0.08173416240359051,0.5,180
energy/power_utilities,share_issuance,126,-0.0027397368949942376,-0.08979055237846167,-0.054292263739299323,0.4858757062146893,177
energy/power_utilities,sue_announce,21,0.0056249010325377605,0.20883187963400654,0.19841175765172392,0.5185185185185185,81
energy/power_utilities,sue_announce,63,-0.019607843137254898,-0.5437554404033249,-0.08067557839346143,0.45569620253164556,79
energy/power_utilities,sue_announce,126,-0.005768921141863959,-0.14575842266531797,-0.3667391889915863,0.47368421052631576,76
energy/renewables,asset_growth,21,0.00490886115816163,0.23762669930166902,0.23928134493453718,0.5133333333333333,150
energy/renewables,asset_growth,63,0.010619999004449402,0.392453035541611,0.1467033730794349,0.5337837837837838,148
energy/renewables,asset_growth,126,0.008194199705112802,0.20179250990049863,-0.2609770009810857,0.5586206896551724,145
energy/renewables,capex_at,21,0.003743074565347357,0.16780248008863796,0.17546678331305532,0.5070422535211268,142
energy/renewables,capex_at,63,0.015503416954961262,0.5374174115244017,0.4917446811768199,0.4857142857142857,140
energy/renewables,capex_at,126,0.037025653526707135,0.850390462099217,1.4665920958940757,0.48905109489051096,137
energy/renewables,cop_at,21,0.009761733991201482,0.4167605491420731,0.4274320736597356,0.5510204081632653,147
energy/renewables,cop_at,63,0.0024421167277939825,0.07175361962708322,0.05498260137442506,0.5379310344827586,145
energy/renewables,cop_at,126,0.013912022969912556,0.31423897997754935,0.10819333293817618,0.5,142
energy/renewables,dist_52w_high,21,-0.01833199569873431,-0.7429382601095164,-0.7409104912077357,0.47333333333333333,150
energy/renewables,dist_52w_high,63,-0.005038393880110262,-0.16088668555937183,0.155213436796186,0.527027027027027,148
energy/renewables,dist_52w_high,126,-0.029746932334198017,-0.7860349468393447,0.007134355090612879,0.4482758620689655,145
energy/renewables,ear_3d,21,0.01660699658849188,0.7817693895765035,0.7680217360963375,0.528169014084507,142
energy/renewables,ear_3d,63,0.05627534943678886,2.4286133531085787,1.7021378989320388,0.5785714285714286,140
energy/renewables,ear_3d,126,0.06422740849027002,2.710376145353202,0.7671107403927115,0.6058394160583942,137
energy/renewables,ebit_ev,21,-0.017337676284448725,-0.7586286914142802,-0.782152998003477,0.46153846153846156,143
energy/renewables,ebit_ev,63,-0.011015105274964836,-0.36318113703067284,-1.3634988784717417,0.475177304964539,141
energy/renewables,ebit_ev,126,0.008875431333636876,0.25905969761924985,-0.46855687635920457,0.5144927536231884,138
energy/renewables,gross_profitability,21,0.014037698412698404,0.28686426019992967,0.234003004159189,0.4166666666666667,24
energy/renewables,gross_profitability,63,0.007478408029878619,0.10960715984830693,-0.17910532923072628,0.375,24
energy/renewables,gross_profitability,126,-0.04108208500791621,-0.6967638409546798,-0.5157702793862824,0.391304347826087,23
energy/renewables,idio_vol_60d,21,0.007079392098959653,0.2304644772912803,0.235901281980327,0.5133333333333333,150
energy/renewables,idio_vol_60d,63,0.008557078892713605,0.20831762002095838,0.5307889131836716,0.5,148
energy/renewables,idio_vol_60d,126,0.0067403837537720335,0.12523735625846605,-0.08408175781708035,0.5517241379310345,145
energy/renewables,max_ret_21d,21,0.010168389702174891,0.3592885308175087,0.37869966245270137,0.5133333333333333,150
energy/renewables,max_ret_21d,63,0.0018821561755867295,0.04935861617897466,-0.013679511227608543,0.4594594594594595,148
energy/renewables,max_ret_21d,126,0.00011407534919305768,0.0022453376357762867,-0.3639455514604071,0.5448275862068965,145
energy/renewables,mom_12_1,21,-0.026359369675810693,-1.091807706834381,-1.1162902031382516,0.46,150
energy/renewables,mom_12_1,63,-0.03183634887235691,-0.9285770418991606,-1.2373943446243483,0.4797297297297297,148
energy/renewables,mom_12_1,126,-0.07052821307392063,-1.7461721220538564,-0.654432341967849,0.42758620689655175,145
energy/renewables,net_debt_ebitda,21,0.01700522763945102,0.6629804129358529,0.7134266587191713,0.5454545454545454,143
energy/renewables,net_debt_ebitda,63,-0.021329745911430772,-0.5992263802470857,-0.12056764854224826,0.49645390070921985,141
energy/renewables,net_debt_ebitda,126,-0.02792491716992282,-0.5758994967711671,-0.4645764183915939,0.5362318840579711,138
energy/renewables,ocf_ev,21,0.03841117305892522,2.040011150742285,2.0180367123710132,0.5850340136054422,147
energy/renewables,ocf_ev,63,0.05695177834498117,2.257489451255602,2.1037791880604235,0.5862068965517241,145
energy/renewables,ocf_ev,126,0.06444255119519729,1.938930056997105,1.301156351503849,0.6338028169014085,142
energy/renewables,share_issuance,21,-0.01304415646177632,-0.6807557166863533,-0.6747168559661013,0.48,150
energy/renewables,share_issuance,63,0.0030114209757572696,0.1293783843504736,0.9642636271574827,0.4864864864864865,148
energy/renewables,share_issuance,126,0.020333685967451363,0.558343391085148,0.022053125366605218,0.5724137931034483,145
energy/renewables,sue_announce,21,-0.019161208885226225,-0.8691583414794969,-0.9217964051593074,0.4036697247706422,109
energy/renewables,sue_announce,63,-0.01700847694985344,-0.503317694706355,-1.8004247857574376,0.48598130841121495,107
energy/renewables,sue_announce,126,-0.04447777736260631,-1.0809460988473285,-1.0644449254346529,0.4326923076923077,104
ai,asset_growth,21,-0.008770128985304682,-0.6914917025432744,-0.7014524359272869,0.4576271186440678,177
ai,asset_growth,63,-0.011381572682137228,-0.61303950697632,-1.2579080812395806,0.44571428571428573,175
ai,asset_growth,126,-0.0006233893336439242,-0.028642991069120768,0.6138444916020136,0.4476744186046512,172
ai,capex_at,21,-0.010788376837506643,-0.8826028217906806,-0.8489609701019258,0.4393063583815029,173
ai,capex_at,63,-0.019163977942673723,-1.1785472403100863,-0.9725395137786911,0.4152046783625731,171
ai,capex_at,126,-0.019940073327332768,-0.987571640199829,-1.6605959371765988,0.44642857142857145,168
ai,cash_runway_years,21,0.020375758142132817,0.6590656515198313,0.6552891953056514,0.5522388059701493,67
ai,cash_runway_years,63,-0.026258044305450475,-0.7248405452453734,-1.606419021832291,0.4307692307692308,65
ai,cash_runway_years,126,-0.031539729154239214,-0.6304916541741323,-1.8622701082103668,0.3709677419354839,62
ai,cop_at,21,-8.099101569544884e-05,-0.005870796151234313,-0.006442615826005209,0.49142857142857144,175
ai,cop_at,63,-0.0015677066921547433,-0.0780745763321537,-0.12320419667119492,0.48554913294797686,173
ai,cop_at,126,0.0005902978531052117,0.02103395214278014,-0.539310830541019,0.5117647058823529,170
ai,dist_52w_high,21,0.012865778566776983,0.8723859513128508,0.9059865092263523,0.5494505494505495,182
ai,dist_52w_high,63,0.006967415272136883,0.3790442466637083,-0.08594624628510812,0.55,180
ai,dist_52w_high,126,0.0303862867344661,1.2761737567932043,0.49660044131904246,0.5649717514124294,177
ai,droe,21,0.02166447469576429,1.943190150748228,1.854365065208726,0.5542168674698795,166
ai,droe,63,0.03616014545051654,1.959767016719164,1.6443871889627513,0.5670731707317073,164
ai,droe,126,0.009764044551908333,0.3652327284892964,0.9593426818993768,0.4161490683229814,161
ai,ear_3d,21,0.0028952080565912437,0.22586805788275605,0.2318232739918096,0.5139664804469274,179
ai,ear_3d,63,-0.00935669408493896,-0.5179760638747417,-1.119201252259929,0.4463276836158192,177
ai,ear_3d,126,0.006941194558119939,0.3993658392217819,-0.5453115122456225,0.5344827586206896,174
ai,gross_profitability,21,0.008639818780104546,0.6412842396947751,0.6262920552827989,0.5212121212121212,165
ai,gross_profitability,63,0.010645904915880359,0.5416836361664874,0.5331689327699696,0.5521472392638037,163
ai,gross_profitability,126,0.01434216030208466,0.5349033198062473,0.18393066594853932,0.525,160
ai,idio_vol_60d,21,0.004104359241410139,0.2745849826005498,0.2824634216280721,0.5494505494505495,182
ai,idio_vol_60d,63,0.015960838395187853,0.8406604861468192,0.5321219721734407,0.5722222222222222,180
ai,idio_vol_60d,126,0.026537136662493417,1.1324832410507677,1.1529621487312276,0.5423728813559322,177
ai,max_ret_21d,21,-0.013904080571415125,-1.0764728494190519,-1.091042086571915,0.4945054945054945,182
ai,max_ret_21d,63,-0.013816371049779752,-0.8384726930897122,-0.07859471797351957,0.4888888888888889,180
ai,max_ret_21d,126,-0.007555115806395989,-0.389282013674405,0.7383845490402826,0.4689265536723164,177
ai,mom_12_1,21,-0.0029737273681775286,-0.21659707489168906,-0.21314486823077672,0.5164835164835165,182
ai,mom_12_1,63,-0.017860733196089627,-0.9337995420961721,-0.8477294186190818,0.45555555555555555,180
ai,mom_12_1,126,0.001567551604259658,0.06556274928757527,0.14017470263880571,0.536723163841808,177
ai,profitable_growth,21,-0.006932957540494635,-0.5675835752141699,-0.6121187299744832,0.4682080924855491,173
ai,profitable_growth,63,-0.004321989215258704,-0.22647967360470964,0.455741453806527,0.49122807017543857,171
ai,profitable_growth,126,-0.016427526575581875,-0.6157919068418294,-0.2003455619531868,0.44642857142857145,168
ai,share_issuance,21,0.004840597383557052,0.3606925067708563,0.357905518796706,0.5028248587570622,177
ai,share_issuance,63,0.0005694951539990813,0.028106404072998442,0.012167287525182313,0.48,175
ai,share_issuance,126,0.011257054614163403,0.390378822751999,0.0831907772778369,0.5348837209302325,172
ai,sue,21,0.013398910946180743,1.326007920212407,1.2710018207012885,0.5497076023391813,171
ai,sue,63,0.011515029529464739,1.0065588079205863,1.0307514437545968,0.5088757396449705,169
ai,sue,126,-0.009465447411206258,-0.6274666096532833,-0.4859924584385621,0.4819277108433735,166
ai,sue_announce,21,0.02192831410341084,1.6008343613125764,1.7564120468496558,0.5757575757575758,132
ai,sue_announce,63,0.03601248553089316,1.8126800144865372,1.3096960116910543,0.5923076923076923,130
ai,sue_announce,126,0.034053020765498376,1.2391837147275104,1.0906508127777124,0.5590551181102362,127
ai/ai_infrastructure,asset_growth,21,-0.01952600550120245,-1.2325926357730939,-1.2323117476088796,0.45930232558139533,172
ai/ai_infrastructure,asset_growth,63,-0.031158586947195834,-1.3648088756148329,-0.8872581682806762,0.4411764705882353,170
ai/ai_infrastructure,asset_growth,126,-0.03187661558210804,-1.1716707706927645,-0.299389822330434,0.41317365269461076,167
ai/ai_infrastructure,capex_at,21,-0.009610806415770624,-0.5916343047488954,-0.5822596778986067,0.4437869822485207,169
ai/ai_infrastructure,capex_at,63,-0.02913652060899946,-1.3000065846583864,-1.0449657933911785,0.38922155688622756,167
ai/ai_infrastructure,capex_at,126,-0.03482333552183978,-1.2723886776077682,-1.2420644728780437,0.4268292682926829,164
ai/ai_infrastructure,cash_runway_years,21,,,,0.0,1
ai/ai_infrastructure,cash_runway_years,63,,,,0.0,1
ai/ai_infrastructure,cop_at,21,-0.0005413812042965527,-0.03336771628606111,-0.03524727958889224,0.49714285714285716,175
ai/ai_infrastructure,cop_at,63,-0.008063850496924159,-0.35534841770204645,-0.040698101584068336,0.45664739884393063,173
ai/ai_infrastructure,cop_at,126,-0.012479614648325916,-0.42951391574859565,-0.7275687941214533,0.47058823529411764,170
ai/ai_infrastructure,dist_52w_high,21,0.01993951588048757,1.073731695211035,1.132915173251615,0.5384615384615384,182
ai/ai_infrastructure,dist_52w_high,63,0.0165903125251257,0.6439966367296893,0.056512901701542044,0.5611111111111111,180
ai/ai_infrastructure,dist_52w_high,126,0.03759439603519841,1.0971694593876216,0.48975715871299386,0.576271186440678,177
ai/ai_infrastructure,droe,21,0.02715031589759126,1.9045543950562833,1.786531125891667,0.5487804878048781,164
ai/ai_infrastructure,droe,63,0.04701378637326626,2.0852025640850793,1.7809674502291184,0.5740740740740741,162
ai/ai_infrastructure,droe,126,0.018767680025887447,0.5515039270049956,1.2331414262433122,0.5157232704402516,159
ai/ai_infrastructure,ear_3d,21,-0.008338942937251253,-0.5357617165627433,-0.5342937385125992,0.5113636363636364,176
ai/ai_infrastructure,ear_3d,63,0.00024913408696885115,0.010520648366564288,-0.20647679638097804,0.45977011494252873,174
ai/ai_infrastructure,ear_3d,126,0.014551778600644674,0.6879353827359893,-0.6353064398405276,0.543859649122807,171
ai/ai_infrastructure,gross_profitability,21,0.013742104561370838,0.7478868776329265,0.7637154770721558,0.558282208588957,163
ai/ai_infrastructure,gross_profitability,63,0.027199830971040485,1.101442602407303,0.45467457258711386,0.5962732919254659,161
ai/ai_infrastructure,gross_profitability,126,0.034825992058002034,1.105060806876357,0.4715831520485407,0.5759493670886076,158
ai/ai_infrastructure,idio_vol_60d,21,-0.004287635272124111,-0.2176687999929763,-0.23044258242743546,0.510989010989011,182
ai/ai_infrastructure,idio_vol_60d,63,-0.002070260756075482,-0.08065557387224166,-0.11542605195731669,0.49444444444444446,180
ai/ai_infrastructure,idio_vol_60d,126,0.0009932948420524924,0.03300464899583184,-0.19140549140429594,0.5084745762711864,177
ai/ai_infrastructure,max_ret_21d,21,-0.0201850146860252,-1.1811300432215568,-1.2241341197168583,0.4835164835164835,182
ai/ai_infrastructure,max_ret_21d,63,-0.029638584066276615,-1.311381490714925,-1.0736045799332719,0.4111111111111111,180
ai/ai_infrastructure,max_ret_21d,126,-0.025410680314927877,-1.05544748108311,-0.9157956156484043,0.4689265536723164,177
ai/ai_infrastructure,mom_12_1,21,0.011375188440203486,0.6207716032757028,0.6444562396900237,0.5469613259668509,181
ai/ai_infrastructure,mom_12_1,63,-0.00017360598568445245,-0.00626966489224035,-0.23570827819040363,0.4748603351955307,179
ai/ai_infrastructure,mom_12_1,126,0.030920143696206305,0.8802881429653809,1.0082221301367695,0.5511363636363636,176
ai/ai_infrastructure,profitable_growth,21,-0.010689506445826065,-0.6510067110932679,-0.7018269238498756,0.47368421052631576,171
ai/ai_infrastructure,profitable_growth,63,-0.0016389383398415257,-0.06835851259960479,0.033822674136893806,0.4970414201183432,169
ai/ai_infrastructure,profitable_growth,126,-0.015204498447628594,-0.5372038912306373,-1.3840806868891353,0.4578313253012048,166
ai/ai_infrastructure,share_issuance,21,0.004510977653848616,0.2882080194315021,0.282802623703953,0.4764705882352941,170
ai/ai_infrastructure,share_issuance,63,0.004471189268250427,0.19833749130081954,-0.23748672508656193,0.4583333333333333,168
ai/ai_infrastructure,share_issuance,126,0.012458477431018638,0.435718004418508,-0.6915692919468328,0.48484848484848486,165
ai/ai_infrastructure,sue,21,0.035660599041836,2.8033711708369506,2.7914181597259335,0.5443786982248521,169
ai/ai_infrastructure,sue,63,0.04617245986267764,2.8077772711726294,2.301114139622549,0.6047904191616766,167
ai/ai_infrastructure,sue,126,0.024591569295623426,1.3137495031050352,0.30044753428744103,0.5792682926829268,164
ai/ai_infrastructure,sue_announce,21,0.046959262037422116,2.2802839810558817,2.450886682960953,0.5736434108527132,129
ai/ai_infrastructure,sue_announce,63,0.08047238685854423,2.9435870910315303,2.3709088444161983,0.6220472440944882,127
ai/ai_infrastructure,sue_announce,126,0.09314579920255807,2.5506113427381223,1.3881094025382035,0.6935483870967742,124
ai/ai_software,asset_growth,21,-0.008123685867089522,-0.5089143688226967,-0.512799572481398,0.4722222222222222,108
ai/ai_software,asset_growth,63,-0.007918879251178868,-0.38888216539293946,-0.3767692714690597,0.49056603773584906,106
ai/ai_software,asset_growth,126,-0.0016484040844989465,-0.054211411532303154,0.4880959363377284,0.4854368932038835,103
ai/ai_software,capex_at,21,-0.013905803787698094,-1.1407432677814562,-1.0128761101377748,0.4537037037037037,108
ai/ai_software,capex_at,63,-0.02815772070275744,-1.6455872934367235,-1.5048174869494382,0.4056603773584906,106
ai/ai_software,capex_at,126,-0.02566012614840552,-1.3151502107668154,-0.7476075327803733,0.44660194174757284,103
ai/ai_software,cash_runway_years,21,0.0011508494945027556,0.01994939757196796,0.015428843329273356,0.6,15
ai/ai_software,cash_runway_years,63,0.044114765523434255,0.6242412506695216,-0.3568736928133798,0.6,15
ai/ai_software,cash_runway_years,126,0.013504157643918808,0.20500204315789144,0.9429016873673169,0.42857142857142855,14
ai/ai_software,cop_at,21,0.0005709197190741206,0.041154196295052986,0.03956278723424356,0.5277777777777778,108
ai/ai_software,cop_at,63,0.020067599142907868,0.8487791774730057,1.3177762680908625,0.5660377358490566,106
ai/ai_software,cop_at,126,0.03158386760916438,1.1577015913046693,0.8009639955150962,0.5825242718446602,103
ai/ai_software,dist_52w_high,21,0.006511011324986488,0.3582593605556299,0.36144401253522634,0.5925925925925926,108
ai/ai_software,dist_52w_high,63,-0.0024218403509498783,-0.1003177152741634,-0.812576870655583,0.5,106
ai/ai_software,dist_52w_high,126,0.025421238701487322,1.0568293103756163,0.860666107962381,0.5339805825242718,103
ai/ai_software,droe,21,0.004504931346691728,0.2636072823343407,0.2784959347884945,0.5555555555555556,108
ai/ai_software,droe,63,0.011761579125714468,0.5666083560147104,-0.05391581172038504,0.5094339622641509,106
ai/ai_software,droe,126,-0.015152228347964588,-0.8203170452215838,-0.990585665600236,0.47572815533980584,103
ai/ai_software,ear_3d,21,0.020455670116684043,1.2315248668809156,1.3025844385417615,0.5490196078431373,102
ai/ai_software,ear_3d,63,0.0007280131763826552,0.037759057202082724,-0.6990981430074735,0.54,100
ai/ai_software,ear_3d,126,0.009295679549510077,0.4629467301505332,2.49160497099423,0.5567010309278351,97
ai/ai_software,gross_profitability,21,0.010447842906537158,0.6643133610004623,0.6556656771607607,0.5094339622641509,106
ai/ai_software,gross_profitability,63,0.02846746701124982,1.211169416497866,0.03726613980350248,0.5192307692307693,104
ai/ai_software,gross_profitability,126,0.05434583399394328,1.6942351538306166,1.0455457472208196,0.5841584158415841,101
ai/ai_software,idio_vol_60d,21,0.027951460240669777,1.6895118540470093,1.6389577261355994,0.5555555555555556,108
ai/ai_software,idio_vol_60d,63,0.037478453718074206,1.7978391198496373,0.4423791112348494,0.5943396226415094,106
ai/ai_software,idio_vol_60d,126,0.04892603370517164,1.689716748500461,0.9093436401906491,0.6116504854368932,103
ai/ai_software,max_ret_21d,21,0.01262946313690291,0.8206428009038313,0.8320191670630513,0.5185185185185185,108
ai/ai_software,max_ret_21d,63,0.022890796207215323,1.3051988031825386,0.8071450983732592,0.5,106
ai/ai_software,max_ret_21d,126,0.023079633137736637,1.1618126983232229,0.6302998270817705,0.47572815533980584,103
ai/ai_software,mom_12_1,21,0.0010735722385163656,0.05596957902333587,0.055682847062988365,0.5555555555555556,108
ai/ai_software,mom_12_1,63,-0.008354666956875716,-0.34779002683113786,-0.09749469983988472,0.5,106
ai/ai_software,mom_12_1,126,0.004682426137502625,0.18342121101154718,0.037051857680463596,0.4854368932038835,103
ai/ai_software,profitable_growth,21,-0.014490443065167535,-0.7291543740117853,-0.7521304854634572,0.4392523364485981,107
ai/ai_software,profitable_growth,63,-0.0299385211369797,-0.9781984390240989,-0.6041475516721364,0.44761904761904764,105
ai/ai_software,profitable_growth,126,-0.050560399773234906,-1.379543246668078,-1.1786555434992074,0.4019607843137255,102
ai/ai_software,share_issuance,21,0.027303922629039832,1.2455759461823577,1.3041577205922907,0.5462962962962963,108
ai/ai_software,share_issuance,63,0.020750230479843233,0.6931132641387319,1.395098716519244,0.5471698113207547,106
ai/ai_software,share_issuance,126,0.047497243769733806,1.218550036326015,1.3923675643935853,0.5922330097087378,103
ai/ai_software,sue,21,-0.0018395957799889437,-0.10967508697376471,-0.10696952727675674,0.5,108
ai/ai_software,sue,63,-0.011701802875946746,-0.7269613108621926,-0.5801520989355688,0.4528301886792453,106
ai/ai_software,sue,126,-0.03485234153664743,-1.7025918853334259,-0.374161307089507,0.4174757281553398,103
ai/ai_software,sue_announce,21,0.018942908303234866,1.1795461001383012,1.1502745408114847,0.5384615384615384,91
ai/ai_software,sue_announce,63,0.03433349246593838,1.65659184803801,0.787030797590423,0.5842696629213483,89
ai/ai_software,sue_announce,126,0.0015848947793819868,0.06523291818697217,-0.9517741503450534,0.5348837209302325,86
semiconductors,asset_growth,21,0.0016814374127692728,0.1359649862845415,0.13771547641932091,0.4861878453038674,181
semiconductors,asset_growth,63,-0.010915952031428621,-0.5440231820969145,-0.9879898312683918,0.4972067039106145,179
semiconductors,asset_growth,126,-0.007094398025800255,-0.28287243405603657,-1.218129727012385,0.48295454545454547,176
semiconductors,capex_at,21,0.0018519577209477947,0.16520019639393,0.16542398850716064,0.5384615384615384,182
semiconductors,capex_at,63,0.002470402707323847,0.14115648014688234,-0.3925448778410982,0.49444444444444446,180
semiconductors,capex_at,126,-0.0008656698146383491,-0.03449131474534591,0.08498840617197845,0.5141242937853108,177
semiconductors,cash_runway_years,21,,,0.12843455150640173,0.4,5
semiconductors,cash_runway_years,63,,,,0.0,3
semiconductors,cop_at,21,0.008827298021055915,0.7062331048716067,0.7284741650307828,0.5494505494505495,182
semiconductors,cop_at,63,0.005846513417848184,0.3319487776981805,0.8796246856393795,0.5111111111111111,180
semiconductors,cop_at,126,0.007867721919178077,0.4268501630008059,0.22268905985484802,0.5480225988700564,177
semiconductors,dist_52w_high,21,-0.0019820646232615877,-0.15004877318502613,-0.15314965468805386,0.510989010989011,182
semiconductors,dist_52w_high,63,0.02023376843565522,1.1887603772890218,1.0435069288086007,0.5333333333333333,180
semiconductors,dist_52w_high,126,0.020659770051700357,0.9618409261678477,1.1602146191955245,0.5536723163841808,177
semiconductors,droe,21,-0.009890420486343934,-0.8486142485294674,-0.8575146257786566,0.46408839779005523,181
semiconductors,droe,63,-0.02652487443189268,-1.6057699401164602,-1.157236534841978,0.45251396648044695,179
semiconductors,droe,126,-0.01995969217574312,-1.059983171593863,-0.9127476869660579,0.44886363636363635,176
semiconductors,ear_3d,21,0.0018935242625388946,0.16168487744768817,0.16759444186585717,0.4945054945054945,182
semiconductors,ear_3d,63,0.01751390637495793,1.0793433556565533,-0.714941245913506,0.5555555555555556,180
semiconductors,ear_3d,126,0.012827536757499846,0.6697274918316957,-0.48631547031203315,0.5254237288135594,177
semiconductors,gross_profitability,21,-0.004856092071815064,-0.41259170203025985,-0.4308948245866084,0.4835164835164835,182
semiconductors,gross_profitability,63,-0.0059272016720231056,-0.30568434085795254,0.16877905645802185,0.4888888888888889,180
semiconductors,gross_profitability,126,-0.00805613555687892,-0.31198605993731526,-0.3258401465738963,0.5028248587570622,177
semiconductors,idio_vol_60d,21,0.017056630281840863,1.3249176363159036,1.2836429450101685,0.5274725274725275,182
semiconductors,idio_vol_60d,63,0.03570779160360897,1.9610442725521284,0.9001879546339538,0.5833333333333334,180
semiconductors,idio_vol_60d,126,0.052116873000408695,2.4465334418507974,1.0053382013815884,0.655367231638418,177
semiconductors,max_ret_21d,21,0.024689607982419048,2.100239473978229,1.96275330818483,0.5769230769230769,182
semiconductors,max_ret_21d,63,0.025271841655071736,1.5770014890438007,0.7405270242401014,0.5333333333333333,180
semiconductors,max_ret_21d,126,0.011508352091802437,0.6610766269906124,0.4318669658309351,0.5141242937853108,177
semiconductors,mom_12_1,21,5.9706809911698783e-05,0.0043871698183365,0.004242815085591329,0.489010989010989,182
semiconductors,mom_12_1,63,-0.006383856895616116,-0.39680691479230923,-0.5712710299969826,0.5,180
semiconductors,mom_12_1,126,-0.01779481337840035,-1.09738364065721,-0.819768905690493,0.4689265536723164,177
semiconductors,profitable_growth,21,-0.012166498407267759,-0.9876159311188223,-0.9421423032893504,0.44505494505494503,182
semiconductors,profitable_growth,63,-0.01037238214277758,-0.5495659389289997,0.204850869525781,0.45,180
semiconductors,profitable_growth,126,-0.009814954858285513,-0.3935481496468624,-0.9776178187750971,0.4632768361581921,177
semiconductors,share_issuance,21,0.006238521882108945,0.48643502110184467,0.5054634011471903,0.5193370165745856,181
semiconductors,share_issuance,63,0.004311984005477149,0.24184792841960437,0.04283216759329446,0.5139664804469274,179
semiconductors,share_issuance,126,0.0028973494011029803,0.1416627699031898,-0.317360766628604,0.5511363636363636,176
semiconductors,sue,21,-0.014334536995445115,-1.147204399072615,-1.122571739807825,0.47752808988764045,178
semiconductors,sue,63,-0.0225532718508511,-1.2113502203953488,-0.6274644691356706,0.44886363636363635,176
semiconductors,sue,126,-0.0239211290084782,-1.0418653539427523,-0.7619540197379739,0.4624277456647399,173
semiconductors,sue_announce,21,-0.014662368746824795,-1.0307696244904583,-0.994222623047765,0.44505494505494503,182
semiconductors,sue_announce,63,-0.009473388717301546,-0.4361587082830052,-0.5713678657351491,0.49444444444444446,180
semiconductors,sue_announce,126,-0.012355712839086206,-0.42191055117157655,-0.8110555927135403,0.4293785310734463,177
semiconductors/semis_all,asset_growth,21,-0.0012745892373698644,-0.09023868814406809,-0.0910662017388954,0.5027624309392266,181
semiconductors/semis_all,asset_growth,63,-0.014073676428978043,-0.634027769608265,-1.3923738076984913,0.48044692737430167,179
semiconductors/semis_all,asset_growth,126,-0.00882171625533316,-0.3202279173756751,-1.5402612231706083,0.4772727272727273,176
semiconductors/semis_all,capex_at,21,-0.0008969826974460689,-0.07326465431318743,-0.07522686367597405,0.5384615384615384,182
semiconductors/semis_all,capex_at,63,-0.0007639101374079066,-0.03806202445319593,-0.42536891515602043,0.5,180
semiconductors/semis_all,capex_at,126,-0.01021409081293491,-0.34895587345026274,-0.42505266624027976,0.4745762711864407,177
semiconductors/semis_all,cash_runway_years,21,,,,0.0,2
semiconductors/semis_all,cash_runway_years,63,,,,0.0,2
semiconductors/semis_all,cop_at,21,0.010943290015919198,0.7643643980459577,0.815491287794793,0.5494505494505495,182
semiconductors/semis_all,cop_at,63,0.009889999703097693,0.4644042371220693,0.5018278923438853,0.5388888888888889,180
semiconductors/semis_all,cop_at,126,0.01108874455597763,0.46264340562553585,1.01308888268364,0.5536723163841808,177
semiconductors/semis_all,dist_52w_high,21,0.00424647091720903,0.3047442121674912,0.3096630709296838,0.521978021978022,182
semiconductors/semis_all,dist_52w_high,63,0.035470245135743816,1.9532782457036837,1.535586689987913,0.5888888888888889,180
semiconductors/semis_all,dist_52w_high,126,0.02614592330345282,1.0024519553864535,1.1545574437277613,0.5480225988700564,177
semiconductors/semis_all,droe,21,-0.010381668464078762,-0.7667016788429593,-0.7731082365803378,0.4696132596685083,181
semiconductors/semis_all,droe,63,-0.03399464889211079,-1.6767132836911884,-1.126418185465085,0.441340782122905,179
semiconductors/semis_all,droe,126,-0.031426444283475845,-1.3695204832363104,-0.8360895061106163,0.44886363636363635,176
semiconductors/semis_all,ear_3d,21,0.0043384939243058624,0.34884033646057244,0.36131195127354415,0.5,182
semiconductors/semis_all,ear_3d,63,0.016580297284178404,1.0134766391487133,-0.6714575859844513,0.5277777777777778,180
semiconductors/semis_all,ear_3d,126,0.013594198485881776,0.6052286567633578,0.07368139567319378,0.5028248587570622,177
semiconductors/semis_all,gross_profitability,21,-0.008431117981114324,-0.639444150194252,-0.670654773836738,0.4945054945054945,182
semiconductors/semis_all,gross_profitability,63,-0.018459047537182086,-0.8596981788990623,-0.46546692064768513,0.4722222222222222,180
semiconductors/semis_all,gross_profitability,126,-0.02302757997876867,-0.8355720597096414,-0.47602854875357337,0.4858757062146893,177
semiconductors/semis_all,idio_vol_60d,21,0.01791409147699661,1.232648554372573,1.1905954886392602,0.5,182
semiconductors/semis_all,idio_vol_60d,63,0.044381159528934365,2.2398864770199247,1.4415011346726552,0.5944444444444444,180
semiconductors/semis_all,idio_vol_60d,126,0.06231745789944265,2.653852982992066,1.4554708247470458,0.615819209039548,177
semiconductors/semis_all,max_ret_21d,21,0.027475596914800445,2.0190226312875974,1.9987949893571306,0.5164835164835165,182
semiconductors/semis_all,max_ret_21d,63,0.025927463438244657,1.4635951381895416,0.7308647892673589,0.5222222222222223,180
semiconductors/semis_all,max_ret_21d,126,0.0197590328493505,1.0452475522941278,0.34690426287309706,0.6101694915254238,177
semiconductors/semis_all,mom_12_1,21,-0.001055680923905946,-0.07184973345690703,-0.06974081750953047,0.5054945054945055,182
semiconductors/semis_all,mom_12_1,63,-0.018544733113480767,-0.9876977225533592,-1.4506839377273766,0.48333333333333334,180
semiconductors/semis_all,mom_12_1,126,-0.029453765806856293,-1.4670294853129158,-1.4431104596348778,0.4519774011299435,177
semiconductors/semis_all,profitable_growth,21,-0.01122893741765673,-0.8507117730130495,-0.8245213410508264,0.4835164835164835,182
semiconductors/semis_all,profitable_growth,63,-0.013471369442193942,-0.697185003374513,-0.3946799710399078,0.4444444444444444,180
semiconductors/semis_all,profitable_growth,126,-0.016819970284160976,-0.6345523568138931,-1.3150873530472178,0.423728813559322,177
semiconductors/semis_all,share_issuance,21,-0.0005145653840978293,-0.036661303069134635,-0.037805393258619674,0.5193370165745856,181
semiconductors/semis_all,share_issuance,63,-0.006409516045810394,-0.34899335389799374,-0.576552596849467,0.49162011173184356,179
semiconductors/semis_all,share_issuance,126,-0.01162083973594273,-0.5516436265217259,-1.0600451602077419,0.5340909090909091,176
semiconductors/semis_all,sue,21,-0.014875574167992508,-1.023159474166285,-1.0130615929452083,0.449438202247191,178
semiconductors/semis_all,sue,63,-0.027706809532205525,-1.3350121030479531,-0.9123762144664807,0.4602272727272727,176
semiconductors/semis_all,sue,126,-0.027134931954358704,-1.104260208734432,-1.0991522812936676,0.5086705202312138,173
semiconductors/semis_all,sue_announce,21,-0.018982956742084122,-1.2245685650425346,-1.1772129897364425,0.47513812154696133,181
semiconductors/semis_all,sue_announce,63,-0.0015302084282303398,-0.06203336952067276,0.1853884594493136,0.5251396648044693,179
semiconductors/semis_all,sue_announce,126,0.012981732849536404,0.39040107117631845,0.08075640165242824,0.5170454545454546,176
cyber_cloud,asset_growth,21,-0.01871934010414074,-1.3691228612800694,-1.4395192810129356,0.43646408839779005,181
cyber_cloud,asset_growth,63,-0.030892452114994556,-1.6040397011382004,-1.1011448767577643,0.39664804469273746,179
cyber_cloud,asset_growth,126,-0.024793587951861706,-1.0785993519213846,-0.5266645145595077,0.4090909090909091,176
cyber_cloud,capex_at,21,-0.017638353634096906,-1.6927578135615262,-1.6578910404833616,0.4632768361581921,177
cyber_cloud,capex_at,63,-0.02721458798330757,-1.7807573789754871,-1.0243419974460986,0.4228571428571429,175
cyber_cloud,capex_at,126,-0.020577813374728072,-1.033634113715681,-1.5736703201217397,0.38372093023255816,172
cyber_cloud,cash_runway_years,21,0.011459240133914361,0.298762309714288,0.310964888606325,0.5833333333333334,48
cyber_cloud,cash_runway_years,63,0.04588782363254573,0.9285917840419353,0.9208944120119896,0.5833333333333334,48
cyber_cloud,cash_runway_years,126,0.029260466854826122,0.5361959283702796,0.8065246812429789,0.5208333333333334,48
cyber_cloud,cop_at,21,0.0100974081642766,1.0061524606753651,0.9974725777329387,0.5027624309392266,181
cyber_cloud,cop_at,63,0.011608985484426551,0.66566313387406,0.7572599629655212,0.4972067039106145,179
cyber_cloud,cop_at,126,0.007018777366048052,0.32059296790001446,0.6382827281467167,0.5227272727272727,176
cyber_cloud,dist_52w_high,21,0.0006736016355066557,0.05340816324508892,0.052153830176796326,0.5580110497237569,181
cyber_cloud,dist_52w_high,63,-0.006688110474538012,-0.38975536711032677,0.20736321755867432,0.4692737430167598,179
cyber_cloud,dist_52w_high,126,0.014978843000720742,0.7576792941450454,0.8336660360387805,0.5795454545454546,176
cyber_cloud,droe,21,-0.015009614555858447,-1.359621693309593,-1.3261333701965452,0.4419889502762431,181
cyber_cloud,droe,63,-0.006342143314989311,-0.38322720908264946,-0.7345729703712764,0.49162011173184356,179
cyber_cloud,droe,126,-0.010242607319848818,-0.562613938294024,-0.9626494275584058,0.48295454545454547,176
cyber_cloud,ear_3d,21,0.009009362198525406,0.8528291444329034,0.8161603209026894,0.5414364640883977,181
cyber_cloud,ear_3d,63,0.010926599866705139,0.7847576563853851,0.46819221250789994,0.547486033519553,179
cyber_cloud,ear_3d,126,0.004842700776051291,0.31347613541923686,-0.4946438531980365,0.5170454545454546,176
cyber_cloud,gross_profitability,21,0.013925588876000866,1.3535415003929547,1.2754524292143643,0.5649717514124294,177
cyber_cloud,gross_profitability,63,0.01595670731498953,0.962818612746206,0.9458942128670031,0.5828571428571429,175
cyber_cloud,gross_profitability,126,0.003216191258375392,0.12471088986163383,-0.11686537138112059,0.5232558139534884,172
cyber_cloud,idio_vol_60d,21,0.005105795175740541,0.3938709038906583,0.402670249985913,0.5303867403314917,181
cyber_cloud,idio_vol_60d,63,0.011431316612477612,0.708656221167753,0.5715919491068142,0.5083798882681564,179
cyber_cloud,idio_vol_60d,126,0.0321428486871781,1.5921405650639542,1.1057689941404798,0.6193181818181818,176
cyber_cloud,max_ret_21d,21,0.00213078639838815,0.1770529801985833,0.1782226189292543,0.5248618784530387,181
cyber_cloud,max_ret_21d,63,0.008500382657226543,0.6191887873783656,0.5139944700549347,0.4860335195530726,179
cyber_cloud,max_ret_21d,126,0.01708116063614293,1.1769729164652176,0.7320331389401342,0.5340909090909091,176
cyber_cloud,mom_12_1,21,0.00729788192734512,0.5416766460407392,0.5311898061905055,0.5414364640883977,181
cyber_cloud,mom_12_1,63,0.005587173379229548,0.31783350096326274,0.2824212068505476,0.5363128491620112,179
cyber_cloud,mom_12_1,126,0.003938312883233954,0.17821824264390373,0.09623548999904863,0.5227272727272727,176
cyber_cloud,profitable_growth,21,0.013338590969681907,0.9037724937932834,0.9126176098853084,0.5193370165745856,181
cyber_cloud,profitable_growth,63,0.01671597667042837,0.7995299449207909,0.8676643571544712,0.5810055865921788,179
cyber_cloud,profitable_growth,126,0.006486652590201677,0.23809517033866817,0.8462636061867213,0.48863636363636365,176
cyber_cloud,share_issuance,21,0.004610138673179337,0.29602564021073335,0.3227446292762947,0.5224719101123596,178
cyber_cloud,share_issuance,63,0.013084101218510875,0.5771927762308854,0.9743674610097122,0.5,176
cyber_cloud,share_issuance,126,0.030517792414380518,0.9567406532673414,0.5450142343536067,0.5086705202312138,173
cyber_cloud,sue,21,-0.007868032925422435,-0.7517340370991155,-0.756853363690591,0.48314606741573035,178
cyber_cloud,sue,63,-0.013006328908750902,-0.8362828458406854,-0.6225815025927018,0.48863636363636365,176
cyber_cloud,sue,126,-0.018787988482244805,-1.1164196328751392,0.03712733115421479,0.4161849710982659,173
cyber_cloud,sue_announce,21,0.021740024067602868,1.5360599331949862,1.677725406609004,0.5535714285714286,168
cyber_cloud,sue_announce,63,0.02110621296869442,0.9842927977324958,0.5541699714936509,0.5301204819277109,166
cyber_cloud,sue_announce,126,0.017253293917649237,0.5908453779478936,0.31441954867170185,0.5276073619631901,163
cyber_cloud/cloud_saas,asset_growth,21,-0.014074227807195548,-1.0112409972335832,-1.0731111033731204,0.441340782122905,179
cyber_cloud/cloud_saas,asset_growth,63,-0.022928151057118096,-1.114518703897023,-0.6793586478477149,0.4180790960451977,177
cyber_cloud/cloud_saas,asset_growth,126,-0.018473516677631526,-0.7571540741314793,-0.5696391364563468,0.41954022988505746,174
cyber_cloud/cloud_saas,capex_at,21,-0.012049311991213507,-1.1490155546594265,-1.1026311844054357,0.4228571428571429,175
cyber_cloud/cloud_saas,capex_at,63,-0.009254443345073993,-0.6384464864268525,-1.0369685385568226,0.4393063583815029,173
cyber_cloud/cloud_saas,capex_at,126,0.0009716821879241938,0.05118140706748057,0.6377644200062743,0.48823529411764705,170
cyber_cloud/cloud_saas,cash_runway_years,21,0.014339872367934773,0.37058375580797986,0.3928871998905896,0.5952380952380952,42
cyber_cloud/cloud_saas,cash_runway_years,63,0.04582072983577506,0.8292199804049957,0.8035707960884055,0.6190476190476191,42
cyber_cloud/cloud_saas,cash_runway_years,126,0.031865567575213305,0.500232029681229,0.6493111145752912,0.47619047619047616,42
cyber_cloud/cloud_saas,cop_at,21,0.009393942390620936,0.8897246880993329,0.8638692262356349,0.5027624309392266,181
cyber_cloud/cloud_saas,cop_at,63,0.008351902397210755,0.4527000289004093,0.7480787812918013,0.5251396648044693,179
cyber_cloud/cloud_saas,cop_at,126,0.00348482952483487,0.15795707149707253,0.09624273989572252,0.5113636363636364,176
cyber_cloud/cloud_saas,dist_52w_high,21,-0.0007482054193170203,-0.054228698845075744,-0.054008508633958535,0.5469613259668509,181
cyber_cloud/cloud_saas,dist_52w_high,63,-0.0059872955588484485,-0.3107489396017766,0.2547310418603593,0.5083798882681564,179
cyber_cloud/cloud_saas,dist_52w_high,126,0.016576706318818128,0.7484186708004845,0.7331331559834618,0.5681818181818182,176
cyber_cloud/cloud_saas,droe,21,-0.016868271497460268,-1.3398232391413738,-1.3607707127317432,0.4581005586592179,179
cyber_cloud/cloud_saas,droe,63,-0.00654721788703514,-0.3408673244877224,0.3080085386801695,0.5254237288135594,177
cyber_cloud/cloud_saas,droe,126,-0.013692184201722982,-0.6178846303611013,-0.9784442761232991,0.47701149425287354,174
cyber_cloud/cloud_saas,ear_3d,21,0.007590734272507869,0.6723740650667496,0.6551269762761142,0.5082872928176796,181
cyber_cloud/cloud_saas,ear_3d,63,0.012618505863678117,0.8302612081750684,0.5283840637219673,0.553072625698324,179
cyber_cloud/cloud_saas,ear_3d,126,0.007529876055319076,0.4790974798490287,-0.08507094877378349,0.5340909090909091,176
cyber_cloud/cloud_saas,gross_profitability,21,0.01128062865759665,1.0552548078597874,1.0232715957554748,0.5371428571428571,175
cyber_cloud/cloud_saas,gross_profitability,63,0.009166365412663545,0.5363038027460337,0.41547217081365706,0.6011560693641619,173
cyber_cloud/cloud_saas,gross_profitability,126,-0.00035808312533410836,-0.014611349373262904,0.35579153125691393,0.5117647058823529,170
cyber_cloud/cloud_saas,idio_vol_60d,21,0.008329143700778476,0.6224751589431619,0.6355036706168544,0.5359116022099447,181
cyber_cloud/cloud_saas,idio_vol_60d,63,0.012961882366708137,0.7816284499953291,0.613458430951813,0.5251396648044693,179
cyber_cloud/cloud_saas,idio_vol_60d,126,0.0327610836395646,1.6139087386030035,1.4860688005209401,0.5909090909090909,176
cyber_cloud/cloud_saas,max_ret_21d,21,0.003643387923864689,0.2907019994744278,0.293089374868008,0.5193370165745856,181
cyber_cloud/cloud_saas,max_ret_21d,63,0.008135932892418762,0.5801897934037269,0.2742015064521137,0.48044692737430167,179
cyber_cloud/cloud_saas,max_ret_21d,126,0.01530138078859266,1.0393117151955342,0.7914693360493724,0.5397727272727273,176
cyber_cloud/cloud_saas,mom_12_1,21,0.007191708144762134,0.5421695505020021,0.528351296374788,0.56353591160221,181
cyber_cloud/cloud_saas,mom_12_1,63,0.009096968280849087,0.5000212899110739,0.17104849760778074,0.5363128491620112,179
cyber_cloud/cloud_saas,mom_12_1,126,0.0027626817813348344,0.118879962197594,-0.07652518871225891,0.4943181818181818,176
cyber_cloud/cloud_saas,profitable_growth,21,0.002868957258464375,0.19062324666416364,0.1930278523612458,0.4972375690607735,181
cyber_cloud/cloud_saas,profitable_growth,63,0.0037704390916570804,0.16822880537850565,0.36479612328738126,0.5363128491620112,179
cyber_cloud/cloud_saas,profitable_growth,126,-0.007818179033229594,-0.2618727833144218,-0.03815596330908251,0.44886363636363635,176
cyber_cloud/cloud_saas,share_issuance,21,0.012361029066354097,0.7792734665565605,0.8527815184747433,0.5257142857142857,175
cyber_cloud/cloud_saas,share_issuance,63,0.020798156964515094,0.9099673692635442,1.014542433817514,0.5549132947976878,173
cyber_cloud/cloud_saas,share_issuance,126,0.04458880249933781,1.3804365446184046,1.3390104644022551,0.5411764705882353,170
cyber_cloud/cloud_saas,sue,21,-0.002979132701767218,-0.26236124397557176,-0.2735471765953213,0.4971751412429379,177
cyber_cloud/cloud_saas,sue,63,-0.005796079359722547,-0.34312081710304504,-1.010075032175328,0.5371428571428571,175
cyber_cloud/cloud_saas,sue,126,-0.009096608787950551,-0.5227837338996093,-0.5073584420455168,0.46511627906976744,172
cyber_cloud/cloud_saas,sue_announce,21,0.020959532811238513,1.398712204517146,1.5306175488101177,0.5542168674698795,166
cyber_cloud/cloud_saas,sue_announce,63,0.024159308206649067,1.106932108265684,0.8026284354073576,0.5487804878048781,164
cyber_cloud/cloud_saas,sue_announce,126,0.022767738156380096,0.7506752038855745,0.8175959800752748,0.5279503105590062,161
defense_space,asset_growth,21,-0.006792477237168221,-0.5532831313267724,-0.5663192593573579,0.5054945054945055,182
defense_space,asset_growth,63,-0.025319841206248344,-1.3687752888536715,-1.6100558485745922,0.42777777777777776,180
defense_space,asset_growth,126,-0.02929959307906147,-1.249136063359072,-1.1970659685651581,0.4124293785310734,177
defense_space,capex_at,21,0.018152682557718083,1.854424608780537,1.7894870014523199,0.5989010989010989,182
defense_space,capex_at,63,0.017711857610166568,1.0736322341097713,1.0503065834096934,0.5333333333333333,180
defense_space,capex_at,126,0.03716365565059479,1.6694059224815774,2.219271317350973,0.5819209039548022,177
defense_space,cash_runway_years,21,0.005847427111044031,0.13400262718892947,0.12754423225130376,0.5555555555555556,27
defense_space,cash_runway_years,63,0.055440018497814395,1.0438519856697726,0.02296418552887445,0.52,25
defense_space,cash_runway_years,126,0.0979749576892464,1.0094460947922517,1.4175266364158514,0.6363636363636364,22
defense_space,cop_at,21,-0.040245702989935746,-3.2713757073345096,-3.3718203532082645,0.41208791208791207,182
defense_space,cop_at,63,-0.06440491836919435,-3.7529627287399987,-3.2437648649512147,0.34444444444444444,180
defense_space,cop_at,126,-0.059903896140448075,-3.0395913488440236,-2.855851741153061,0.3389830508474576,177
defense_space,dist_52w_high,21,0.013030667598224377,1.0084483521538423,1.0067521318338486,0.5879120879120879,182
defense_space,dist_52w_high,63,0.026138948869578824,1.5412079425016763,1.250251181323043,0.5722222222222222,180
defense_space,dist_52w_high,126,0.049003144464581205,2.6035984003335804,1.589692751260815,0.672316384180791,177
defense_space,droe,21,-0.005117583615905034,-0.4442664737538117,-0.42421281655263493,0.489010989010989,182
defense_space,droe,63,-0.003380290992901348,-0.23139197383775992,0.0868877756793491,0.48333333333333334,180
defense_space,droe,126,-0.007074051276768079,-0.38487836707364154,0.2565417654805438,0.4519774011299435,177
defense_space,ear_3d,21,-0.006702143346945738,-0.5335340453334412,-0.4964218593163335,0.4945054945054945,182
defense_space,ear_3d,63,-0.018994961234946723,-1.0140019182259612,-0.5120322227227442,0.5,180
defense_space,ear_3d,126,0.021939659124526775,1.1315877591465682,-0.028741519904453786,0.6045197740112994,177
defense_space,gross_profitability,21,-0.006924760263199263,-0.5622376752429683,-0.5415376586596333,0.4835164835164835,182
defense_space,gross_profitability,63,-0.004290973421346892,-0.25776357046048654,-0.5783243943794512,0.4888888888888889,180
defense_space,gross_profitability,126,-0.007660210448970473,-0.3339552826882023,-0.22485475629390703,0.4745762711864407,177
defense_space,idio_vol_60d,21,0.03775884491012922,2.84637878867037,2.9881849209259,0.5989010989010989,182
defense_space,idio_vol_60d,63,0.042969554813880796,2.382874291970939,2.372362254698427,0.6,180
defense_space,idio_vol_60d,126,0.03871443441173945,1.6439971449587103,1.9979542938652908,0.5932203389830508,177
defense_space,max_ret_21d,21,0.03256322292138555,2.348732238948731,2.448423651258925,0.6208791208791209,182
defense_space,max_ret_21d,63,0.032700378538574756,1.921574599389455,1.6796357321722397,0.5777777777777777,180
defense_space,max_ret_21d,126,0.018467903178171628,0.9225790407959233,0.243960805541811,0.5536723163841808,177
defense_space,mom_12_1,21,-0.0021633288774742833,-0.16458890373793011,-0.15609986512182286,0.510989010989011,182
defense_space,mom_12_1,63,0.00718053808255557,0.5531775609238814,-0.22749091507756425,0.5444444444444444,180
defense_space,mom_12_1,126,0.00996141794594909,0.6400106231838117,0.25450188832695175,0.519774011299435,177
defense_space,profitable_growth,21,-0.0069129184385896885,-0.5403316538255517,-0.5529023942374489,0.4835164835164835,182
defense_space,profitable_growth,63,0.005252001342644166,0.2879351187839633,-0.24643601264119078,0.49444444444444446,180
defense_space,profitable_growth,126,-0.00357299712886718,-0.14699475515579116,0.25535552165961395,0.4971751412429379,177
defense_space,share_issuance,21,0.00752715438596992,0.6330061334589505,0.6301685332347158,0.5274725274725275,182
defense_space,share_issuance,63,-0.011356076983809015,-0.7362484174964948,-0.6788849179981625,0.45,180
defense_space,share_issuance,126,-0.017645541426304794,-1.1181042795354832,-0.3420617291406585,0.4406779661016949,177
defense_space,sue,21,-0.014814010762883427,-1.1899670926819355,-1.2115824476337116,0.46153846153846156,182
defense_space,sue,63,-0.0212295857485423,-1.1568976897225136,-0.24648221093277844,0.45,180
defense_space,sue,126,-0.012762432002290443,-0.6326107383087664,0.6553229528849381,0.5141242937853108,177
defense_space,sue_announce,21,0.010627769018742407,0.902586390755696,0.8446041815679101,0.510989010989011,182
defense_space,sue_announce,63,0.01879190752243268,1.0743167897885952,2.2477341966787843,0.5611111111111111,180
defense_space,sue_announce,126,0.022559685683223266,0.9793983892406617,1.2615438898255913,0.5932203389830508,177
defense_space/defense,asset_growth,21,-0.00526461007451511,-0.3565256380893672,-0.352448476272865,0.510989010989011,182
defense_space/defense,asset_growth,63,-0.002877019406337726,-0.13701822317765136,-0.27543125679106645,0.4722222222222222,180
defense_space/defense,asset_growth,126,0.00023989498394368116,0.008784090209771223,-0.5183334560841436,0.5084745762711864,177
defense_space/defense,capex_at,21,0.027326992078528647,2.244729658496939,2.208186838800678,0.554945054945055,182
defense_space/defense,capex_at,63,0.02812410140630783,1.5433256478280977,0.9729838662234589,0.5444444444444444,180
defense_space/defense,capex_at,126,0.04255643611516133,1.8747215885860016,1.9985888225258466,0.559322033898305,177
defense_space/defense,cop_at,21,-0.03421197394122411,-2.182692580703888,-2.316187970206556,0.4725274725274725,182
defense_space/defense,cop_at,63,-0.06648004183970489,-3.032207047187403,-2.309518038596334,0.38333333333333336,180
defense_space/defense,cop_at,126,-0.07831083446347353,-2.835800413955681,-2.3841322173654786,0.3333333333333333,177
defense_space/defense,dist_52w_high,21,0.008656151700647534,0.5425085148033523,0.5425251380612015,0.5494505494505495,182
defense_space/defense,dist_52w_high,63,0.023007174240983704,1.2530254451303817,1.2131153272115074,0.5277777777777778,180
defense_space/defense,dist_52w_high,126,0.057962563292814503,2.527125428105709,1.3382622662065198,0.6271186440677966,177
defense_space/defense,droe,21,-0.0060884195662150534,-0.4297243227938269,-0.4338308960858735,0.45604395604395603,182
defense_space/defense,droe,63,-0.015285647572527705,-0.7446467534070801,-0.1477630391893048,0.4777777777777778,180
defense_space/defense,droe,126,-0.02258732556506561,-0.8433511383681774,-0.5824318854845587,0.4576271186440678,177
defense_space/defense,ear_3d,21,-0.009271494689109571,-0.6101861056583893,-0.6056273256864686,0.4835164835164835,182
defense_space/defense,ear_3d,63,-0.034469613199688,-1.7383870535061388,-0.1985477503831008,0.43333333333333335,180
defense_space/defense,ear_3d,126,-0.0033394320315817873,-0.17596932405497126,0.41423649986332345,0.4632768361581921,177
defense_space/defense,gross_profitability,21,-0.008211672346420314,-0.5638832443714775,-0.5405853116273519,0.5,182
defense_space/defense,gross_profitability,63,-0.012963898806248311,-0.6059813990470018,-0.7902703765092978,0.4888888888888889,180
defense_space/defense,gross_profitability,126,-0.016904121236139,-0.5503343710744978,-0.27651126717508967,0.4632768361581921,177
defense_space/defense,idio_vol_60d,21,0.03442769212583096,2.04811293953007,2.188120315490989,0.5659340659340659,182
defense_space/defense,idio_vol_60d,63,0.0373634833588993,1.6737697179051316,1.5788658292616957,0.6055555555555555,180
defense_space/defense,idio_vol_60d,126,0.0361190220710901,1.2025901255551814,1.5919969625908499,0.5536723163841808,177
defense_space/defense,max_ret_21d,21,0.02928663465626579,1.801094736517353,1.896355706520283,0.5714285714285714,182
defense_space/defense,max_ret_21d,63,0.03347341928278868,1.9190152351851801,1.1637420855348224,0.6166666666666667,180
defense_space/defense,max_ret_21d,126,0.023317520364356446,1.0970082030422537,0.9847653709974242,0.5480225988700564,177
defense_space/defense,mom_12_1,21,0.006187139471051429,0.39097937813933464,0.36850098798919756,0.5054945054945055,182
defense_space/defense,mom_12_1,63,0.012448918346910837,0.8452498158077939,0.6587394255176457,0.5222222222222223,180
defense_space/defense,mom_12_1,126,0.013312214476916174,0.8312146530832456,0.629511413027145,0.536723163841808,177
defense_space/defense,profitable_growth,21,-0.0021367064566694275,-0.14296544599213049,-0.1472503894466983,0.521978021978022,182
defense_space/defense,profitable_growth,63,0.009222123943887058,0.4236321065525696,0.3810308784256079,0.5055555555555555,180
defense_space/defense,profitable_growth,126,0.0039422211357493546,0.13192400960094983,-0.23326639895976414,0.4971751412429379,177
defense_space/defense,share_issuance,21,0.007019951367979165,0.5107385152969529,0.4977088781058124,0.5494505494505495,182
defense_space/defense,share_issuance,63,-0.0017786052218716493,-0.09520803504231505,-0.3303843704478785,0.5166666666666667,180
defense_space/defense,share_issuance,126,-0.0030462045375785397,-0.12974363205003503,-0.5282193787802243,0.4745762711864407,177
defense_space/defense,sue,21,-0.013692910727151071,-0.9559963069885399,-0.9891950304529967,0.47191011235955055,178
defense_space/defense,sue,63,-0.024305373057735603,-1.168689459528453,-0.7203607626449956,0.45454545454545453,176
defense_space/defense,sue,126,-0.015612872504420719,-0.5760407429129518,-0.9192359620556674,0.4797687861271676,173
defense_space/defense,sue_announce,21,0.01757193321625579,1.2593509408949402,1.185430007614595,0.56353591160221,181
defense_space/defense,sue_announce,63,0.03534945757923942,1.723842562680021,1.4821776364856791,0.5307262569832403,179
defense_space/defense,sue_announce,126,0.04834605106367273,1.7840239471496586,1.1060764720842535,0.5965909090909091,176
defense_space/space,asset_growth,21,-0.008958860428818646,-0.3877920215611523,-0.3832187673727395,0.4806201550387597,129
defense_space/space,asset_growth,63,-0.04477306091543883,-1.335546646990357,-1.1156047065120351,0.44881889763779526,127
defense_space/space,asset_growth,126,-0.08487823175836329,-2.2647705637537734,-1.4722638221238846,0.4112903225806452,124
defense_space/space,capex_at,21,0.005052723440763563,0.21518862850743925,0.21087871523681384,0.5476190476190477,126
defense_space/space,capex_at,63,-0.03666356249580927,-1.1526183700058992,-0.4650435693470447,0.46774193548387094,124
defense_space/space,capex_at,126,-0.021950654489699142,-0.4983929187381353,-0.5254513122366895,0.47107438016528924,121
defense_space/space,cop_at,21,-0.06685806027336863,-1.571398375660344,-1.6377628904479207,0.43103448275862066,58
defense_space/space,cop_at,63,-0.10770154549873709,-1.8963439815270113,-1.5607613154210218,0.3448275862068966,58
defense_space/space,cop_at,126,-0.08234701617326458,-1.1739853266604672,-0.4193187553140248,0.3620689655172414,58
defense_space/space,dist_52w_high,21,0.02546111876359447,1.1145180226839277,1.1031689892694396,0.5615384615384615,130
defense_space/space,dist_52w_high,63,0.06476325622233436,2.105875906635163,1.5473865476902797,0.625,128
defense_space/space,dist_52w_high,126,0.09886701322625151,3.113883681216034,1.0374129853381642,0.672,125
defense_space/space,droe,21,0.0481403460424376,1.3002227763865408,1.2035121366978805,0.5609756097560976,41
defense_space/space,droe,63,0.0852794155277772,1.8200676194094425,0.09880267347192144,0.6585365853658537,41
defense_space/space,droe,126,0.0702346739456516,1.042624792619032,-0.10766818505957403,0.5853658536585366,41
defense_space/space,ear_3d,21,-0.019483449827597216,-0.45035715425709133,-0.46879276423685456,0.45901639344262296,61
defense_space/space,ear_3d,63,0.004771311840401755,0.08026830580531147,0.7598341622329516,0.5423728813559322,59
defense_space/space,ear_3d,126,0.12497091041103392,2.548728982915862,2.0673741248660322,0.6607142857142857,56
defense_space/space,gross_profitability,21,0.03736853844121217,0.7134160180699263,0.7380132878038889,0.6,15
defense_space/space,gross_profitability,63,0.05902889443346856,1.1935448714041748,0.7814403857008919,0.8,15
defense_space/space,gross_profitability,126,0.042165403496908574,0.5181300042144107,-0.809146576355984,0.6,15
defense_space/space,idio_vol_60d,21,0.00012827839975624824,0.004896744474592977,0.004849181026364168,0.4307692307692308,130
defense_space/space,idio_vol_60d,63,0.036281448665348215,0.906737107306424,0.7064593606081059,0.5234375,128
defense_space/space,idio_vol_60d,126,0.05803155968138676,1.064655476004737,1.055148724964377,0.584,125
defense_space/space,max_ret_21d,21,0.035898280480461904,1.4984296388305183,1.4513732572073719,0.5230769230769231,130
defense_space/space,max_ret_21d,63,0.03367787977799433,0.9088763368328837,1.0092676621186247,0.578125,128
defense_space/space,max_ret_21d,126,-0.012848670081815469,-0.26856062648032236,-1.9080162825364668,0.48,125
defense_space/space,mom_12_1,21,0.01666983645926025,0.7068766686888466,0.652731242661236,0.5615384615384615,130
defense_space/space,mom_12_1,63,0.04127018714830927,1.3949968871006606,1.1621020940761986,0.5703125,128
defense_space/space,mom_12_1,126,0.04706436048829383,1.209853493021621,0.6777759558243994,0.56,125
defense_space/space,profitable_growth,21,-0.003015078057238442,-0.08193109368347164,-0.0797335218606079,0.46,50
defense_space/space,profitable_growth,63,-0.023412320244444014,-0.5783623631885432,-0.3483069727797357,0.46,50
defense_space/space,profitable_growth,126,-0.03678731846941802,-0.6160194057975795,-0.8995643212655332,0.36,50
defense_space/space,share_issuance,21,-0.06221659041553348,-0.8981512658978336,-0.8867310623579544,0.5,18
defense_space/space,share_issuance,63,-0.18233107125209036,-2.518017588507304,-1.3736513935047239,0.3333333333333333,18
defense_space/space,share_issuance,126,-0.2216196766634863,-5.765333143220734,-1.1985121941611778,0.1111111111111111,18
defense_space/space,sue,21,-0.02397808311027741,-0.6283499243087647,-0.618482903725807,0.42105263157894735,57
defense_space/space,sue,63,-0.0265569912276295,-0.5081699331036704,-0.6220568153730276,0.543859649122807,57
defense_space/space,sue,126,-0.015664302846330403,-0.3139658236333581,-0.06943302237244744,0.543859649122807,57
