a,b,pearson,spearman,note,scope
droe,sue,0.3604596758435328,0.7128363379443073,Spearman >> Pearson: doğrusal olmayan monoton ilişki,havuz
ebit_ev,ocf_ev,0.7202556881203814,0.7128266016074495,,havuz
idio_vol_60d,max_ret_21d,0.6740182040007834,0.7406915609159186,,havuz
cash_runway_years,cop_at,0.7258675127737917,0.5836562741411535,,robotics
droe,sue,0.516179731120952,0.7326229105611954,Spearman >> Pearson: doğrusal olmayan monoton ilişki,robotics
ebit_ev,ocf_ev,0.7601613599977558,0.7407229692320452,,robotics
cash_runway_years,cop_at,0.8506177213760336,0.8629084252636208,,biotech
cash_runway_years,ebit_ev,0.5301165880918586,0.7121302652802222,Spearman >> Pearson: doğrusal olmayan monoton ilişki,biotech
cash_runway_years,ocf_ev,0.6350884486598921,0.8054856206179368,Spearman >> Pearson: doğrusal olmayan monoton ilişki,biotech
cop_at,ebit_ev,0.5412539300988529,0.762849199546784,Spearman >> Pearson: doğrusal olmayan monoton ilişki,biotech
cop_at,ocf_ev,0.6494801531555884,0.8503287435984949,Spearman >> Pearson: doğrusal olmayan monoton ilişki,biotech
ebit_ev,ocf_ev,0.873966038740783,0.8715506523801425,,biotech
idio_vol_60d,max_ret_21d,0.6360749920520795,0.72448473519517,,biotech
cash_runway_years,cop_at,0.8507059971513774,0.8769397959343126,,biotech/biotech_all
cash_runway_years,ocf_ev,0.6179576964913804,0.7980355425375727,Spearman >> Pearson: doğrusal olmayan monoton ilişki,biotech/biotech_all
cop_at,ebit_ev,0.518535076454749,0.7529157239241504,Spearman >> Pearson: doğrusal olmayan monoton ilişki,biotech/biotech_all
cop_at,ocf_ev,0.6295804052173378,0.8433291301963544,Spearman >> Pearson: doğrusal olmayan monoton ilişki,biotech/biotech_all
ebit_ev,ocf_ev,0.8717266725173499,0.8764656037998382,,biotech/biotech_all
idio_vol_60d,max_ret_21d,0.6248100748932872,0.7007410712621075,,biotech/biotech_all
cash_runway_years,cop_at,0.8063687200220677,0.7011229305798734,,biotech/biotech_tools
cash_runway_years,ocf_ev,0.7437076033716669,0.6924006308496783,,biotech/biotech_tools
cop_at,ebit_ev,0.701014035762907,0.7224409470480975,,biotech/biotech_tools
cop_at,ocf_ev,0.7768133219341304,0.7266031643902104,,biotech/biotech_tools
ebit_ev,ocf_ev,0.852486064538554,0.8211440036103259,,biotech/biotech_tools
droe,sue,0.4945387862740152,0.810076599244197,Spearman >> Pearson: doğrusal olmayan monoton ilişki,energy
idio_vol_60d,max_ret_21d,0.7593131065725474,0.8201524061279908,,energy
droe,sue,0.4978676782454672,0.7874889330274618,Spearman >> Pearson: doğrusal olmayan monoton ilişki,energy/oil_gas
idio_vol_60d,max_ret_21d,0.6897911172826375,0.7344499435807259,,energy/oil_gas
cash_runway_years,profitable_growth,0.7155534703143334,0.6250411151070984,,energy/power_utilities
droe,sue,0.6020998885665324,0.8300484280721464,Spearman >> Pearson: doğrusal olmayan monoton ilişki,energy/power_utilities
droe,sue,0.5842503301193874,0.8025588958202419,Spearman >> Pearson: doğrusal olmayan monoton ilişki,energy/renewables
idio_vol_60d,max_ret_21d,0.8127040378744597,0.7853905899974701,,energy/renewables
droe,sue,0.4287000612312492,0.7464591566658241,Spearman >> Pearson: doğrusal olmayan monoton ilişki,ai
droe,sue,0.4249804279651397,0.721376566259195,Spearman >> Pearson: doğrusal olmayan monoton ilişki,ai/ai_infrastructure
droe,sue,0.4405214866642184,0.7068148950319301,Spearman >> Pearson: doğrusal olmayan monoton ilişki,ai/ai_software
droe,sue,0.5607203108932156,0.818346950885693,Spearman >> Pearson: doğrusal olmayan monoton ilişki,semiconductors
droe,sue,0.5752630205450928,0.8173929362208523,Spearman >> Pearson: doğrusal olmayan monoton ilişki,semiconductors/semis_all
droe,sue,0.407445547725811,0.7339565656648372,Spearman >> Pearson: doğrusal olmayan monoton ilişki,defense_space
droe,sue,0.5153981685155085,0.7635020920569684,Spearman >> Pearson: doğrusal olmayan monoton ilişki,defense_space/space
