symbol,close,sma50,sma200,ema20,rsi14,macd,macd_signal,adx14,atr14,bb_upper,bb_lower,bb_pctb,breakout_20d,golden_cross_50_200,pullback_to_50d,trailing_stop_atr,stop_hit,theme,signal,score
TECH,72.37,72.2076,61.7677,72.37143395039428,55.6036916196708,0.17844590265076476,0.23663346440966626,38.15239802009452,0.19708089991375688,72.65510071399507,72.10889928600494,0.4780300830699817,False,False,True,72.01875730025873,False,biotech,BUY,2.226740809312884
ANAB,50.04,55.1854,48.611549999999994,53.33693807139714,32.32252762507042,-1.6106431168360444,-1.1752225300751815,29.28165215724432,2.2793327599705284,58.42937405672667,49.40162594327332,0.07071243556024377,False,False,False,50.62200172008841,False,biotech,BUY,1.9518777964493077
IRWD,4.08,4.1684,3.9978499999999997,4.202051891500764,45.35675960509298,-0.007797050603686628,0.011792165529010511,11.476961790076045,0.186505050925764,4.479723351859557,3.933276648140443,0.2685044138082608,False,False,False,3.9704848472227083,False,biotech,HOLD,2.12154262717333
ABBV,264.4,257.6482,229.08485000000002,262.12305490412984,56.84910685774537,2.413598209576037,2.432124588054999,18.653870112376218,5.089835706736544,270.85423471639047,251.51576528360957,0.6662489377029069,False,False,False,251.01049287979035,False,biotech,HOLD,2.074763456906579
ELVN,46.06,55.358000000000004,40.1215,50.33682158795831,28.766810010568165,-3.1174420444677793,-2.5405710937579933,42.30175614689704,2.104195251101533,62.18616009777145,41.173839902228536,0.23253786599006365,False,False,False,53.3374142466954,False,biotech,HOLD,1.957558153395189
IMCR,30.57,34.187799999999996,32.24815,32.4485130232134,30.77178008978099,-1.143718083975184,-0.9214930233010834,20.018372604657756,1.17477563731386,37.120488910445296,28.621511089554694,0.2292615596261346,False,False,False,34.04567308805842,False,biotech,HOLD,1.7966757290244446
EXEL,59.07,55.7334,48.9104,57.51266596921465,59.570389568206906,0.8011833207907912,0.7646611469547107,11.10928110771026,1.5353956738529204,59.68113200840465,56.044867991595346,0.831934093459776,False,False,False,54.52381297844124,False,biotech,HOLD,1.720458715304764
AVA,35.21,37.8702,39.19865,36.17945600448306,31.328236389855732,-0.8200930775072237,-0.7503400672285097,41.24459690310589,0.5985269158675425,38.20434381064766,34.484656189352336,0.19500127013221497,False,False,False,35.84441925239737,False,energy,HOLD,2.0348920721415533
KRP,14.43,14.704,13.642449999999998,14.639470625321653,43.71184900181547,-0.11225178579033823,-0.06649377568747328,18.58329748694514,0.2576449195431378,15.258366294830333,14.179633705169666,0.23209301102981483,False,False,True,14.397065241370587,False,energy,HOLD,2.001236453118074
ENB,46.69,50.505199999999995,50.59434999999999,48.237574747173994,29.0996244537029,-1.048573547312138,-0.9612235176624024,38.82919950782995,0.7446047203439348,50.92599761336739,45.898002386632605,0.15751757463018137,False,False,False,48.4861858389682,False,energy,HOLD,1.8615902480187925
AES,14.86,14.7562,14.424850000000001,14.821163590500785,63.75099158647584,0.032748862536701395,0.03258603326838806,43.92325228826827,0.043799422526498204,14.878735857859919,14.768264142140083,0.830401313695218,False,False,True,14.738601732420504,False,energy,HOLD,1.796237806338275
OTTR,88.87,90.45139999999999,87.30930000000001,89.13667177321966,47.81324367651081,-0.41522164793256877,-0.5336022556125185,10.369988856179463,1.7587315674728556,90.3600478442288,87.25095215577119,0.5207455821445004,False,False,True,85.19380529758143,False,energy,HOLD,1.229946521377464
DINO,108.44,98.31839999999998,69.8484,106.39526487476247,58.05435571854519,2.561257693301741,3.7331135478636375,28.5856694120057,4.449599677271819,115.18804483996736,101.83495516003264,0.49464543399963523,False,False,False,103.27120096818454,False,energy,HOLD,1.0734416112305551
TER,400.4,372.3968,332.47905,380.06383121375853,58.24967020238177,8.704103581942888,3.7226152352981234,15.118048996592716,18.907342511609343,420.140155614907,322.92084438509295,0.7969523198097568,False,False,False,346.29797246517194,False,robotics,HOLD,3.5955295209899005
CGNX,60.23,61.934799999999996,55.362300000000005,60.22151379555579,48.75180031898597,-0.7902923731582874,-0.7989681426097469,11.670156867013935,2.083293599023074,63.661546961838056,57.20945303816195,0.4681498746870499,False,False,False,57.970119202930775,False,robotics,HOLD,3.4518801746251566
ISRG,409.6,377.68840000000006,448.7737,392.4703605009445,64.84467394686642,9.35970757027934,5.855610964599386,16.330488269004892,10.906403722003853,423.9336847291867,345.9653152708133,0.8161602605164224,False,False,False,382.07078883398844,False,robotics,HOLD,3.047066004830629
GMED,74.99,79.5694,84.75225,76.03967325714612,42.181666271190686,-1.5219501097171957,-1.7863305163020973,22.591218781408532,1.8490955752309497,78.73533328075516,71.86766671924485,0.45464252709270936,False,False,False,75.82271327430715,False,robotics,HOLD,1.771720885500946
NOVT,142.2,147.0894,140.10205,142.30493026118995,48.42260802745969,-1.6622257123604811,-2.402559574278182,13.17427678020978,5.209918061497732,151.79290511639363,131.93709488360633,0.5168716358623751,False,False,False,133.6802458155068,False,robotics,HOLD,1.0355831963231588
RRX,154.25,171.203,187.82625,156.58253883630806,42.15277363625226,-4.468602041894201,-6.03615256617422,28.806179468756607,5.574649015253102,165.39345410056083,145.56754589943918,0.4379347474265824,False,False,False,147.0060529542407,False,robotics,HOLD,0.5427561136008732
TSLA,346.88,346.8052,394.19034999999997,362.0799403130692,41.99120272431467,1.5952818188775382,4.187321418966664,19.217967884267836,12.10319860962576,383.7107074216226,346.0962925783774,0.02083529479027157,False,False,False,343.81040417112274,False,robotics,HOLD,-0.2409230672886078
AXON,424.49,532.7860000000001,498.37420000000003,468.685640400274,33.75584865564613,-33.63707621928336,-31.44430979838055,34.234147862819306,22.46637535669269,531.3238564329026,400.90414356709726,0.180845793282579,False,False,False,499.1608739299219,False,robotics,HOLD,-0.4123611474486575
