theme,symbol,signal,rank_in_theme,subtheme,stage,score,entry_blocked_top_vol,override,grp_fundamental_mom,grp_growth_quality,grp_investment,grp_low_risk,grp_momentum,grp_quality,grp_survival,grp_commodity,grp_leverage,grp_value,evidence_method,evidence_hits,evidence_keywords,evidence_10k,v2_target_weight
ai,NVDA,HOLD,1.0,ai_compute,profitable,2.8193928785141,False,,0.21544499515543286,2.303039944589782,-0.3736920773269318,1.148369266745621,0.9935704027074017,2.303039944589782,,,,,keywords,24,"{""artificial intelligence"": 1, ""generative ai"": 3, ""accelerated computing"": 14, ""neural network"": 5, ""ai workloads"": 1}",0001045810-26-000021,0.028549283117452667
ai,DAVE,HOLD,2.0,ai_software,profitable,2.263546261671997,False,,-0.6147063464493677,2.280865770883992,0.22608186023240384,-0.7681540280496675,0.4198906687605175,2.2837188467285774,,,,,keywords,10,"{""machine learning"": 4, ""ai-powered"": 5, ""ai models"": 1}",0001193125-26-085370,0.006501931249935248
ai,RNG,HOLD,3.0,ai_software,profitable,2.19163638036076,False,,1.9379315108528297,-0.4689606762351041,1.072826034899413,-0.6937888831283328,1.3022297589292342,1.9957948030683244,,,,,keywords,15,"{""artificial intelligence"": 1, ""ai-powered"": 7, ""ai platform"": 1, ""ai agents"": 1, ""agentic"": 5}",0001384905-26-000021,0.01653530896001478
ai,APPF,HOLD,4.0,ai_software,profitable,2.1325467684272614,False,,-0.20667068650510317,0.8443099264674118,-0.013008411830437966,0.0753908611473704,-0.4165254128046565,2.1940226569929546,,,,,keywords,3,"{""artificial intelligence"": 1, ""ai-powered"": 2}",0001433195-26-000011,0.006266309168749591
ai,MU,HOLD,5.0,ai_compute,profitable,2.1231147402016197,False,,1.9506071268628975,1.614666302414813,-1.1538012868703291,-0.09297898259273962,1.7317363662358667,1.734016604711266,,,,,keywords,2,"{""artificial intelligence"": 1, ""generative ai"": 1}",0000723125-25-000028,0.025032440501954818
ai,MANH,HOLD,6.0,ai_software,profitable,2.1002649626079286,False,,0.073261932803389,0.056570646174311415,0.20374438648650472,0.020269000053086156,0.3526444376439962,2.1130920083081532,,,,,keywords,8,"{""artificial intelligence"": 1, ""machine learning"": 1, ""generative ai"": 1, ""large language model"": 1, ""ai-powered"": 1, ""agentic"": 3}",0001193125-26-037138,0.015946808678203875
ai,TEAM,WAIT,28.0,ai_software,profitable,1.2472797922805607,False,,1.3324587362633242,0.656848717406931,0.26448717012019607,-1.2078466760044568,0.5202925324808348,1.2357400231373334,,,,,keywords,19,"{""generative ai"": 1, ""large language model"": 1, ""ai-powered"": 6, ""ai models"": 3, ""ai agents"": 8}",0001650372-26-000036,
ai,ALAB,WAIT,31.0,ai_compute,profitable,1.2125177047694686,False,,0.8945175795157206,1.1900097671160506,-0.6544677087887851,-0.7905056160613206,0.3361818730828534,1.2197538234917105,,,,,keywords,10,"{""ai accelerator"": 8, ""ai workloads"": 2}",0001736297-26-000010,
ai,IESC,WAIT,36.0,ai_infrastructure,profitable,1.1293224065665428,False,,1.5724486966984164,-0.19788216962835806,-0.6737220227032265,-1.0877431260446473,0.4994814717020264,1.2747397104055282,,,,,keywords,13,"{""data center"": 13}",0001048268-25-000174,
ai,GDDY,WAIT,51.0,ai_software,profitable,0.8772827578471659,False,,1.217517164464819,0.13231285227617132,0.9040876448156067,-0.5573390548476413,-0.6840903622651665,0.8231059224328744,,,,,keywords,40,"{""artificial intelligence"": 1, ""generative ai"": 1, ""large language model"": 1, ""ai-powered"": 25, ""agentic"": 12}",0001609711-26-000010,
ai,ECG,WAIT,52.0,ai_infrastructure,profitable,0.8366877682325269,False,,0.6419490563554389,0.48531773025496217,-0.28733007897998303,0.6885629230084405,0.15126055363920024,0.5400131438707683,,,,,keywords,5,"{""data center"": 3, ""artificial intelligence"": 2}",0002015845-26-000010,
ai,EXPO,SELL,7.0,ai_infrastructure,profitable,1.9372803852846374,False,,0.8669757586575451,0.37739194382855396,1.3188388349795488,1.3835901716110892,0.07598119310613448,1.351702239930661,,,,,keywords,5,"{""data center"": 2, ""artificial intelligence"": 3}",0001193125-26-082508,0.005915093523237848
ai,TER,SELL,8.0,ai_compute,profitable,1.905979923379396,False,,1.1976989874319424,0.8340455451790011,-0.2093688015847579,-0.04946967000344005,1.0388105731561172,1.648333115377986,,,,,keywords,3,"{""artificial intelligence"": 2, ""machine learning"": 1}",0001193125-26-059002,0.04156139396266896
ai,ARLO,SELL,9.0,ai_infrastructure,profitable,1.8245533728739292,False,,-0.8875921856694033,0.049169379039557926,-0.07099711870499208,0.5651683340971565,-0.7068825108985255,1.9662115293594935,,,,,keywords,6,"{""data center"": 5, ""artificial intelligence"": 1}",0001736946-26-000031,0.005712337217757865
ai,ANET,SELL,10.0,ai_infrastructure,profitable,1.8002002333198008,False,,-0.12678500124924696,2.333768574807139,0.32616979521128725,0.26227611105836107,0.8753643794976594,1.3874686111198788,,,,,keywords,14,"{""data center"": 10, ""ai workloads"": 2, ""hyperscale"": 2}",0001596532-26-000013,0.00566853447254855
ai,GRND,SELL,11.0,ai_software,profitable,1.798774576558252,False,,-0.40672425187136363,1.6558886975770413,1.4700196789725852,0.9575464171581208,0.16770865014314654,1.2773108139068747,,,,,keywords,5,"{""artificial intelligence"": 3, ""machine learning"": 2}",0001820144-26-000007,0.005665970216726697
ai,YOU,SELL,12.0,ai_software,profitable,1.624579383629652,False,,0.49649950438683393,1.4121875789061633,-0.8722460534775742,0.8449342963907807,-0.1500145015893501,1.3669474069903391,,,,,keywords,3,"{""artificial intelligence"": 3}",0001856314-26-000006,0.005352654242185526
ai,ENS,SELL,13.0,ai_infrastructure,profitable,1.5990141043170587,False,,0.851854661652909,-0.5131546622659513,1.0274452528339013,1.4617582724937295,0.4998528853977906,1.0626193109634647,,,,,keywords,3,"{""data center"": 3}",0001628280-26-036900,0.005306671283255507
ai,YELP,SELL,14.0,ai_software,profitable,1.5700319464909887,False,,-1.0828737423903305,-1.0348223575238744,0.08400596329638166,0.5619552473060632,-0.9435301437499811,1.8615977824994197,,,,,keywords,14,"{""machine learning"": 4, ""large language model"": 1, ""ai-powered"": 7, ""ai agents"": 1, ""natural language processing"": 1}",0001345016-26-000019,0.005254542559891119
ai,AVGO,SELL,15.0,ai_compute,profitable,1.5539841124168154,False,,1.948129381306416,1.8533669070077188,0.2758279181429537,1.2470930248238643,0.03914297109955068,0.7862298496504379,,,,,keywords,7,"{""artificial intelligence"": 1, ""machine learning"": 4, ""generative ai"": 1, ""ai workloads"": 1}",0001730168-25-000121,0.01957226634715282
ai,ADBE,SELL,16.0,ai_software,profitable,1.4694683385201373,False,,-0.1307858392954943,0.7410772271857483,0.3390590021955779,0.19141204506452175,-0.5661696587379919,1.4253184891494353,,,,,keywords,47,"{""artificial intelligence"": 1, ""machine learning"": 2, ""generative ai"": 12, ""ai-powered"": 11, ""ai platform"": 3, ""ai models"": 6, ""ai agents"": 4, ""agentic"": 8}",0000796343-26-000003,0.013240257355398133
ai,FTNT,SELL,17.0,ai_software,profitable,1.4539421139376434,False,,1.459642411828748,1.2730296553877019,-0.08007659035683252,-0.1473833073669556,1.5573615958078744,1.0148623958556884,,,,,keywords,9,"{""artificial intelligence"": 1, ""machine learning"": 1, ""generative ai"": 2, ""large language model"": 1, ""ai-powered"": 3, ""agentic"": 1}",0001262039-26-000007,0.015039960672871859
ai,LZ,SELL,18.0,ai_software,profitable,1.4174451592654194,False,,0.808647516764079,-0.31616180214967604,0.10677780296764332,-0.7099177002698295,-1.281254172995705,1.7274797421882482,,,,,keywords,3,"{""artificial intelligence"": 2, ""generative ai"": 1}",0001286139-26-000012,0.004980092518314591
ai,FLR,SELL,19.0,ai_infrastructure,pre_profit,1.407178115737811,False,,,,2.1366905020469074,0.4552362274535761,0.36908783402744727,,0.643345405392917,,,,keywords,4,"{""data center"": 4}",0001124198-26-000007,0.013275989632793906
ai,BOX,SELL,20.0,ai_software,profitable,1.3971321139283932,False,,-0.24751294015870898,0.31616180214967604,0.889791873994703,0.6721617702637581,0.5679142015401296,1.0839268218118039,,,,,keywords,14,"{""artificial intelligence"": 1, ""machine learning"": 1, ""ai platform"": 1, ""ai models"": 8, ""ai agents"": 3}",0001193125-26-098466,0.01340122479818421
ai,RDVT,SELL,21.0,ai_software,profitable,1.3960354996686228,False,,0.24049958613327369,1.2317429702765141,-0.42776216511642956,-0.015313479972899141,1.2430610379713627,1.1594601849508241,,,,,keywords,27,"{""artificial intelligence"": 12, ""machine learning"": 15}",0001193125-26-091708,0.004941584059795221
ai,TDC,SELL,22.0,ai_software,profitable,1.3222121620502727,False,,0.3307300210001719,-0.18959812046242094,0.10789693080636786,-0.22235122709691002,0.12724780091039856,1.3702103893457118,,,,,keywords,22,"{""machine learning"": 1, ""generative ai"": 2, ""ai agents"": 10, ""agentic"": 9}",0001628280-26-012671,0.004808801802254646
ai,RELY,SELL,23.0,ai_software,profitable,1.3058822500635054,False,,1.7616131972556388,0.656848717406931,-0.7084364406656393,0.15843492778193596,0.5352226889213373,1.0237144900864201,,,,,keywords,8,"{""artificial intelligence"": 4, ""machine learning"": 2, ""ai-powered"": 2}",0001628280-26-009038,0.01289540999000581
ai,VRT,SELL,24.0,ai_infrastructure,profitable,1.2898350618304817,False,,0.1268530307288254,1.654434725690252,-0.5064336195060112,0.10565481686388636,0.2940980147437774,1.1040746621489026,,,,,keywords,16,"{""data center"": 10, ""artificial intelligence"": 1, ""ai workloads"": 1, ""hyperscale"": 4}",0001674101-26-000008,0.004750566769831341
ai,FICO,SELL,25.0,ai_software,profitable,1.2816046833147932,False,,1.2317429702765141,1.5858120345757767,0.7212418299608253,-0.6571713010431125,-1.3720687135945049,1.2111494127838331,,,,,keywords,6,"{""artificial intelligence"": 1, ""machine learning"": 5}",0000814547-25-000030,0.012382706057181208
ai,DBX,SELL,26.0,ai_software,profitable,1.2726437111346014,False,,-1.051055538647978,-0.24751294015870898,0.0756527734818911,0.48372672976986497,0.4532327086365673,1.283275609209463,,,,,keywords,7,"{""artificial intelligence"": 1, ""machine learning"": 2, ""ai-powered"": 4}",0001467623-26-000008,0.004719645567550136
ai,PEGA,SELL,27.0,ai_software,profitable,1.255746694041971,False,,-0.909214097076416,-0.35604814335094287,-0.03381960503697815,-0.22137912863142145,-1.1076230705389043,1.6458879758233629,,,,,keywords,22,"{""artificial intelligence"": 1, ""machine learning"": 2, ""generative ai"": 1, ""large language model"": 2, ""ai-powered"": 15, ""agentic"": 1}",0001013857-26-000017,0.0046892537680509015
ai,RAMP,SELL,29.0,ai_software,profitable,1.232428236425281,False,,0.09719372147616155,-0.20882293540923258,0.8290081294431406,2.61177645431694,1.2290764298420696,0.368210689699755,,,,,keywords,10,"{""machine learning"": 1, ""generative ai"": 1, ""ai-powered"": 1, ""ai models"": 2, ""ai agents"": 4, ""agentic"": 1}",0000733269-26-000025,0.011803858208034193
ai,FFIV,SELL,30.0,ai_compute,profitable,1.213449309268292,False,,-0.10350293283247655,0.3256610044665331,0.5172031580513403,0.7326153937353775,0.8944003703973469,0.8565420668069657,,,,,keywords,6,"{""artificial intelligence"": 1, ""machine learning"": 3, ""ai workloads"": 1, ""ai inference"": 1}",0001048695-25-000157,0.004613175627729659
ai,RMBS,SELL,32.0,ai_compute,profitable,1.2065895515395535,False,,-0.7816591809152853,1.0879985567357549,0.09233529052877643,-0.16036020930385037,-0.6295319833811301,1.30543731282499,,,,,keywords,3,"{""artificial intelligence"": 1, ""accelerated computing"": 2}",0001193125-26-057101,0.015690117659376702
ai,TT,SELL,33.0,ai_infrastructure,profitable,1.1992297831821788,False,,-0.42180921380735154,-0.5700740851824606,0.38701086493747927,1.4260622746930038,0.44725957375964115,0.8917088296734071,,,,,keywords,6,"{""data center"": 4, ""artificial intelligence"": 1, ""liquid cooling"": 1}",0001628280-26-005731,0.0045875996942134544
ai,KEYS,SELL,34.0,ai_compute,profitable,1.1592889822188845,False,,0.35523319544795384,0.6913243989287915,0.5009201828725164,1.007633905281621,1.2807077560177156,0.5798532748227672,,,,,keywords,2,"{""machine learning"": 1, ""neural network"": 1}",0001601046-25-000127,0.004515760220532347
ai,DOCU,SELL,35.0,ai_software,profitable,1.1418207521674086,False,,-0.022527673480565225,0.25724132908649866,0.12486377224536079,-0.08302409802697497,-0.16890596272493402,1.1632968306230573,,,,,keywords,8,"{""large language model"": 1, ""ai-powered"": 6, ""ai models"": 1}",0001261333-26-000021,0.004484341009530751
ai,QCOM,SELL,37.0,ai_compute,profitable,1.1038380680830597,False,,-1.0968390347741996,-0.6250855768781765,0.5075568763264048,-0.07001213766960218,-0.0930416541015288,1.3061858555323984,,,,,keywords,15,"{""artificial intelligence"": 2, ""machine learning"": 1, ""generative ai"": 9, ""large language model"": 1, ""ai inference"": 2}",0000804328-25-000085,0.016282164318914643
ai,EME,SELL,38.0,ai_infrastructure,profitable,1.0772794241434933,False,,0.36659670573877184,-0.2993069104656671,0.4674198219902746,0.542946576080376,0.20653162628250293,0.8681138319125647,,,,,keywords,5,"{""data center"": 4, ""artificial intelligence"": 1}",0000105634-26-000025,0.004368253827398905
ai,CIEN,SELL,39.0,ai_infrastructure,profitable,1.06069199057228,False,,1.2409898889093658,1.0074356012873076,-0.37212656910254704,-0.2798238283786745,0.48713172545259864,0.8530760588803877,,,,,keywords,25,"{""data center"": 19, ""artificial intelligence"": 2, ""ai workloads"": 2, ""ai infrastructure"": 2}",0001628280-25-056698,0.004338418859928638
ai,RDDT,SELL,40.0,ai_software,profitable,1.0410296272826998,False,,0.6889274635834666,2.0792542802062832,-0.019117197881443948,-0.9334506741597048,-1.0814106580701552,1.0821694063126381,,,,,keywords,11,"{""artificial intelligence"": 2, ""machine learning"": 4, ""large language model"": 1, ""ai-powered"": 4}",0001713445-26-000022,0.0043030531738136235
ai,PLTR,SELL,41.0,ai_software,profitable,1.0324019042719272,False,,1.2570591364405024,2.6729477075868195,-0.41502001955471046,-0.6856796236398015,0.43039747134069833,0.7261704154133457,,,,,keywords,8,"{""artificial intelligence"": 2, ""generative ai"": 1, ""large language model"": 1, ""ai-powered"": 1, ""ai models"": 2, ""ai agents"": 1}",0001321655-26-000011,0.004287534930182758
ai,ADEA,SELL,42.0,ai_software,profitable,1.0286731429809655,False,,-0.42310932952208,1.522756850908472,0.5578119472867654,0.7377208165611018,0.3733431691167014,0.6056064482490309,,,,,keywords,9,"{""artificial intelligence"": 1, ""machine learning"": 1, ""generative ai"": 2, ""large language model"": 1, ""computer vision"": 3, ""natural language processing"": 1}",0001193125-26-076549,0.004280828198165257
ai,IDCC,SELL,43.0,ai_software,profitable,1.0058457739149633,False,,-1.4295569098786771,-0.3965093341450141,0.23378108284133092,0.930733981411556,-0.05673507971626818,0.9926192862535202,,,,,keywords,6,"{""artificial intelligence"": 2, ""machine learning"": 1, ""generative ai"": 1, ""large language model"": 1, ""ai models"": 1}",0001405495-26-000011,0.011711143042290463
ai,NTNX,SELL,44.0,ai_software,profitable,1.0024656652309119,False,,1.522756850908472,0.4067242518713638,-0.7472605238409914,1.2979768577091781,0.2139057090708552,0.516506120001386,,,,,keywords,17,"{""machine learning"": 2, ""generative ai"": 2, ""large language model"": 1, ""ai platform"": 1, ""agentic"": 11}",0001193125-26-394793,0.011103006951052133
ai,WLDN,SELL,45.0,ai_infrastructure,profitable,0.9972584604440139,False,,0.6292521728401537,-0.24827509310711635,-0.1639364360429033,0.9272631882739235,-0.6830278191672341,0.8363116693683008,,,,,keywords,5,"{""data center"": 4, ""artificial intelligence"": 1}",0001104659-26-020767,0.004224324217151263
ai,MSI,SELL,46.0,ai_compute,profitable,0.978959708227618,False,,-0.9315614527102142,0.0,0.27648847718867825,1.6915415912985914,0.4269448459046765,0.595700403939471,,,,,keywords,2,"{""artificial intelligence"": 2}",0000068505-26-000010,0.0137358873504831
ai,ADSK,SELL,47.0,ai_software,profitable,0.9271337334835523,False,,0.7217592310335119,1.11895838106256,-0.03447194027690503,-0.13290494405991266,-0.6407576872029487,0.82150590027677,,,,,keywords,3,"{""artificial intelligence"": 1, ""machine learning"": 2}",0000769397-26-000015,0.011154848241338545
ai,HUBS,SELL,48.0,ai_software,profitable,0.8967489528350727,False,,0.9206851321342271,0.7043689979363952,0.3365549748941896,-1.3045860514940197,-1.4907964144740449,1.1683675948756767,,,,,keywords,11,"{""artificial intelligence"": 1, ""machine learning"": 1, ""ai-powered"": 6, ""ai agents"": 2, ""agentic"": 1}",0001193125-26-046646,0.010938393919328163
ai,AMAT,SELL,49.0,ai_compute,profitable,0.8924472669980841,False,,0.13496465836177668,-0.44050075154395824,-0.41935226054549046,0.08094802875945517,0.617027556966483,0.8896614778322731,,,,,keywords,3,"{""artificial intelligence"": 3}",0001628280-25-056742,0.01485791664728855
ai,INTA,SELL,50.0,ai_software,profitable,0.8899034358243774,False,,-0.9615394850467164,0.25724132908649866,1.1499429594569162,0.32449850403533936,-0.044482890364739944,0.7623922000478364,,,,,keywords,15,"{""machine learning"": 2, ""generative ai"": 1, ""ai-powered"": 5, ""ai platform"": 1, ""ai agents"": 2, ""agentic"": 4}",0001565687-26-000073,0.006799775250195643
ai,WDAY,SELL,53.0,ai_software,profitable,0.8307054131895888,False,,0.8711198422017151,0.42728338600251464,-0.03649419519022523,-0.3311720351828198,-0.33115558758382263,0.7960261718434233,,,,,keywords,23,"{""artificial intelligence"": 1, ""machine learning"": 1, ""ai-powered"": 9, ""ai platform"": 2, ""ai agents"": 10}",0001327811-26-000014,0.00654509819382202
ai,CGNX,SELL,55.0,ai_compute,profitable,0.8225231621806098,False,,0.4927170944220182,0.3824499321848252,0.7402301529212728,0.7113033193246996,0.4219222926952689,0.38822889757356566,,,,,keywords,2,"{""artificial intelligence"": 1, ""neural network"": 1}",0000851205-26-000012,0.01463450926347917
ai,ZETA,SELL,57.0,ai_software,profitable,0.7962784080269324,False,,0.6715380374097959,0.4901042223905514,-0.6261787536548734,-0.2938311834930735,0.8446638306359,0.6932503250160384,,,,,keywords,24,"{""machine learning"": 3, ""generative ai"": 5, ""ai-powered"": 11, ""ai models"": 4, ""ai agents"": 1}",0001193125-26-068598,0.006432685377056202
ai,MDB,SELL,61.0,ai_software,profitable,0.7642016276879933,False,,1.0828737423903305,0.9136472013850531,0.3122424177026291,-0.7661694814971595,0.3773710969603743,0.6133593438188094,,,,,keywords,9,"{""artificial intelligence"": 1, ""generative ai"": 6, ""ai-powered"": 2}",0001628280-26-016799,0.006393119377869757
ai,TENB,SELL,74.0,ai_software,profitable,0.5309169975945567,False,,1.0696025741274362,-0.056570646174311276,1.0106854528533786,-1.4129097722332862,0.40634964793279627,0.5545109548316275,,,,,keywords,7,"{""artificial intelligence"": 2, ""machine learning"": 1, ""ai-powered"": 2, ""ai platform"": 1, ""agentic"": 1}",0001660280-26-000005,0.007047835674351596
ai,NXT,SELL,124.0,ai_compute,profitable,0.0704282271110171,False,,-0.8945175795157206,-0.10686810468305773,-0.7457373070840289,0.08872529324964343,-0.5674787507815413,0.2736844281135079,,,,,keywords,3,"{""artificial intelligence"": 3}",0001852131-26-000017,0.0028447852754788306
ai,FSLR,SELL,125.0,ai_compute,profitable,0.04628083175463849,False,,-0.06522964856868516,0.9962083232351674,0.03096617883140725,0.25720651021233726,-0.6913119898909645,-0.11773092473195307,,,,,keywords,2,"{""artificial intelligence"": 1, ""ai workloads"": 1}",0001274494-26-000021,0.0031516894578685313
biotech,BCRX,HOLD,1.0,biotech_all,commercial,3.2770004906219947,False,,0.12215308890255226,,-0.2707964159783793,0.5088381117036774,-0.2187976621833878,2.438841676898255,,,,,stage_a,0,{},0001628280-26-012240,0.004340539006435791
biotech,IRWD,HOLD,2.0,biotech_all,commercial,3.0820339968128523,False,,0.8366705492413725,,1.1185183879678469,0.2071426836635586,0.41055363267943745,2.0121310088156417,,,,,stage_a,0,{},0001104659-26-020489,0.0041576964524942155
biotech,MEDP,HOLD,3.0,biotech_tools,commercial,2.688241995494314,False,,4.440892098500626e-16,,-0.4638333329721334,0.4737835596035822,0.12043269910123516,1.959963984540054,,,,,keywords,5,"{""biopharma"": 4, ""biomarker"": 1}",0001668397-26-000006,0.0037883923026574206
biotech,IDXX,HOLD,4.0,biotech_all,commercial,2.5325354741699404,False,,0.826943428438792,,0.06273872098476578,1.4972848702919013,-0.724435052431714,1.5123379387038627,,,,,stage_a,0,{},0000874716-26-000038,0.003642368350192148
biotech,MTD,HOLD,5.0,biotech_tools,commercial,2.2252540950046558,False,,0.26699412540495254,,-0.12307312396434256,0.8300093833196667,0.40090289251068584,1.3787711841209966,,,,,keywords,4,"{""life science"": 3, ""drug discovery"": 1}",0001037646-26-000011,0.0033541951823437767
biotech,LNTH,HOLD,6.0,biotech_tools,commercial,2.11934223438182,False,,-0.4808235972870087,,0.3691100776341775,2.17180446048022,0.5985817691438287,0.9633855707619678,,,,,keywords,11,"{""drug discovery"": 1, ""biopharma"": 2, ""biomarker"": 8}",0001193125-26-073498,0.0032548694227702334
biotech,AUPH,WAIT,47.0,biotech_all,commercial,0.9884815334053293,False,,0.024286403404528516,,0.1216811094382852,0.32527336813519137,0.15455507134970617,0.5174440832699629,,,,,stage_a,0,{},0001600620-26-000017,
biotech,DGX,WAIT,48.0,biotech_tools,commercial,0.9731330760745729,False,,0.839590852155558,,-0.32816662379228095,1.0099686405768507,0.3294894604436013,0.2660873014514959,,,,,keywords,14,"{""genomic"": 5, ""sequencing"": 7, ""molecular diagnostic"": 2}",0001022079-26-000015,
biotech,ARQT,WAIT,49.0,biotech_all,commercial,0.9368064635420075,False,,1.1993990967038393,,0.21904245291491387,-0.5036798131844062,0.048812128853033626,0.5363046816937106,,,,,stage_a,0,{},0001787306-26-000018,
biotech,TVTX,WAIT,50.0,biotech_all,commercial,0.9040932198532037,False,,-1.3244104171494762,,-0.21902806667208313,0.57482958955686,0.8012730153715253,0.5159268327945832,,,,,stage_a,0,{},0001438533-26-000014,
biotech,MRK,WAIT,51.0,biotech_all,commercial,0.9024670718782818,False,,-0.9640727722178315,,-0.0009050811645128961,1.3201605041672102,0.8140985110216805,0.2543447754190856,,,,,stage_a,0,{},0000310158-26-000063,
biotech,LQDA,SELL,7.0,biotech_all,commercial,2.101250217454918,False,,1.826227833462085,,-0.8039677828587347,-0.6140677436061526,0.593945200294424,1.503794061149824,,,,,stage_a,0,{},0001104659-26-023804,0.003237902453132326
biotech,INCY,SELL,8.0,biotech_all,commercial,1.895544215201144,False,,0.35853219046388396,,-0.16526219630345798,1.0087929154893738,0.41777416242944854,1.0543972315014425,,,,,stage_a,0,{},0000879169-26-000010,0.003044988224239177
biotech,KNSA,SELL,9.0,biotech_all,commercial,1.7673123916655231,False,,0.6127178573911529,,-0.16560901658524246,0.10987890231065156,0.701751245523437,1.1063447766900008,,,,,stage_a,0,{},0001104659-26-019168,0.0029247304627450887
biotech,HRMY,SELL,10.0,biotech_all,commercial,1.7647588450667653,False,,0.9733029572169927,,0.6118002399961463,0.19402046648486168,0.27767355598656346,0.9939678515729071,,,,,stage_a,0,{},0001104659-26-018859,0.0029223357077664065
biotech,MDXG,SELL,11.0,biotech_all,commercial,1.7015868490215886,False,,-0.9325119795654213,,0.5509326935125783,0.961176808357761,-1.2420739112997206,1.1859825102747,,,,,stage_a,0,{},0001376339-26-000011,0.002863092045592359
biotech,IMCR,SELL,12.0,biotech_all,clinical,1.6586806005141397,False,,,,0.21558349818746922,1.2520294356937267,-0.37597675294823246,,1.8923710650589975,,,,stage_a,0,{},0001671927-26-000005,0.0028228539108037555
biotech,NBIX,SELL,13.0,biotech_all,commercial,1.6408296214184546,False,,0.24445439579416495,,-0.07322669878152194,1.3907701562321182,-0.3501160956170612,0.8479762893521023,,,,,stage_a,0,{},0000914475-26-000007,0.0028061129901232615
biotech,ELVN,SELL,14.0,biotech_all,clinical,1.6260717645243759,False,,,,0.003283239070982047,0.8633031082310876,0.5394446115969244,,1.8923710650589975,,,,stage_a,0,{},0001193125-26-088232,0.0027922728466581027
biotech,LLY,SELL,15.0,biotech_all,commercial,1.5955677323058939,False,,0.06276819519784116,,0.42740311768223765,1.263319881729217,0.5004081543401544,0.696398071430032,,,,,stage_a,0,{},0000059478-26-000013,0.0027636656996177333
biotech,EXEL,SELL,16.0,biotech_all,commercial,1.5570783958077767,False,,0.5942749659957534,,0.852769341527183,0.6465656704951992,0.8765622028840955,0.6522757641072111,,,,,stage_a,0,{},0000939767-26-000021,0.0027275698123330095
biotech,UTHR,SELL,17.0,biotech_all,commercial,1.541619163069663,False,,0.5671487515777534,,0.12635694784559037,1.6954337071486463,-0.21250635372970508,0.6076593901758695,,,,,stage_a,0,{},0001082554-26-000006,0.002713071907895231
biotech,GILD,SELL,18.0,biotech_all,commercial,1.4971431680080118,False,,-1.9028295851100474,,0.5077102604659681,1.5242794457208844,0.5617632586963848,0.7781319869967918,,,,,stage_a,0,{},0000882095-26-000006,0.002671361640826849
biotech,IRON,SELL,19.0,biotech_all,clinical,1.472381549158525,False,,,,0.5252047960284859,1.324106574778776,-0.5221101706067163,,0.4277527113241364,,,,stage_a,0,{},0001193125-26-073602,0.0026481398166984423
biotech,ONC,SELL,20.0,biotech_all,commercial,1.4560944937321785,False,,0.7253383010320011,,-0.4091455511786954,0.7720222630758449,0.36800165946758584,0.7427132757954451,,,,,stage_a,0,{},0001628280-26-011946,0.0026328655675074172
biotech,RPRX,SELL,21.0,biotech_all,commercial,1.328102791126529,False,,-0.1320734884129618,,0.3054807880993974,1.962677614324606,0.5322706870347462,0.33700767935320236,,,,,stage_a,0,{},0001802768-26-000003,0.0025128329950867595
biotech,VRTX,SELL,22.0,biotech_all,commercial,1.2487288166033297,False,,-0.21307456328867241,,0.11396641029770567,1.7425374140143455,0.4364097737452688,0.3727531243543921,,,,,stage_a,0,{},0000875320-26-000056,0.002438394870182475
biotech,ABBV,SELL,23.0,biotech_all,commercial,1.2093286404825012,False,,1.5341205443525463,,0.4068390809326831,1.8926967847667822,0.5979884888835111,0.027575233037695643,,,,,stage_a,0,{},0001551152-26-000008,0.0024014447835961493
biotech,KRYS,SELL,24.0,biotech_all,commercial,1.2088713487013525,False,,0.3023887690093102,,-0.126932213456757,0.10991306286885032,0.5745901379176174,0.6965074215790178,,,,,stage_a,0,{},0001711279-26-000016,0.0024010159283835014
biotech,ZTS,SELL,25.0,biotech_all,commercial,1.2046357833277552,False,,0.25093614036395345,,0.16790818737848703,1.3533667070587034,-1.6318034090191844,0.6275332286750366,,,,,stage_a,0,{},0001555280-26-000011,0.00239704375052276
biotech,PCRX,SELL,26.0,biotech_all,commercial,1.1920610304342536,False,,0.25846978443419805,,1.0456141373283516,0.6140510990732007,-0.007132627856219709,0.48827243168107365,,,,,stage_a,0,{},0001628280-26-012297,0.002385250955313124
biotech,CRMD,SELL,27.0,biotech_all,commercial,1.1700897598940514,False,,-0.23161820607089406,,-0.5340143320887458,0.6237148493406455,-1.07585691792054,0.8600759465672614,,,,,stage_a,0,{},0001213900-26-023889,0.0023646459624221683
biotech,IDYA,SELL,28.0,biotech_all,clinical,1.1541599397940077,False,,,,-0.0418070811056896,0.5894373300471278,0.3041070075135557,,1.3972524730706688,,,,stage_a,0,{},0001193125-26-054533,0.0023497067339731345
biotech,PRAX,SELL,29.0,biotech_all,clinical,1.14750570200435,False,,,,-0.37569970263849645,0.8356368967386845,0.8820571564452431,,-0.10599739934594082,,,,stage_a,0,{},0001689548-26-000029,0.002343466288201019
biotech,IMVT,SELL,30.0,biotech_all,clinical,1.1465064722266392,False,,,,0.38750998101243933,0.7666381793938415,0.43342234821340475,,-0.463707751457179,,,,stage_a,0,{},0001764013-26-000064,0.002342529195262834
biotech,MDGL,SELL,31.0,biotech_all,clinical,1.1242549686765997,False,,,,-0.06543340186182874,0.9741155908755585,-0.11835749989103445,,0.6143848585904899,,,,stage_a,0,{},0001628280-26-009514,0.0023216613955776635
biotech,SEPN,SELL,32.0,biotech_all,commercial,1.1178955156261694,False,,0.6320812524082406,,-0.022968064131397264,-0.48829272971600873,0.37755838904319894,0.7415940438615164,,,,,stage_a,0,{},0001193125-26-098507,0.0023156974034337086
biotech,A,SELL,33.0,biotech_tools,commercial,1.104071878927976,False,,-0.2695185520737674,,-0.4156102714491043,0.6676250203471152,0.4941167366163933,0.5884461441490172,,,,,keywords,70,"{""genomic"": 7, ""sequencing"": 6, ""life science"": 35, ""drug discovery"": 1, ""biopharma"": 13, ""cell and gene therapy"": 3, ""molecular diagnostic"": 4, ""biomarker"": 1}",0001090872-25-000087,0.0023027333859285647
biotech,PTGX,SELL,34.0,biotech_all,commercial,1.0890668543900455,False,,1.2385723381340303,,0.2826315059594851,0.7287812901341307,0.6610538353312629,0.2641469768259235,,,,,stage_a,0,{},0001104659-26-019696,0.0022886614448741345
biotech,RYTM,SELL,35.0,biotech_all,clinical,1.086319049674538,False,,,,0.16486783892174972,1.0185805594608974,-0.3276386974858145,,0.22153572287576415,,,,stage_a,0,{},0001628280-26-012399,0.00228608451166833
biotech,TXG,SELL,36.0,biotech_tools,commercial,1.0760768838654875,False,,-1.2655729799843622,,0.17218917240052678,-1.0161562239110458,1.731530040901884,0.8827025978050257,,,,,keywords,22,"{""genomic"": 8, ""sequencing"": 3, ""life science"": 7, ""biopharma"": 4}",0001628280-26-007822,0.002276479252232043
biotech,ANIP,SELL,37.0,biotech_all,commercial,1.0383966799009317,False,,0.682027203644623,,-0.18330451761735053,0.8465366523790062,-0.6144310599771079,0.48024476198291705,,,,,stage_a,0,{},0001023024-26-000014,0.00224114218178822
biotech,BMY,SELL,38.0,biotech_all,commercial,1.034376020440772,False,,0.7115701188729526,,0.34216047669159555,1.5677914300339246,0.525626157446837,0.08473832270349879,,,,,stage_a,0,{},0000014272-26-000004,0.0022373715459735118
biotech,CAI,SELL,39.0,biotech_tools,commercial,1.0325217872899508,False,,0.899434907667234,,-0.9595289539978086,-1.013670262661178,-0.008644051587298085,0.93458929107348,,,,,keywords,137,"{""genomic"": 29, ""sequencing"": 39, ""life science"": 4, ""drug discovery"": 6, ""biopharma"": 36, ""molecular diagnostic"": 3, ""biomarker"": 20}",0002019410-26-000016,0.002235632617820907
biotech,INDV,SELL,40.0,biotech_all,clinical,1.0227659308502164,False,,,,0.2948933487379759,0.8038836000007231,0.13380003810248406,,-0.3923424600698512,,,,stage_a,0,{},0001628280-26-012237,0.0022264834267343883
biotech,TECH,SELL,41.0,biotech_all,commercial,1.0160463681335747,False,,1.2089714840958592,,0.23967910987903285,2.6964867508716193,1.0684737039784948,-0.3297444955361585,,,,,stage_a,0,{},0001104659-26-100322,0.0022201817182486007
biotech,RVMD,SELL,42.0,biotech_all,clinical,0.998478977631204,False,,,,-0.32601632806181297,0.3853075506034028,1.1959240138484564,,0.2888093550744635,,,,stage_a,0,{},0001193125-26-071563,0.0022037067512797287
biotech,LH,SELL,43.0,biotech_tools,commercial,0.997415588550566,False,,0.3436178974894125,,0.07724438472888455,1.462075088394961,0.09915989245819201,0.21316026780079003,,,,,keywords,20,"{""genomic"": 1, ""life science"": 1, ""biopharma"": 11, ""cell and gene therapy"": 4, ""molecular diagnostic"": 1, ""biomarker"": 2}",0000920148-26-000111,0.0022027094887679052
biotech,VCEL,SELL,44.0,biotech_all,commercial,0.9970628087618892,False,,0.5479718069037227,,-0.03763678206312734,1.0138031327924684,-0.06391588611994348,0.3341382456742091,,,,,stage_a,0,{},0001628280-26-012013,0.002202378646497111
biotech,ABUS,SELL,45.0,biotech_all,clinical,0.9925276180895678,False,,,,0.4252281043387522,0.5433651699813227,0.0,,0.5188058989445246,,,,stage_a,0,{},0001447028-26-000017,0.0021981254754576247
biotech,IQV,SELL,46.0,biotech_tools,commercial,0.9898298719419633,False,,0.06615642613808566,,0.2295112653792586,0.825188979592246,0.6043404982032509,0.31863936396437514,,,,,keywords,45,"{""genomic"": 4, ""life science"": 24, ""biopharma"": 14, ""biomarker"": 3}",0001628280-26-008322,0.002195595487940913
cyber_cloud,RNG,HOLD,1.0,cloud_saas,profitable,2.1723114099921697,False,,1.7533295587879707,-0.6929003452275887,1.0740698149891024,-0.6413681676373937,1.4314389717977785,2.207718273623673,,,,,keywords,7,"{""saas"": 1, ""cloud-based"": 5, ""multi-tenant"": 1}",0001384905-26-000021,0.01653530896001478
cyber_cloud,FTNT,HOLD,2.0,cybersecurity,profitable,2.113889944433917,False,,1.636252043717034,1.0853249080767586,-0.005169277504554611,-0.04234786666067397,1.5669896232638036,1.9020078926944934,,,,,keywords,38,"{""cybersecurity"": 15, ""cyber security"": 1, ""threat detection"": 1, ""zero trust"": 2, ""firewall"": 11, ""security operations"": 4, ""threat intelligence"": 3, ""network security"": 1}",0001262039-26-000007,0.015039960672871859
cyber_cloud,MANH,HOLD,3.0,cloud_saas,profitable,2.0252464414654003,False,,0.17478812643315056,0.0875522464861795,0.25756434429691294,0.04662902999652031,0.35579371432077445,2.2051694697256097,,,,,keywords,9,"{""saas"": 2, ""cloud-based"": 4, ""cloud platform"": 2, ""subscription revenue"": 1}",0001193125-26-037138,0.015946808678203875
cyber_cloud,BOX,HOLD,4.0,cloud_saas,profitable,1.5811289078361002,False,,-0.3639315947310396,0.40422603329656887,0.9089414174637208,0.7625446114207054,0.6149446454533536,1.436326555455839,,,,,keywords,6,"{""software-as-a-service"": 1, ""saas"": 2, ""cloud-based"": 2, ""cloud infrastructure"": 1}",0001193125-26-098466,0.01340122479818421
cyber_cloud,ADBE,HOLD,6.0,cloud_saas,profitable,1.4802061257125616,False,,-0.2854309043449961,1.0565923476784058,0.33612088018583397,0.2516312651101156,-0.6259059316861677,1.584919322055466,,,,,keywords,7,"{""software-as-a-service"": 1, ""saas"": 2, ""cloud-based"": 3, ""cloud infrastructure"": 1}",0000796343-26-000003,0.013240257355398133
cyber_cloud,RELY,HOLD,7.0,cybersecurity,profitable,1.4626572080354725,False,,1.633104032493109,0.5084880591093566,-0.6085650739640106,0.1720973549467675,0.5635598185283643,1.382994127100638,,,,,keywords,19,"{""cybersecurity"": 19}",0001628280-26-009038,0.01289540999000581
cyber_cloud,TEAM,WAIT,5.0,cloud_saas,profitable,1.4909312459375166,False,,1.3542095273241128,0.9144791736948051,0.33324084884297345,-1.0211827603522428,0.5358739494415947,1.5832359398177327,,,,,keywords,10,"{""cloud platform"": 10}",0001650372-26-000036,
cyber_cloud,OSPN,WAIT,23.0,cybersecurity,profitable,0.8468464007191042,False,,-0.5686961383707732,-0.6744897501960817,-0.2717958983437349,1.1302441676615693,0.9401791113937243,0.7788097285366636,,,,,keywords,18,"{""cybersecurity"": 16, ""threat intelligence"": 2}",0001044777-26-000008,
cyber_cloud,WK,WAIT,24.0,cloud_saas,profitable,0.8383933958848816,False,,0.9301899831968254,0.4683492085317807,0.9619431307653328,0.09047539584099211,-0.3839724414747912,0.7102488235758924,,,,,keywords,10,"{""software-as-a-service"": 1, ""saas"": 4, ""cloud-based"": 2, ""cloud platform"": 2, ""multi-tenant"": 1}",0001445305-26-000016,
cyber_cloud,FRSH,WAIT,25.0,cloud_saas,profitable,0.7836058657333362,False,,-0.2998165529071034,0.7887937583725572,0.19621423526970594,0.13766691109132007,0.6806344918686834,0.7126358551683672,,,,,keywords,9,"{""saas"": 3, ""cloud-based"": 3, ""multi-tenant"": 2, ""cloud infrastructure"": 1}",0001544522-26-000036,
cyber_cloud,VEEV,WAIT,26.0,cloud_saas,profitable,0.6744907594765952,False,,1.210713680566728,1.6227111684214417,0.5854405939990515,0.6806344918686834,0.3642271833583263,0.150956225549765,,,,,keywords,3,"{""cloud-based"": 2, ""cloud platform"": 1}",0001393052-26-000014,
cyber_cloud,QTWO,SELL,8.0,cloud_saas,profitable,1.3336217109357844,False,,1.426865623047499,0.31098246312905314,0.5837380021406632,1.4552595581325414,-0.34798971513445076,0.9312004372842247,,,,,keywords,15,"{""software-as-a-service"": 1, ""saas"": 5, ""cloud-based"": 6, ""multi-tenant"": 1, ""cloud infrastructure"": 2}",0001410384-26-000006,0.0077438241989726524
cyber_cloud,FICO,SELL,9.0,cloud_saas,profitable,1.300030579280227,False,,1.1231739206269662,2.52323982402306,0.6759861332094076,-0.5384199104757634,-1.5715492767142587,1.2943579859544185,,,,,keywords,4,"{""software-as-a-service"": 1, ""saas"": 3}",0000814547-25-000030,0.012382706057181208
cyber_cloud,IDCC,SELL,10.0,cloud_saas,profitable,1.2391563147452924,False,,-1.8994646997508158,-0.42009150993941125,0.19616630440302685,1.0322869297798936,-0.04559992036470196,1.4476059980540614,,,,,keywords,3,"{""cloud-based"": 3}",0001405495-26-000011,0.011711143042290463
cyber_cloud,DFIN,SELL,11.0,cloud_saas,profitable,1.2220294494399289,False,,-0.15779188005412303,-1.3581420810326106,0.299599448175998,1.0637731902447356,0.0,1.3012239250892592,,,,,keywords,5,"{""cloud-based"": 5}",0001193125-26-054586,0.007421977076136498
cyber_cloud,QLYS,SELL,12.0,cloud_saas,profitable,1.142480372027896,False,,0.31735524540912885,0.9596938839279922,0.12397761866628572,-1.0134586588537329,0.7547493090849496,1.3087781604953788,,,,,keywords,53,"{""software-as-a-service"": 1, ""saas"": 1, ""cloud-based"": 6, ""cloud platform"": 37, ""multi-tenant"": 4, ""cloud infrastructure"": 3, ""cloud computing"": 1}",0001107843-26-000008,0.00719254681505801
cyber_cloud,RAMP,SELL,13.0,cloud_saas,profitable,1.129998063812584,False,,-0.009323579420617512,-0.3417246235895877,0.8927199182155325,2.411419661681273,1.1513067847391,0.4962484336601633,,,,,keywords,4,"{""subscription revenue"": 4}",0000733269-26-000025,0.011803858208034193
cyber_cloud,ADSK,SELL,14.0,cloud_saas,profitable,1.0953629364028206,False,,0.683766740555052,1.7426466909789804,-0.11762098804296804,-0.012675346221436096,-0.7400634768360164,1.078513535978591,,,,,keywords,11,"{""saas"": 1, ""cloud-based"": 7, ""subscription revenue"": 3}",0000769397-26-000015,0.011154848241338545
cyber_cloud,TENB,SELL,15.0,cybersecurity,profitable,1.092305483674786,False,,1.0672281530203647,0.21042839424792484,1.5540991661495511,-1.4130840891863856,0.39004361455418646,1.2185135740037099,,,,,keywords,17,"{""cybersecurity"": 12, ""threat detection"": 1, ""endpoint security"": 1, ""threat intelligence"": 1, ""network security"": 2}",0001660280-26-000005,0.007047835674351596
cyber_cloud,HUBS,SELL,16.0,cloud_saas,profitable,1.0392619615892225,False,,0.8991714973201157,0.8292256307212857,0.41858373603968185,-1.0628236025607756,-1.8587466122710703,1.4374718940225428,,,,,keywords,7,"{""software-as-a-service"": 1, ""cloud-based"": 3, ""multi-tenant"": 1, ""cloud infrastructure"": 2}",0001193125-26-046646,0.010938393919328163
cyber_cloud,NTNX,SELL,17.0,cloud_saas,profitable,1.030408628447796,False,,1.5341205443525463,0.6029955825601829,-0.9148663320390336,1.4035681937971396,0.19106240503145258,0.6701960434979901,,,,,keywords,37,"{""software-as-a-service"": 1, ""saas"": 4, ""cloud-based"": 3, ""cloud platform"": 17, ""multi-tenant"": 2, ""cloud infrastructure"": 10}",0001193125-26-394793,0.011103006951052133
cyber_cloud,INTA,SELL,18.0,cloud_saas,profitable,1.006296873514626,False,,-1.1849472095032727,0.40422603329656887,1.1819414155118977,0.4375355510217964,-0.03393398979864615,1.0151052452979816,,,,,keywords,16,"{""saas"": 2, ""cloud-based"": 6, ""cloud platform"": 2, ""multi-tenant"": 2, ""cloud infrastructure"": 4}",0001565687-26-000073,0.006799775250195643
cyber_cloud,OOMA,SELL,19.0,cloud_saas,profitable,0.9688273415910683,False,,0.23676069411201003,-0.5683940320803151,-1.0249864044901076,0.6031814001016137,0.6677828176771252,1.063204010246271,,,,,keywords,8,"{""software-as-a-service"": 1, ""saas"": 1, ""cloud-based"": 4, ""multi-tenant"": 1, ""cloud infrastructure"": 1}",0001327688-26-000009,0.006691708069891548
cyber_cloud,WDAY,SELL,20.0,cloud_saas,profitable,0.9179941152938906,False,,0.8356924181039559,0.5683940320803152,-0.07359889645828076,-0.27262209293444206,-0.41878000709862256,1.0244219755000992,,,,,keywords,3,"{""cloud-based"": 2, ""cloud infrastructure"": 1}",0001327811-26-000014,0.00654509819382202
cyber_cloud,ZETA,SELL,21.0,cloud_saas,profitable,0.8790178450278268,False,,0.6225131802588943,0.5011308027897144,-0.733066716025769,-0.2521124406588331,0.899713918059087,0.9277572048355518,,,,,keywords,4,"{""cloud platform"": 1, ""multi-tenant"": 2, ""cloud infrastructure"": 1}",0001193125-26-068598,0.006432685377056202
cyber_cloud,MDB,SELL,22.0,cloud_saas,profitable,0.865299346354759,False,,1.1174523676429318,1.2240583073968097,0.3025054534783762,-0.7288380458055739,0.4208904454911283,0.8095495155301478,,,,,keywords,4,"{""cloud platform"": 2, ""cloud computing"": 2}",0001628280-26-016799,0.006393119377869757
cyber_cloud,FFIV,SELL,36.0,cloud_saas,profitable,0.4574754655887863,False,,0.023770342256612453,0.0875522464861795,-0.294669623604299,0.8412698322928879,0.9423095020692298,0.24263305994008139,,,,,keywords,17,"{""software-as-a-service"": 1, ""saas"": 12, ""cloud-based"": 2, ""cloud platform"": 2}",0001048695-25-000157,0.004613175627729659
defense_space,SWBI,HOLD,1.0,defense,profitable,1.7693690423286303,False,,0.4521336717997841,0.9830529168961906,-0.1900697616571835,0.18021553695721065,0.896686819393197,1.5191305628681213,,,,,keywords,12,"{""military"": 9, ""defense"": 3}",0001193125-26-274254,0.010379665021113144
defense_space,GRMN,HOLD,2.0,space,profitable,1.7531079259516111,False,,0.0504866446968789,1.1900097671160506,0.8518106493476371,-0.1575895498493954,1.2271265043912427,1.4375970926344064,,,,,keywords,20,"{""satellite"": 20}",0001193125-26-056028,0.010325579771692975
defense_space,GD,HOLD,3.0,defense,profitable,1.6947106082863341,False,,0.3129595882960857,0.23532887106951705,-0.09275938327068872,2.2024934510832006,0.6831670855955384,1.0527217253582437,,,,,keywords,28,"{""u.s. army"": 2, ""u.s. navy"": 2, ""military"": 5, ""defense"": 19}",0000040533-26-000006,0.010131347505090475
defense_space,MSI,HOLD,4.0,defense,profitable,1.5182635490569154,False,,-1.1382195917006486,0.9830529168961906,-0.08736656218409065,1.078176270239691,0.7124933762205207,1.2136030434354572,,,,,keywords,8,"{""defense"": 8}",0000068505-26-000010,0.0137358873504831
defense_space,ATRO,HOLD,5.0,defense,profitable,1.3204532149723585,False,,1.4116116906498812,-0.116852746716332,-1.1239261289091689,-0.42711400327458915,1.0624706440371159,1.2660439061025288,,,,,keywords,11,"{""department of defense"": 1, ""military"": 5, ""defense"": 5}",0000008063-26-000021,0.008886549546855829
defense_space,NOC,HOLD,6.0,defense,profitable,1.2561580516895603,False,,-1.2006577867160226,-0.452147410767536,0.08036634420240603,1.3950865075427064,-0.23841250434157657,1.116754539306723,,,,,keywords,36,"{""u.s. army"": 2, ""u.s. navy"": 6, ""u.s. air force"": 4, ""military"": 6, ""defense"": 18}",0001133421-26-000003,0.00867270076415016
defense_space,MG,WAIT,14.0,defense,profitable,0.7913660736275825,False,,0.47108190517316106,-1.3957469929496675,-0.3398474042597715,-0.4672709454697236,2.0896147132997864,0.7160317593537758,,,,,keywords,14,"{""defense"": 14}",0001628280-26-016765,
defense_space,TDG,WAIT,15.0,defense,profitable,0.7615389084363622,False,,0.17578212101566826,1.2554861698244295,0.3218758881062944,1.0582095959200193,0.06493017598734546,0.17609080889292444,,,,,keywords,14,"{""military"": 10, ""defense"": 4}",0001260221-25-000081,
defense_space,CMCSA,WAIT,16.0,space,profitable,0.7405371922606601,False,,-2.0684772902028477,-0.3824499321848252,0.3387801296918702,0.42711400327458915,-0.26527504598418716,0.8340455451790011,,,,,keywords,10,"{""satellite"": 10}",0001628280-26-004994,
defense_space,GE,WAIT,17.0,defense,profitable,0.719855554870869,False,,0.6430764982921329,1.5705850285674192,0.780999956664667,0.7266383181229565,0.5101397564040238,6.938893903907228e-17,,,,,keywords,19,"{""u.s. air force"": 1, ""military"": 1, ""defense"": 17}",0000040545-26-000008,
defense_space,HII,WAIT,18.0,defense,profitable,0.6342017786673327,False,,0.1789548574791598,-1.1363408192553903,-0.27385957608279027,0.771686818681919,-0.2003448699968417,0.5068598132302666,,,,,keywords,51,"{""u.s. navy"": 32, ""military"": 4, ""defense"": 15}",0001501585-26-000006,
defense_space,CW,SELL,7.0,defense,profitable,1.211250190926776,False,,0.8856043815925929,0.6205682718075379,0.30751890051237146,0.6570691861680826,0.03936523303769642,0.7914033945208925,,,,,keywords,37,"{""u.s. navy"": 2, ""military"": 3, ""defense"": 32}",0001628280-26-007587,0.008523335075228946
defense_space,FLR,SELL,8.0,defense,pre_profit,1.1484215211650723,False,,,,1.8847711780493386,-0.2003448699968417,0.8578218651626761,,1.0491313979639707,,,,keywords,8,"{""department of defense"": 2, ""military"": 3, ""defense"": 3}",0001124198-26-000007,0.013275989632793906
defense_space,LMT,SELL,9.0,defense,profitable,0.9555117616848705,False,,1.048991483259884,-0.17578212101566826,0.03940858599652649,0.7595030603487682,0.36020853065118685,0.542955066272319,,,,,keywords,47,"{""u.s. army"": 8, ""u.s. navy"": 8, ""u.s. air force"": 7, ""military"": 7, ""defense"": 17}",0001628280-26-004195,0.007672736849917759
defense_space,WWD,SELL,10.0,defense,profitable,0.9317360789563748,False,,0.7543330295792616,0.6929003452275887,-0.147136677164572,0.7073050338802618,0.5668318073716212,0.45428176487756133,,,,,keywords,14,"{""military"": 6, ""defense"": 8}",0001193125-25-296204,0.00759365779404661
defense_space,HXL,SELL,11.0,defense,profitable,0.911648198783403,False,,0.9272656877667895,-0.02915096852312123,0.7898346635642767,0.6633388761718364,0.8726449719090141,0.35536429708914347,,,,,keywords,26,"{""military"": 11, ""defense"": 15}",0001193125-26-046377,0.007526844545540922
defense_space,DRS,SELL,12.0,defense,profitable,0.8398293309954475,False,,1.2899076108336092,0.0875522464861795,-0.14223830311086302,0.544763491003379,-0.21263981608634192,0.494311522339875,,,,,keywords,37,"{""u.s. navy"": 3, ""military"": 2, ""defense"": 32}",0001833756-26-000013,0.007287971562448855
defense_space,TTEK,SELL,13.0,defense,profitable,0.7955725758503511,False,,-0.8771123122458131,-1.2554861698244295,1.2639042609577844,0.8385904231618808,0.3986777274359405,0.5563146146870184,,,,,keywords,8,"{""department of defense"": 1, ""military"": 2, ""defense"": 5}",0000831641-25-000032,0.007140771481897634
energy,MGY,HOLD,1.0,oil_gas,profitable,2.1428391321111357,False,,,,-0.7239194349416939,-0.175369750930419,-0.3193658004002026,2.5959141893929583,,-0.38532046640756773,1.1254068571636222,0.6172736237167021,stage_a,0,{},0001698990-26-000005,0.003873910001156992
energy,PNRG,HOLD,2.0,oil_gas,profitable,2.1376178280495215,False,,,,0.4301140627755706,-0.6301414338568226,-0.1298073915492058,2.0019292473257417,,-0.5640394670795724,1.417797137996267,1.668656751029565,stage_a,0,{},0001437749-26-012531,0.0038681212892596015
energy,KRP,HOLD,3.0,oil_gas,profitable,1.9982746579403785,False,,,,0.4604880116963048,0.5075237562219211,0.7458633438014217,0.9364207397476192,,0.5640394670795724,0.6909716879625163,2.584133150167923,stage_a,0,{},0001104659-26-020477,0.0037136354640495734
energy,APA,HOLD,4.0,oil_gas,profitable,1.9306099472936697,False,,,,0.1716070648441573,-0.521472221381158,0.9272204212659441,1.7229052523306798,,-1.1178375904942806,0.5946412010006974,1.5951284040609672,stage_a,0,{},0001841666-26-000015,0.003638617516247274
energy,MGEE,HOLD,5.0,power_utilities,profitable,1.9069452397893205,False,,,,-0.5293558562117763,0.7407956861255682,-0.49010395545126223,2.00042356910598,,,0.3661063568005698,0.6196207830194566,stage_a,0,{},0001193125-26-067036,0.0036123811254410378
energy,AVA,HOLD,6.0,power_utilities,profitable,1.8444821817785735,False,,,,0.2264006132654451,1.3916345235425513,-0.1761476609291578,0.9982011721528863,,,1.465233792685523,1.7328286808957516,stage_a,0,{},0001193125-26-067872,0.003543130102557219
energy,WEC,WAIT,35.0,power_utilities,profitable,0.8267238746138282,False,,,,0.0,1.1949918910079402,-0.22380985114856028,0.8233903634690554,,,0.0,-0.19082764277801892,stage_a,0,{},0000783325-26-000018,
energy,MPC,WAIT,36.0,oil_gas,profitable,0.824857829627483,False,,,,0.484377120482638,-0.11072062601880167,1.4052912763745393,0.6362394638196536,,-0.3608898143398712,0.14410612688871668,0.3906335379774728,stage_a,0,{},0001510295-26-000009,
energy,COP,WAIT,37.0,oil_gas,profitable,0.812950300339241,False,,,,0.47661129250206874,0.1361278772341441,0.6481454452841308,0.7308606214197289,,-0.21820071595246202,,0.17829594140514757,stage_a,0,{},0001163165-26-000009,
energy,ES,WAIT,38.0,renewables,profitable,0.79882371979916,False,,,,0.3131642687384652,0.859619280049176,-0.1608830612553846,0.24340417781063114,,,-0.056999674358374317,0.978020657870341,keywords,16,"{""solar"": 12, ""energy storage"": 1, ""fuel cell"": 1, ""geothermal"": 2}",0001628280-26-008461,
energy,OGE,WAIT,39.0,renewables,profitable,0.7220920806450709,False,,,,0.1803583678981514,1.0224336256952578,0.21042143188406953,0.2013048723984104,,,0.40998332218733674,0.6650389885141419,keywords,11,"{""solar"": 8, ""photovoltaic"": 2, ""fuel cell"": 1}",0001193125-26-055414,
energy,GPOR,SELL,7.0,oil_gas,profitable,1.7999962997301548,False,,,,-0.08644222161042886,0.42997158028400156,-0.8059850066598221,1.6225956909842734,,0.9258086048733372,0.38813427753740304,1.2413388788864799,stage_a,0,{},0001628280-26-011487,0.003493809865382602
energy,UTL,SELL,8.0,power_utilities,profitable,1.7564423519547296,False,,,,-1.3103874059645015,1.1671242777300395,0.4354656925957671,1.2074140502222022,,,-0.967421566101701,1.7351112194876095,stage_a,0,{},0001193125-26-042983,0.0034455228373354374
energy,HESM,SELL,9.0,oil_gas,profitable,1.6579253735143678,False,,,,0.7886316600921238,0.5631568308552722,0.7514261389002455,1.5437805306959738,,1.0762439205318424,-0.4450965249855164,0.43232075105840007,stage_a,0,{},0001193125-26-071592,0.0033362998542524713
energy,EOG,SELL,10.0,oil_gas,profitable,1.6270717650600048,False,,,,-0.12339404021247176,0.004105648139291221,0.6261893308374706,1.626828226747702,,-0.1486647445326487,0.9467817563010457,0.7022604349297119,stage_a,0,{},0000821189-26-000054,0.0033020933326192545
energy,FSLR,SELL,11.0,renewables,profitable,1.4914104338280187,False,,,,0.6134167684155806,-0.6360345464716806,-1.1843479750664765,1.170890918147156,,,1.2074140502222022,1.6787657913676546,keywords,162,"{""solar"": 161, ""energy storage"": 1}",0001274494-26-000021,0.0031516894578685313
energy,CHRD,SELL,12.0,oil_gas,profitable,1.4650261451140012,False,,,,0.16560706592601548,-0.24121031443066315,0.49915412032774237,1.1270194661311401,,-1.1614608253919987,0.9066662173927288,1.4853295538410023,stage_a,0,{},0001486159-26-000005,0.0031224379444188795
energy,PR,SELL,13.0,oil_gas,profitable,1.3175144581844884,False,,,,-0.4031753777382599,0.03905552788778017,0.8315161360647407,1.3430824334377673,,-0.7328722271037081,0.06532320526972729,0.6320376032143797,stage_a,0,{},0001658566-26-000035,0.002958895916018208
energy,SD,SELL,14.0,oil_gas,profitable,1.2716564096846807,False,,,,-0.48362987653721395,0.14561952828018596,-0.01481800773332223,0.7250378746276416,,0.056999674358374317,1.7933519429410234,1.610023522385376,stage_a,0,{},0001628280-26-015318,0.002908054396771407
energy,OVV,SELL,15.0,oil_gas,profitable,1.2548166855625909,False,,,,-0.22586735864980526,0.08174268468104709,0.7481573555434933,1.4038035435590832,,-0.7938672327134264,0.3324051724637781,0.2735032209477374,stage_a,0,{},0001193125-26-064309,0.0028893846716943
energy,VST,SELL,16.0,renewables,profitable,1.2379423455876855,False,,,,0.6087633506770667,-0.2707346587988886,-1.2526032322967586,1.3037826721034866,,,0.6744897501960817,0.6618617593127935,keywords,14,"{""solar"": 8, ""energy storage"": 6}",0001692819-26-000006,0.0028706765690018183
energy,PEG,SELL,17.0,power_utilities,profitable,1.225970546839491,False,,,,1.6242959128448529,1.3348378615328298,-0.6799806148852521,1.0358198252776598,,,-0.36610635680056963,0.097179633581529,stage_a,0,{},0001193125-26-077446,0.0028574037748819872
energy,OTTR,SELL,18.0,renewables,profitable,1.2211481335580232,False,,,,-0.17580587870621092,0.5288850049590595,0.7980630582516397,0.9420757749957758,,,0.8254944909292358,0.6067788293616775,keywords,28,"{""solar"": 19, ""photovoltaic"": 3, ""energy storage"": 1, ""battery storage"": 4, ""hydrogen"": 1}",0001466593-26-000008,0.002852057301892261
energy,NXT,SELL,19.0,renewables,profitable,1.2145889090324902,False,,,,-0.667730647295974,-0.7655705317845302,-0.8353409595542122,1.4081558785301818,,,1.4894700423279401,0.7532752605204657,keywords,117,"{""solar"": 114, ""photovoltaic"": 1, ""energy storage"": 2}",0001852131-26-000017,0.0028447852754788306
energy,RRC,SELL,20.0,oil_gas,profitable,1.18228516663292,False,,,,0.21720179507165546,0.2548034858027889,-0.28900852095584684,1.2624220813104996,,0.03418795339197485,,0.2753870816073278,stage_a,0,{},0001193125-26-067292,0.002808971031421796
energy,TPL,SELL,21.0,oil_gas,profitable,1.095628031595228,False,,,,0.20247359957976344,-0.6032404188284641,-0.4640126541722746,2.1930762369589227,,-0.056999674358374317,1.5779228566327848,-1.437133400799488,stage_a,0,{},0001811074-26-000018,0.00271289672073869
energy,CQP,SELL,22.0,oil_gas,profitable,1.062886307825513,False,,,,0.561126170736518,0.18928703870970992,0.43333319288453764,1.251658346224826,,0.6744897501960817,-0.47411673328667453,-0.18644120744906229,stage_a,0,{},0001383650-26-000005,0.002676596899144267
energy,AEE,SELL,23.0,power_utilities,profitable,1.0389574984986083,False,,,,-0.5002727371577728,1.57139725413806,-0.05578405931609659,0.8254944909292358,,,0.24104039388602685,0.21672467815502744,stage_a,0,{},0001002910-26-000009,0.002650067706129175
energy,NBR,SELL,24.0,oil_gas,profitable,1.038707863034477,False,,,,-0.06179135739116163,-0.18860765767153462,0.47085874408994643,0.9248674954615366,,-1.489470042327941,-0.1177698745790953,0.9641790985695379,stage_a,0,{},0001104659-26-014997,0.0026497909423620824
energy,AES,SELL,25.0,renewables,profitable,1.0150839030455208,False,,,,-0.40050176197318094,2.7665236598792244,0.22544844083278698,-0.5008242807286202,,,,2.069901830895051,keywords,222,"{""solar"": 145, ""photovoltaic"": 1, ""energy storage"": 74, ""battery storage"": 1, ""hydrogen"": 1}",0000874761-26-000063,0.002623599727171815
energy,MTDR,SELL,26.0,oil_gas,profitable,0.9919721527602584,False,,,,-0.41968664764653535,-0.24500524457864278,0.01464914582414227,0.9477952548582631,,-0.9613750266271346,-0.039176085503097625,0.9501009943610328,stage_a,0,{},0001520006-26-000002,0.0025979763843695072
energy,DINO,SELL,27.0,oil_gas,profitable,0.9692732085746789,False,,,,0.719106541738601,-0.4100783028578691,1.285475820322734,0.7267806232854244,,-0.31265148982138624,1.0319760584080335,0.5969979724288614,stage_a,0,{},0001915657-26-000016,0.0025728107079954236
energy,DUK,SELL,28.0,power_utilities,profitable,0.9492610494731436,False,,,,1.0282988804964661,1.8107047761053419,-0.04472826662589535,0.2728880427365219,,,0.7916386077433746,0.5173598384421636,stage_a,0,{},0001326160-26-000014,0.0025506237941293653
energy,POR,SELL,29.0,renewables,profitable,0.9232447947180158,False,,,,-0.36208462748309805,0.7225042347415871,0.0362367353595129,0.5578847628395989,,,0.2888093550744635,0.8146181283350756,keywords,31,"{""solar"": 23, ""photovoltaic"": 1, ""energy storage"": 6, ""geothermal"": 1}",0001193125-26-052750,0.0025217803095038023
energy,EGY,SELL,30.0,oil_gas,profitable,0.8941259926359544,False,,,,0.42282444812743775,-0.33054398293212844,0.5794610080793063,1.234595372533767,,-0.9258086048733372,-0.22379519798005867,-0.17376959807356518,stage_a,0,{},0000894627-26-000013,0.0024894971185497623
energy,GRNT,SELL,31.0,oil_gas,profitable,0.8824360648033874,False,,,,-0.6765793009662396,-0.2215735266421056,-0.5783607313729948,1.2869457214460687,,-0.17174708963751179,-1.7933519429410238,0.30224394238836944,stage_a,0,{},0001928446-26-000007,0.0024765368267288907
energy,FTI,SELL,32.0,oil_gas,profitable,0.8808591631461354,False,,,,0.898717811536168,0.10312217872722823,0.8281733561948041,0.9737339027349223,,0.10272426078128215,1.4930783970128962,-0.4284384092294543,stage_a,0,{},0001681459-26-000010,0.002474788560533965
energy,EXE,SELL,33.0,oil_gas,profitable,0.8745888060007313,False,,,,0.27900223636478755,0.5196420763612608,-0.9375646926319131,0.347044706146388,,0.8579698881941707,0.5334097062412806,1.2219447437315076,stage_a,0,{},0000895126-26-000011,0.002467836793201482
energy,HAL,SELL,34.0,oil_gas,profitable,0.8524749447409667,False,,,,0.6426338837475921,0.1388938693712809,0.06451863703396193,0.9961801637656915,,-0.537519106202773,0.22379519798005854,-0.07296851452585329,stage_a,0,{},0000045012-26-000015,0.002443319781692279
robotics,TER,HOLD,1.0,components,profitable,2.687458980312527,False,,1.2438356072404133,1.4894700423279401,-0.024218795848492958,-0.2450062230373207,1.5332213404130854,1.7449468057169601,,,,,keywords,34,"{""robot"": 34}",0001193125-26-059002,0.04156139396266896
robotics,AIT,HOLD,2.0,industrial_automation,profitable,2.2871946412211788,False,,-1.0913373079364144,-0.13971029888186212,1.0867381042235598,1.5332213404130854,1.2929710852040968,1.2803201920623755,,,,,keywords,14,"{""robotic"": 3, ""factory automation"": 2, ""motion control"": 5, ""machine vision"": 3, ""collaborative robot"": 1}",0000109563-26-000033,0.018583952060797937
robotics,ISRG,HOLD,3.0,surgical_medical,profitable,2.117286063406273,False,,1.086085329371746,1.4894700423279401,0.34675037792299696,0.6868307517813155,-0.04214256197040077,1.1028076111875442,,,,,keywords,26,"{""surgical robot"": 1, ""robotic-assisted"": 24, ""robotic system"": 1}",0001035267-26-000010,0.017716140338402176
robotics,ROK,HOLD,4.0,industrial_automation,profitable,1.8833086015166223,False,,0.43583597245614325,0.43072729929545744,0.1575963736640891,1.4359648707376935,1.0504176368690719,0.7784386819757396,,,,,keywords,7,"{""warehouse automation"": 1, ""industrial automation"": 4, ""process automation"": 1, ""automation products"": 1}",0001024478-25-000116,0.016521095410032265
robotics,CGNX,HOLD,5.0,industrial_automation,profitable,1.5139345070976071,False,,0.6248188565821047,0.967421566101701,0.7211369168590552,0.6567373481429442,1.0574142284863806,0.43583597245614325,,,,,keywords,34,"{""robotic"": 3, ""factory automation"": 1, ""machine vision"": 30}",0000851205-26-000012,0.01463450926347917
robotics,GMED,HOLD,6.0,surgical_medical,profitable,1.3732562687258787,False,,-1.489470042327941,0.9982011721528863,0.10835526128810218,1.5993061747291997,0.9057054534555953,0.4132270412576873,,,,,keywords,4,"{""robotic surgery"": 1, ""robotic system"": 3}",0001628280-26-011209,0.013915992129647557
robotics,ALGM,WAIT,7.0,components,profitable,1.0250634685758897,False,,0.441247082643805,0.6744897501960817,0.08166874101244026,0.0809472904812959,-1.1102230246251565e-16,0.3546330979201426,,,,,keywords,28,"{""robot"": 28}",0001193125-26-233537,
robotics,SYM,WAIT,8.0,industrial_automation,profitable,0.9722864774504727,False,,0.7784386819757396,1.59321881802305,-0.6148873856189385,0.08202946627801233,-0.6567373481429442,0.31289862596067447,,,,,keywords,45,"{""robotic"": 27, ""warehouse automation"": 4, ""industrial automation"": 1, ""autonomous mobile robot"": 6, ""robotic arm"": 7}",0001837240-25-000278,
robotics,HON,WAIT,9.0,industrial_automation,profitable,0.9388334222386175,False,,1.59321881802305,-0.7647096737863871,0.8525136913663934,1.2290796448084786,0.4849852073806812,-0.14110807353125407,,,,,keywords,28,"{""industrial automation"": 21, ""process automation"": 6, ""automation products"": 1}",0000773840-26-000013,
robotics,KTOS,WAIT,10.0,autonomous_drone,pre_profit,0.8468159496004201,False,,,,-0.008341167908253936,0.7003725305652884,-1.305988596025961,,1.59321881802305,,,,keywords,42,"{""drone"": 20, ""unmanned aerial"": 10, ""unmanned aircraft"": 1, ""unmanned systems"": 5, ""uncrewed"": 3, ""unmanned ground"": 3}",0001069258-26-000013,
robotics,MDT,WAIT,11.0,surgical_medical,profitable,0.8052654150939121,False,,0.365744712277228,0.056999674358374317,0.40592655985983156,1.2341193263370591,0.5244013791400297,-0.17649182391448132,,,,,keywords,3,"{""robotic-assisted"": 2, ""robot-assisted"": 1}",0001628280-26-044354,
robotics,NXT,SELL,12.0,components,profitable,0.6716031606455077,False,,-1.2689713376543765,0.5375191062027732,-0.5953418560064979,-0.23912484757097713,-0.17758627647626235,0.41316423063861835,,,,,keywords,9,"{""robot"": 9}",0001852131-26-000017,0.0028447852754788306
semiconductors,NVDA,HOLD,1.0,semis_all,profitable,3.3255744979647686,False,,0.2513839811650137,1.9145058250555569,-0.13880303428888927,1.408281835336238,0.7661657373021398,2.3550840094933703,,,,,stage_a,0,{},0001045810-26-000021,0.028549283117452667
semiconductors,MU,HOLD,2.0,semis_all,profitable,2.822389878383367,False,,2.0114523289440247,2.3550840094933703,-1.0849106445869212,0.15815513900666883,1.5784211668900725,1.9145058250555569,,,,,stage_a,0,{},0000723125-25-000028,0.025032440501954818
semiconductors,LSCC,HOLD,3.0,semis_all,profitable,2.1088923306725627,False,,0.19935864176809026,1.1731373249266586,-0.4749726772070069,0.7248348904698122,0.4082781285891478,1.5155640243888737,,,,,stage_a,0,{},0001437749-26-004100,0.015572141758179144
semiconductors,LRCX,HOLD,4.0,semi_equipment,profitable,2.0488482252628244,False,,0.8453108147924493,1.0968035620935135,0.22411569212831547,0.17468733637362527,0.7423668596587434,1.393712595839206,,,,,keywords,115,"{""wafer"": 33, ""lithography"": 5, ""wafer fab"": 2, ""deposition"": 27, ""etch"": 48}",0000707549-26-000037,0.015301925147123415
semiconductors,TER,HOLD,6.0,semi_equipment,profitable,1.9982656278585447,False,,1.2192401121741003,1.6906216295848986,-0.11952155113934193,0.21217015232735592,1.0411848163774216,1.2192401121741003,,,,,keywords,6,"{""wafer"": 6}",0001193125-26-059002,0.04156139396266896
semiconductors,AVGO,HOLD,7.0,semis_all,profitable,1.836565376159317,False,,2.0094383976892223,1.6818775202576002,0.47820161858669236,1.5424123999012742,-0.1587737404486866,0.705284051396352,,,,,stage_a,0,{},0001730168-25-000121,0.01957226634715282
semiconductors,NVEC,WAIT,5.0,semis_all,profitable,2.038004221848082,True,,1.1178371442263833,1.0853249080767586,1.3833491382333871,-0.4157252909290601,0.4985023760881181,1.3836012141671794,,,,,stage_a,0,{},0001376474-26-000348,
semiconductors,ALAB,WAIT,10.0,semis_all,profitable,1.4876463934598647,False,,1.0333365052595196,1.382994127100638,-0.5205030190058214,-0.9702400325263845,0.1256325890230638,1.2390300460174963,,,,,stage_a,0,{},0001736297-26-000010,
semiconductors,LFUS,WAIT,15.0,semi_equipment,profitable,0.9840443988632129,False,,6.938893903907228e-17,0.0,0.49077443262903603,1.044781241380953,0.6408230188128764,0.3513366192857497,,,,,keywords,5,"{""wafer"": 4, ""wafer fab"": 1}",0001628280-26-009585,
semiconductors,TEL,WAIT,16.0,semis_all,profitable,0.9595256614604839,False,,-0.337064890901953,0.2342191939146195,0.2880341117424597,1.4983157269372254,0.0,0.3321458700196916,,,,,stage_a,0,{},0001104659-25-109150,
semiconductors,KLAC,WAIT,17.0,semi_equipment,profitable,0.869555423655482,False,,-0.6089162542963152,0.4727891209922672,0.1635099610185081,0.3661897004912365,-0.01570167158058701,0.5484017810467567,,,,,keywords,40,"{""wafer"": 28, ""lithography"": 2, ""wafer fab"": 1, ""deposition"": 4, ""etch"": 5}",0000319201-26-000027,
semiconductors,CRUS,SELL,8.0,semis_all,profitable,1.8057628817503069,False,,-0.055823676801462135,0.4053977219782403,0.8661500016428453,0.9160327170536386,-0.7767688026174079,1.2780657260136483,,,,,stage_a,0,{},0000772406-26-000018,0.014207967675810727
semiconductors,TXN,SELL,9.0,semis_all,profitable,1.6822886775401316,False,,0.8180346015689843,0.5620615648282653,-0.11750006101938452,1.5284579219643044,0.44698689114632617,0.8447238923956197,,,,,stage_a,0,{},0000097476-26-000059,0.013652296460679836
semiconductors,QCOM,SELL,11.0,semis_all,profitable,1.2853918426687316,False,,-1.1617433526513332,-0.04643572477052713,0.4303705659757922,-0.02142968020960989,-0.2026398231991418,1.178197514693299,,,,,stage_a,0,{},0000804328-25-000085,0.016282164318914643
semiconductors,MPWR,SELL,12.0,semis_all,profitable,1.14549998723324,False,,0.11174294430485932,0.6172997419177135,-0.48270713002404,-0.032209714035206116,0.22688446253002034,0.8616341201741723,,,,,stage_a,0,{},0001437749-26-006113,0.011236585213789545
semiconductors,RMBS,SELL,13.0,semis_all,profitable,1.1127677649749148,False,,-0.8506675234029482,0.9310033102379446,0.2275727020229427,-0.14983949834881455,-1.23284060389773,1.033626346543616,,,,,stage_a,0,{},0001193125-26-057101,0.015690117659376702
semiconductors,AMAT,SELL,14.0,semis_all,profitable,1.0534007789483522,False,,0.22792011657733907,-0.2581433244208951,-0.2862329491482051,0.21933711227991146,0.4829373340081861,0.7465324375331049,,,,,stage_a,0,{},0001628280-25-056742,0.01485791664728855
semiconductors,FSLR,SELL,34.0,semis_all,profitable,0.20212789856256494,False,,0.04368009780869664,0.8284646485811346,0.11378908356507349,0.43583597245614325,-0.9990238631969381,-0.12216718912822938,,,,,stage_a,0,{},0001274494-26-000021,0.0031516894578685313
semiconductors,NXT,SELL,35.0,semis_all,profitable,0.1949313863442558,False,,-0.8117820972664209,0.023211605212385036,-0.7756056364870787,0.2586560766078928,-0.8609987519210518,0.2165623587799023,,,,,stage_a,0,{},0001852131-26-000017,0.0028447852754788306
