theme,symbol,signal,rank_in_theme,subtheme,stage,score,entry_blocked_top_vol,override,grp_investment,grp_low_risk,grp_momentum,grp_survival,grp_commodity,grp_leverage,grp_quality,grp_value,grp_fundamental_mom,grp_growth_quality,evidence_method,evidence_hits,evidence_keywords,evidence_10k
biotech,TECH,BUY,1.0,biotech_all,commercial,2.226740809312884,False,,0.23876521596829214,2.6800813641203702,1.0490470317503147,,,,-0.3030484952589611,,1.1264520469614527,,stage_a,0,{},0001104659-26-100322
biotech,ANAB,BUY,5.0,biotech_all,commercial,1.9518777964493075,False,,1.620210394721344,0.3778323118173358,0.5291173527341001,,,,-0.8284646485811346,,2.497705474412374,,stage_a,0,{},0001193125-26-396696
biotech,IRWD,HOLD,2.0,biotech_all,commercial,2.12154262717333,False,,1.1213695574101425,0.23542553859007956,0.4198603541332885,,,,2.052220883307486,,0.7347364778072545,,stage_a,0,{},0001104659-26-020489
biotech,ABBV,HOLD,3.0,biotech_all,commercial,2.074763456906579,False,,0.40527623065774554,1.8709801390616305,0.6487821419739734,,,,0.052162938337357106,,1.485165456902677,,stage_a,0,{},0001551152-26-000008
biotech,ELVN,HOLD,4.0,biotech_all,clinical,1.9575581533951891,False,,-0.0062168881526350655,0.9150542167764188,0.5545166478074733,1.903602098504983,,,,,,,stage_a,0,{},0001193125-26-088232
biotech,IMCR,HOLD,6.0,biotech_all,clinical,1.7966757290244446,False,,0.21563661215669136,1.294557449317164,-0.3254031540478946,1.903602098504983,,,,,,,stage_a,0,{},0001671927-26-000005
biotech,EXEL,HOLD,7.0,biotech_all,commercial,1.7204587153047641,False,,0.8906381028092976,0.6942834271735809,0.8957498346638804,,,,0.6884525332688956,,0.5264080317839022,,stage_a,0,{},0000939767-26-000021
biotech,BMY,WAIT,8.0,biotech_all,commercial,1.4993275985998742,False,,0.36884885350960434,1.564751207211115,0.5807573073247063,,,,0.10474810653117335,,0.5978241251697861,,stage_a,0,{},0000014272-26-000004
biotech,IDXX,WAIT,9.0,biotech_all,commercial,1.4949258872132398,False,,0.056564953658639894,1.5491781014679757,-0.6856814676200469,,,,1.5149517399337973,,0.7723894840510851,,stage_a,0,{},0000874716-26-000038
biotech,PTGX,WAIT,10.0,biotech_all,commercial,1.4683305777684186,False,,0.2716547920238134,0.7736337906407648,0.6977302855325878,,,,0.3145722918388851,,1.0922504305119727,,stage_a,0,{},0001104659-26-019696
biotech,LNTH,WAIT,11.0,biotech_all,commercial,1.4431429536151354,False,,0.21598845853363158,2.1522895553350967,0.6370273049990959,,,,0.40656113525997256,,-0.31653937870264415,,stage_a,0,{},0001193125-26-073498
biotech,JAZZ,WAIT,12.0,biotech_all,commercial,1.437519106804188,False,,0.006849939132914522,1.5289232615218107,0.5784905834043471,,,,-0.25499653659572996,,1.2238879263898963,,stage_a,0,{},0001232524-26-000013
biotech,ARWR,SELL,32.0,biotech_all,clinical,1.0229134526804124,False,,-0.1746975216003174,-0.22299545469083012,0.24273782244310207,1.903602098504983,,,,,,,stage_a,0,{},0000879407-25-000029
biotech,ROIV,SELL,77.0,biotech_all,clinical,0.5115661521362168,False,,0.27024204263134416,-0.8348021096006403,0.6284109821119439,0.7994135899824595,,,,,,,stage_a,0,{},0001635088-26-000061
energy,AVA,HOLD,1.0,power_utilities,profitable,2.0348920721415533,False,,0.2264006132654451,1.3799906390392924,-0.17549978144397235,,,1.465233792685523,0.9982011721528863,1.7328286808957516,,,stage_a,0,{},0001193125-26-067872
energy,KRP,HOLD,2.0,oil_gas,profitable,2.001236453118074,False,,0.45882990439638255,0.49587343210422863,0.7507383761630149,,0.5452441858688841,0.6909716879625163,0.9364207397476192,2.584133150167923,,,stage_a,0,{},0001104659-26-020477
energy,ENB,HOLD,3.0,oil_gas,pre_profit,1.8615902480187925,False,,0.21470156800174442,1.629124613530399,-0.13932804847068447,,1.7444475421409682,,,,,,stage_a,0,{},0001193125-26-049810
energy,AES,HOLD,4.0,renewables,profitable,1.7962378063382747,False,,-0.40050176197318094,2.768365272949709,0.23165359863616197,,,,-0.5008242807286202,2.069901830895051,,,keywords,222,"{""solar"": 145, ""photovoltaic"": 1, ""energy storage"": 74, ""battery storage"": 1, ""hydrogen"": 1}",0000874761-26-000063
energy,OTTR,HOLD,9.0,renewables,profitable,1.2299465213774639,False,,-0.17580587870621092,0.5173590098853365,0.8037548168146347,,,0.8254944909292358,0.9420757749957758,0.6067788293616775,,,keywords,28,"{""solar"": 19, ""photovoltaic"": 3, ""energy storage"": 1, ""battery storage"": 4, ""hydrogen"": 1}",0001466593-26-000008
energy,DINO,HOLD,13.0,oil_gas,profitable,1.0734416112305551,False,,0.7208258859323496,-0.4154521846075284,1.288696418601486,,-0.3216105535126583,1.0319760584080335,0.7267806232854244,0.5969979724288614,,,stage_a,0,{},0001915657-26-000016
energy,DUK,WAIT,5.0,power_utilities,profitable,1.5322944537801735,False,,1.0282988804964661,1.7456849063283408,-0.04460977009002509,,,0.7916386077433746,0.2728880427365219,0.5173598384421636,,,stage_a,0,{},0001326160-26-000014
energy,HOS,WAIT,6.0,oil_gas,profitable,1.4506018229311683,False,,0.9677427366410635,-0.506708236463183,,,,2.5616819349340214,-0.7637164564895018,1.1554782811849296,,,stage_a,0,{},0000866829-26-000008
energy,HESM,WAIT,7.0,oil_gas,profitable,1.4147373793364608,False,,0.7910057700811964,0.5503213040786624,0.756141195969098,,1.042246741832409,-0.4450965249855164,1.5437805306959738,0.43232075105840007,,,stage_a,0,{},0001193125-26-071592
energy,PNRG,WAIT,8.0,oil_gas,profitable,1.255505428883286,False,,0.4321017942631382,-0.6351794962777503,-0.1293303558394032,,-0.5716375251650858,1.417797137996267,2.0019292473257417,1.668656751029565,,,stage_a,0,{},0001437749-26-012531
energy,FTI,WAIT,10.0,oil_gas,profitable,1.1811597782239283,False,,0.9004949152868605,0.09544322100173927,0.8324807613986472,,0.09045213597816872,1.4930783970128962,0.9737339027349223,-0.4284384092294543,,,stage_a,0,{},0001681459-26-000010
robotics,TER,HOLD,1.0,components,profitable,3.5955295209899005,False,,0.31403632151446137,-0.10920048169143169,1.7657378933254115,,,,1.5223049412912557,,1.3617830335537848,1.2418667918433206,keywords,34,"{""robot"": 34}",0001193125-26-059002
robotics,CGNX,HOLD,2.0,industrial_automation,profitable,3.4518801746251566,False,,1.1656615620378337,1.1107460447383524,1.523120236749071,,,,0.692265363912779,,0.8527872716502499,0.4637077514571792,keywords,34,"{""robotic"": 3, ""factory automation"": 1, ""machine vision"": 30}",0000851205-26-000012
robotics,ISRG,HOLD,3.0,surgical_medical,profitable,3.047066004830629,False,,0.6225919838425129,0.842119387292025,0.17077186546196377,,,,1.0813448841058497,,1.0373115480692259,1.2418667918433206,keywords,26,"{""surgical robot"": 1, ""robotic-assisted"": 24, ""robotic system"": 1}",0001035267-26-000010
robotics,GMED,HOLD,5.0,surgical_medical,profitable,1.7717208855009459,False,,0.3341577550573038,2.0190862005831423,1.1303244174418452,,,,0.29242369956015957,,-1.8027430907391904,0.4637077514571792,keywords,4,"{""robotic surgery"": 1, ""robotic system"": 3}",0001628280-26-011209
robotics,NOVT,HOLD,8.0,components,profitable,1.0355831963231588,False,,0.23138305823923436,0.0,1.3729420740181857,,,,-0.1807611782375117,,8.326672684688674e-17,-0.463707751457179,keywords,12,"{""robot"": 12}",0001193125-26-064230
robotics,RRX,HOLD,9.0,industrial_automation,profitable,0.5427561136008732,False,,0.9826677341370158,0.8681283881620119,0.11190230825293243,,,,-0.5690987508266303,,-0.1807611782375117,-1.2418667918433202,keywords,10,"{""robotic"": 1, ""factory automation"": 3, ""motion control"": 6}",0000082811-26-000054
robotics,TSLA,HOLD,17.0,autonomous_drone,profitable,-0.24092306728860785,False,,-0.29571551967295867,0.42862716011058916,0.06218253433153942,,,,-0.32447148548455906,,-0.7976563632822302,-0.6744897501960817,keywords,30,"{""autonomous vehicle"": 19, ""autonomous driving"": 1, ""self-driving"": 5, ""robotaxi"": 5}",0001628280-26-003952
robotics,AXON,HOLD,18.0,autonomous_drone,profitable,-0.4123611474486575,False,,0.7546521395870839,-0.7161818007498082,-0.397416098548509,,,,-0.41559031264630814,,-1.0813448841058495,-0.08964235107576254,keywords,28,"{""drone"": 27, ""unmanned aerial"": 1}",0001628280-26-011360
robotics,SYM,WAIT,4.0,industrial_automation,profitable,1.7954221619478605,False,,-0.041888615894760374,0.34215488148493484,-0.5799233580121915,,,,0.5641266702715546,,0.9581782710197011,1.2418667918433206,keywords,31,"{""robotic"": 27, ""warehouse automation"": 4}",0001837240-25-000278
robotics,KTOS,WAIT,6.0,autonomous_drone,pre_profit,1.5953500297611773,False,,0.1629254703715565,0.8660562509431302,-1.2334945619686914,1.59321881802305,,,,,,,keywords,31,"{""drone"": 20, ""unmanned aerial"": 10, ""unmanned aircraft"": 1}",0001069258-26-000013
robotics,ALGM,WAIT,7.0,components,profitable,1.583833299377321,False,,0.31706889549672185,0.33300509819729657,0.05886955720903134,,,,0.38206605063592214,,0.5052326637220707,0.4637077514571792,keywords,28,"{""robot"": 28}",0001193125-26-233537
robotics,TEX,WAIT,10.0,industrial_automation,profitable,0.4122041002079835,False,,-0.6236447945903293,0.9043019216235644,0.8572543202211783,,,,-0.8527872716502496,,-0.6657545714595413,0.08964235107576254,keywords,6,"{""robotic"": 6}",0000097216-26-000035
robotics,PRCT,WAIT,11.0,surgical_medical,pre_profit,0.33293598567493754,False,,0.5585667139524729,-0.5799233580121915,-0.8681283881620117,0.5894557978497783,,,,,,,keywords,35,"{""surgical robot"": 4, ""robotic system"": 31}",0001588978-26-000009
