,portfolio,portfolio_2x_costs,robotics,biotech,energy,composite,sleeve_gross_robotics,sleeve_gross_biotech,sleeve_gross_energy
2011-07-29,0.00026668921346884034,-0.0013252508829335596,0.017538564407325097,-0.013546929021011992,0.00036290214092328445,0.0023647261408066634,,0.017179973290958613,-0.020180920515017253
2011-08-31,-0.014315362303558787,-0.014572557051064194,-0.05166757402104133,-0.04396130348976617,-0.055421934048979826,-0.04990896934207965,,-0.026478768049186807,-0.017623770925043136
2011-09-30,-0.0165413327738545,-0.017144149516036045,-0.09862306014840394,-0.0531400387233707,-0.11781806634099376,-0.08750275419778976,,-0.005678428786749131,-0.06371621792715991
2011-10-31,0.04408113650819456,0.04411629810765305,0.22005837359098235,0.08082993022905746,0.1612697454097392,0.15663126136899785,,0.07129244056245428,0.09550254910672078
2011-11-30,0.005383552960778859,0.005395822385581894,0.028716738482973403,-0.04016281952039678,0.007419702987336165,-0.0007153656921154679,,0.015632071928869968,-0.00024058909386300473
2011-12-30,0.01650555510133822,0.016390284093332763,0.03443613196573969,0.026594763432096036,-0.011149064109155405,0.020295353960240636,,0.031033093845660078,0.021024835262900554
2012-01-31,0.008035393126597512,0.008039890848962727,0.0773874435270292,0.07938937852050469,0.016794210995185483,0.06293981264178469,,0.030044632567168113,-0.0015200976282369234
2012-02-29,0.008735813345735588,0.008369773108148681,0.06995335906872457,0.02249615684808892,0.055380462419111286,0.04970011412909877,,0.015890632786586978,0.01415032715243462
2012-03-30,0.013902772769627925,0.013406219870940594,0.026177255449101988,0.036724057894934006,-0.019969364990827937,0.01833198119516071,,0.04038893816557754,-0.006581518634839967
2012-04-30,0.0025747561124151996,0.0020215940392773746,0.008428870094486118,-0.02003586253715469,0.004753672133996555,-0.0024525858167105553,,0.01467523277106088,-0.00928280297123433
2012-05-31,-0.023238599974994667,-0.023307326115411087,-0.11091070913453077,-0.029240388072593566,-0.08585292959727282,-0.07606165187853826,,-0.03319191027044326,-0.047910050448261486
2012-06-29,0.03680665873651079,0.03666240617055916,-0.018529602401775647,0.09512893876968266,0.04228259063645524,0.03645393526779248,,0.07570440828258938,0.03547440531838734
2012-07-31,-0.00014589034638867737,-0.0010159323735303705,-0.058463733064325875,0.008680652842459712,0.039691249237089644,-0.010424452421597041,-0.058463733064325875,0.013060270037121655,0.020875683033287407
2012-08-31,-0.008848348664852845,-0.009301557453157083,0.04617699381122997,-0.006576395401666915,0.015674213846368364,0.02008761259550066,,-0.016117184705416898,-0.007985206720361515
2012-09-28,0.011916332900675064,0.010628135054937315,-0.01671596725042468,0.056865517805029436,0.03003974554122887,0.020726480716897647,,0.03757889071759738,-0.004714543800018493
2012-10-31,-0.027572346509279533,-0.02760866538074014,0.07444619499227423,-0.07434420198736727,-0.013519404712267178,0.00037815612326435374,,-0.07241978099357634,-0.007878028765905432
2012-11-30,-0.0035951839561402243,-0.0038271682099202398,-0.01212930845059551,0.04042213759086047,0.0037595754192361877,0.010235918631372005,,-0.006414839022644551,0.0014256631253613168
2012-12-31,0.006186904792602199,0.005492096460402829,-0.0017121292782376802,-0.0006432350430805912,0.01564414856683259,0.003001053165334869,-0.0017121292782376802,0.012405887309942012,0.014880921924060634
2013-01-31,0.08199328726858002,0.08213252554612405,0.067432727238868,0.078491835574207,0.08200449867113721,0.07494635801430397,0.067432727238868,0.11186474812512108,0.09592897976149
2013-02-28,0.019713808537155764,0.019387948512085584,-0.03298584273043611,0.006115623043302402,0.023020656297642626,-0.005298704952607947,-0.03298584273043611,0.02504997109355903,0.06021092170419984
2013-03-28,0.04097771707866582,0.04052470137986863,0.02287518467522834,0.05432727466019633,0.044425484258097926,0.03927099106568453,0.02287518467522834,0.08454632487613718,0.02219107555651693
2013-04-30,0.019333520472041732,0.01926792928949972,0.00371705435803113,0.05914248948488685,0.011844051111466324,0.02514770584078943,0.00371705435803113,0.026569720256705325,0.03449113927742222
2013-05-31,0.006620343058652889,0.004280285816719465,0.06713274315379329,0.04848175757635931,0.006932855136092071,0.045554926197266095,0.06713274315379329,0.012107031782866715,-0.029736068155615563
2013-06-28,-0.005515634637960898,-0.006114536158530637,-0.03710633044141484,-0.005341263905553802,-0.011115733508537173,-0.019490907920644063,-0.03710633044141484,0.02787775799627647,-0.027604709416924667
2013-07-31,0.06041223413557151,0.060206196807998325,0.05647588075863854,0.10556555702017406,0.05145713576088819,0.07240258120073838,0.05647588075863854,0.077247676159647,0.06527232960308686
2013-08-30,-0.03127801428972388,-0.03165233531322109,-0.001333886905390343,-0.02138565275494344,-0.03190350767526321,-0.015994410145202143,-0.001333886905390343,-0.050138792456466054,-0.054344257143920736
2013-09-30,0.027922796688002682,0.026810059022733146,0.04846319829532201,0.0673610976305976,0.03876605320225092,0.052653176789400694,0.04846319829532201,0.02921881859889827,0.034213187508806864
2013-10-31,0.04771757232623153,0.04764217256967629,0.03550818348207416,-0.05628170604082854,0.055509874224840335,0.008382144834749758,0.03550818348207416,0.07739148623351978,0.053879817842945266
2013-11-29,0.03528585282716379,0.035208416911482354,0.03645959576680796,0.10091302633041055,-0.006166351677129922,0.048361809603084394,0.03645959576680796,0.052249835137216545,0.04361568090122343
2013-12-31,0.018441314082968008,0.01789990797779084,0.053555495176102696,0.04003685268330833,0.023859309796997078,0.04139992395884826,0.053555495176102696,0.014370970344629863,0.01384456814896621
2014-01-31,0.035525137612894664,0.03462648271466984,0.016403743894544336,0.13918935881469427,-0.02150438031263729,0.049901678064801405,0.016403743894544336,0.10055892545320155,-0.013067526791781378
2014-02-28,0.07115014420539767,0.0712558176759428,0.051809967741431574,0.0769731410876764,0.04316163881048063,0.05845499617987952,0.051809967741431574,0.12236976756740667,0.06032334213039022
2014-03-31,-0.0010766061794634796,-0.0019034716594421575,-0.003110573573492838,-0.0905371823411714,0.03439417767159768,-0.024333698830907708,-0.003110573573492838,-0.024993690439545517,0.047440097305541475
2014-04-30,-0.027960187681026594,-0.028292184425866118,-0.11565604499435315,-0.09767768686836596,0.044762921337446214,-0.0692588780673078,-0.11565604499435315,0.02326749086490219,0.027580994031802863
2014-05-30,-0.019052751911063148,-0.01964929878890065,-0.017975672116927743,0.01304847961403301,0.004973113515428274,-0.001380022603002476,-0.017975672116927743,-0.0029782143170821174,-0.04113560139695577
2014-06-30,0.04237143687214018,0.0424643324346794,0.06746036565856854,0.08428002014117161,0.05277343073240634,0.06967551099593908,0.06746036565856854,0.018388972474716953,0.07461321325810925
2014-07-31,-0.03688480837734931,-0.03736038832640842,-0.004181620424758892,-0.05962211226640698,-0.062423301752745367,-0.03814621290133234,-0.004181620424758892,-0.05312451533157035,-0.060459274409139306
2014-08-29,0.0489056746480101,0.048037821169660155,0.045014032786076144,0.0899983954228455,0.0547035037307834,0.06318092744512224,0.045014032786076144,0.09342264246429476,0.02840753127992951
2014-09-30,-0.024945782871213962,-0.025414446662147983,-0.03600932142977986,-0.041199877356362685,-0.06977036942283214,-0.04626627800234692,-0.03600932142977986,-0.009373281820936599,-0.04423460682777371
2014-10-31,0.03037739055690225,0.03060001948705726,0.030462250578791306,0.07968027574223745,-0.02152304307150861,0.03469223597342248,0.030462250578791306,0.046264568401261155,0.03240786354584332
2014-11-28,-0.018727850696378945,-0.01854217456370466,-0.022550202159304145,0.03171164515936424,-0.08368955212060751,-0.01884339308809605,-0.022550202159304145,-0.013937148209413306,-0.032000478509839926
2014-12-31,0.005679946276738956,0.003991844325892169,0.015767687882800363,0.02342639349580791,-0.02240273194030451,0.008905629891576786,0.015767687882800363,-0.0026086649902141395,0.006866727034863592
2015-01-30,-0.005787873393456766,-0.007714620208508771,-0.0900075449945497,0.05369680604424103,-0.031880776545002334,-0.025179330018586105,-0.0900075449945497,0.042506241946392694,-0.010639407647989985
2015-02-27,0.017216777768381375,0.0172733488595862,0.11284487831382611,0.07397392306494477,0.04816733464230852,0.08307065805883823,0.11284487831382611,0.006929858473477586,-0.012193283820024789
2015-03-31,0.00844318188457871,0.008419245573622725,0.01952635075372952,0.020713904094817732,-0.017650075789013245,0.010647887787424704,0.01952635075372952,0.023108970677577747,-0.01569913659706601
2015-04-30,-0.03646706461512117,-0.03831772229935648,-0.04781337337082101,-0.06884986255212171,0.07274603232371946,-0.02503629316064114,-0.04781337337082101,0.001897731588953693,0.009910518811922953
2015-05-29,0.022642493482217363,0.022578556477614864,0.03344912801106572,0.10404313606128471,-0.051678203434882136,0.036875197967155396,0.03344912801106572,0.05952384315076783,-0.026728143602786265
2015-06-30,-0.03476989293270094,-0.0355905840056312,-0.07605452413981692,0.038062070333838384,-0.05925819365052296,-0.031914633451714074,-0.07605452413981692,-0.008055562588150576,-0.05431126252845273
2015-07-31,-0.0029964178271307818,-0.005191277912353076,-0.032393535785584196,0.00669766914198067,-0.06997160074188889,-0.028106130300012667,-0.032393535785584196,-0.001058584635161064,0.023446609001798013
2015-08-31,-0.07614263880860317,-0.0782061299365856,-0.07385742271702425,-0.1331938824946053,-0.034220902343478715,-0.08471605354579123,-0.07385742271702425,-0.13839523798436046,-0.0314062769096898
2015-09-30,-0.05321045842816152,-0.054142560532521644,-0.11722166827406615,-0.14955666212137617,-0.09757334069262914,-0.1236268342252654,-0.11722166827406615,-0.07528409839788573,0.008215899005221036
2015-10-30,0.09323100664545625,0.09337267986834341,0.13341244036914698,0.05600413474442089,0.07918488840288512,0.09276264540892738,0.13341244036914698,0.11454969515901829,0.06389116760452566
2015-11-30,0.03777854478564624,0.037048422178574514,0.04230508056716287,0.083294022238793,-0.017439626857169023,0.04171503329615044,0.04230508056716287,0.0635801786379737,0.02196258380554217
2015-12-31,-0.01739824456400252,-0.019370009577094005,-0.047930008556459125,-0.03413416703874328,-0.09362130169054952,-0.05452428730878118,-0.047930008556459125,0.01379230565696578,-0.03746566523074866
2016-01-29,-0.08476227351184462,-0.0853185318251184,-0.08178220988778558,-0.24764151725854996,-0.050787889137922614,-0.13208438728008737,-0.08178220988778558,-0.18034662521207676,0.004581392536155526
2016-02-29,-0.016405484898062928,-0.017378030448111592,0.046451773588387944,-0.05444111715028763,-0.033151752159550796,-0.008761619607133186,0.046451773588387944,-0.025074351809845217,-0.0699347744457887
2016-03-31,0.04471985599967532,0.0442847574279146,0.07850281622350996,0.05570566710356285,0.14694980711601321,0.08763556175465428,0.07850281622350996,0.020922620665194187,0.08267569017410399
2016-04-29,0.0015318240122870197,0.0009043592458799488,-0.025729429538767536,0.03251364413318204,0.10881769722062756,0.02829242793626359,-0.025729429538767536,0.05590237880228514,-0.04567206301325425
2016-05-31,-0.007186993376980699,-0.006760513740491025,0.044226781801382134,0.04113558457305682,-0.01078637546332551,0.029391573455291364,0.044226781801382134,-0.020457773285132177,-0.04042452881461959
2016-06-30,-0.008758845280663174,-0.010680907462954914,-0.009337441418992554,-0.0645819031399268,0.031546005664522966,-0.01845214125044066,-0.009337441418992554,-0.08112239778276265,0.08294996999576769
2016-07-29,0.03127673765678818,0.03062824643955442,0.03752716317189394,0.09593411317001313,-0.01331040918069346,0.045260202583088806,0.03752716317189394,0.07151232192078635,-0.024984159828537893
2016-08-31,-0.013388245471442461,-0.01330797547679008,0.04647083738583151,-0.03218869024533242,0.01174834302904052,0.010259379125726388,0.04647083738583151,-0.05276927825192682,-0.04096972825517934
2016-09-30,0.0188565887434764,0.017453048315177577,0.019053909565925786,0.08535921996916622,0.034925089744550074,0.04622856325171601,0.019053909565925786,0.046242984059098054,0.008210428612806983
2016-10-31,-0.03906037433653642,-0.0397742557000087,-0.03312210903833117,-0.13747190107885782,-0.0455782881225079,-0.07275858102355967,-0.03312210903833117,-0.08394198596632228,-0.000925131127094192
2016-11-30,0.034962333043396576,0.035162600725249016,0.0692569387624273,0.0816427697317116,0.08787231561053893,0.0782458238137047,0.0692569387624273,0.04464399460545427,0.006867329131471219
2016-12-30,0.014451421888600047,0.013545806024880536,0.008892803814532377,-0.043131820958773534,0.033963909544085395,-0.003048038423736436,0.008892803814532377,0.00562645197624415,0.04914878856516577
2017-01-31,0.0320885675568956,0.0315873515827394,0.05855057494889605,0.02548609536873542,0.004353738313690912,0.03342879793703854,0.05855057494889605,0.01171975424109027,0.02314567816561471
2017-02-28,0.06642036555181519,0.06546176127279102,0.09561272432221773,0.0722892441449385,0.0020835912365701013,0.0640672229887581,0.09561272432221773,0.061040356013346106,0.03247077643352375
2017-03-31,0.05288084768737189,0.05198727718617513,0.0914181417933783,0.019464998925855247,-0.013529555171821521,0.039997617548445275,0.0914181417933783,0.0693367603076059,-0.006792166315982895
2017-04-28,0.023245261078479462,0.02237079853056856,0.08175197256579336,0.02084877069106929,-0.03613227734151499,0.03096478943281285,0.08175197256579336,0.0014848748036007584,-0.026804617535079494
2017-05-31,0.03323608835053116,0.03484781071338228,0.04929920527831779,-0.045963269155630565,-0.02396621813810115,-0.0023590166276688694,0.04929920527831779,0.039958147205935365,0.018894536445493864
2017-06-30,-0.01716720673460126,-0.017385481847566275,-0.1018251261192835,0.09915458654984481,-0.0077865586704443214,-0.007972584822878801,-0.1018251261192835,0.052107527600842155,-0.0076924789326111576
2017-07-31,0.03164404163479628,0.03069365670685431,0.07496930517761495,0.006163831287940309,0.02488327693754448,0.03836588225621121,0.07496930517761495,0.0318866833567926,-0.017902336373764444
2017-08-31,0.07805042376411109,0.07726758334496475,0.09979045520147355,0.06603529741179216,-0.026893217439858633,0.05630523181475203,0.09979045520147355,0.06981342333751085,0.0853389139678083
2017-09-29,0.04908409766588129,0.04830561831392477,0.08645511329608957,0.031663305418229544,0.06551567832740336,0.06204312179666702,0.08645511329608957,0.017256495767584718,0.054226145152274974
2017-10-31,0.0405226015797957,0.03942987864952929,0.07969036416841536,-0.024724247552464253,0.0025672011849087713,0.023864459320230853,0.07969036416841536,0.0016612000108412461,0.05881389036819936
2017-11-30,-0.0184796421659571,-0.017220683307124895,-0.07795632272818191,0.024900831414929655,0.0298541958323014,-0.015003689137972039,-0.07795632272818191,-0.002424723374198079,0.05746290305353918
2017-12-29,-0.0006494326995959421,-0.0012743093570497521,0.003267765330419408,0.01904967642354829,0.017494538067472833,0.012348127397277874,0.003267765330419408,0.0373023947663808,-0.055879672177432727
2018-01-31,0.0773889844967608,0.07952493311995501,0.11818838456176839,0.0866228406943654,0.008160506669249,0.07963347473504749,0.11818838456176839,0.10495927811791138,-0.025895620825958643
2018-02-28,-0.025044898548291505,-0.026472809706895473,-0.03276248547039101,-0.021273586926837614,-0.08804814652423307,-0.042562786243607834,-0.03276248547039101,-0.009804170314590133,-0.05412132742169721
2018-03-29,0.002334428349040296,0.0028745548413786626,-0.03909474262514011,-0.020583785784212962,0.029954734776496152,-0.01535353838040654,-0.02300144462771335,-0.004164146457718676,0.06821958969570319
2018-04-30,-0.027303024890106387,-0.03060829025280254,-0.03739767496776081,-0.01354395606580649,0.08124173800387571,0.0006109798908323326,-0.056381246130534066,-0.05954729588794653,0.07524684363907978
2018-05-31,0.0793800641137492,0.08730314950677798,0.11479965295300254,0.10078975419717784,0.05682813639057728,0.09540330924785757,0.13265659344169545,0.05895525174847512,0.05083029796920039
2018-06-29,0.0039077299611331995,0.0016558722196577946,0.044970765640552045,-0.0029866053711855452,0.009018901478741652,0.01919771974599129,0.02708562294470765,-0.02360928202296572,0.008647570752383604
2018-07-31,0.0340667517170028,0.0299096964735881,0.023764368270743907,0.01842456742558042,0.02076338011776517,0.021145190936692003,0.040005608312952856,0.06340284114881113,-0.009138610336859384
2018-08-31,0.042766869855960676,0.04947620460668256,0.07279539710717373,0.06665675670965215,-0.004906794990014314,0.051221324943744165,0.08529110337732047,0.053006557694428524,-0.033107166221586014
2018-09-28,0.004827090485165719,0.004989073850614645,0.00355641571692602,0.0020693990065619758,-0.001482323429015823,0.0017762750818131438,0.006450491552171464,0.004833275996671303,0.011257207218019446
2018-10-31,-0.08510860002028109,-0.08444101398086001,-0.08655659109353506,-0.1564014190017547,-0.08632177535498475,-0.11094357692677435,-0.12344426589410125,-0.09731124107665792,-0.003725466136739556
2018-11-30,0.03357370735099363,0.034204875790189826,0.0035184664099309204,0.04704954919022,-0.0367682717426752,0.008682660844880568,-0.001309501981826125,0.07403015807371578,0.03894079046378738
2018-12-31,-0.09703596364571798,-0.09594243945684988,-0.1060472340888501,-0.13301506979358843,-0.13517546023186525,-0.1227680331212623,-0.12672795038003154,-0.10129548604803564,-0.05892375314855142
2019-01-31,0.08315589896862519,0.08114258286692766,0.11638967949259878,0.12221054044543811,0.12294484959769775,0.12006577335236729,0.11851823329006789,0.05718334505679185,0.08987295997527685
2019-02-28,0.03038811884081638,0.029165869992532345,0.06870465389998584,0.05912593585896373,0.0170856665975441,0.05244735576001767,0.0635742075548501,0.013784477742837484,0.007575658742234093
2019-03-29,-0.015487418833030953,-0.015815105071361524,-0.053023190892321305,-0.0044919935442854966,0.027041846010728433,-0.016021012594746337,-0.04947992028016525,0.00759308514036096,-0.0034184358450546717
2019-04-30,0.007354938084537466,0.006709388589763776,0.06835163221383539,-0.03996738718416957,0.010030537325690876,0.01585970170249753,0.056286376461316734,-0.03404031843961312,0.009754915235914818
2019-05-31,-0.06841240744433386,-0.0691527524794372,-0.08474834578824499,-0.07511258724640861,-0.08847525798753504,-0.08230755834842476,-0.1133386425844426,-0.004761368793121327,-0.09372837734279733
2019-06-28,0.0763182011932364,0.07322981497919501,0.12114317259036717,0.0995251726618306,0.06869787196701588,0.10046554745954155,0.1103789737025667,0.0747612136925411,0.0250380422845821
2019-07-31,-0.0014164062212957962,-0.0023539749662057075,0.0033539468096995314,-0.027693153063238753,-0.0291270172545876,-0.01563277916190065,0.009357120465691399,-0.029773926258596588,0.007369803184660832
2019-08-30,-0.034272600812823795,-0.03441256090125944,-0.09469251227431348,-0.07460416264197459,-0.0760002738555431,-0.08298853029830228,-0.05688474399270285,-0.031567661504808324,0.002823989363119469
2019-09-30,0.023231387173323625,0.020667976242525032,0.05323884239281607,-0.06052976920700381,0.032148188617898844,0.00814716488914981,0.07036162374312052,-0.02953520720044876,0.0169698769977758
2019-10-31,0.05515928767550071,0.05130883882877968,0.07334700389480299,0.058306535156117646,-0.05107128528048067,0.03697826754244221,0.08876645233581136,0.050153597423585036,0.0018325638188006292
2019-11-29,0.06210974320002971,0.062261913203106145,0.04333198457540951,0.13759165584995797,-0.015247671855637147,0.0616779554137398,0.05356954498435233,0.12033526503484773,-0.009257032363971962
2019-12-31,0.026862634238264516,0.02910450166045675,0.03929101988186409,0.048437927610236076,0.1288866796548063,0.06489135253002984,0.05693679756777502,0.011438514593255955,0.005150211297324847
2020-01-31,0.005422835188344077,-0.0003176078978790464,-0.009329083254502931,-0.04325812388267289,-0.07993205997519483,-0.03885499165453539,0.042637245632022897,-0.08653574900921013,0.05142309721098185
2020-02-28,-0.09605487425985171,-0.09827965570907515,-0.09481529423443877,-0.028562770148915496,-0.13374215821237667,-0.0813586267989901,-0.0990664477446804,-0.09654142462291426,-0.10631012258553228
2020-03-31,-0.09541029177499272,-0.09658678187160796,-0.16762848008363254,-0.14452673269870805,-0.3500815751342451,-0.20515614226156212,-0.12289464070206362,-0.028034243885372852,-0.13834203088860078
2020-04-30,0.1710182401637561,0.1680196259776221,0.23379190425743404,0.1926183502438431,0.29990521250438346,0.2359094874144146,0.2543698386926204,0.15519895039105375,0.08879304897044928
2020-05-29,0.0799660899176895,0.08056290315565229,0.10943677007188606,0.12460174676249924,0.042951139875961816,0.09812310436461961,0.09260356104442463,0.12611792017517998,0.008044102678876916
2020-06-30,0.026593780095856445,0.020408754847500044,0.030510476241862258,0.04184079057513252,-0.025084911541166467,0.02057723931274967,0.10218684434482116,0.01572897846949712,-0.07516489949544336
2020-07-31,0.05424531140776723,0.05801034741845679,0.07982535409089474,-0.04678339864073868,0.03327647893943553,0.023875071846958244,0.11998144227858727,-0.016097345688078493,0.05852149021180186
2020-08-31,0.031103491579240305,0.030773592372959513,0.12670912347158694,0.019377161953352963,0.009307441110875253,0.05979251635002713,0.11134671886149727,-0.0030605057589070395,-0.04830276507793322
2020-09-30,-0.05979515183354167,-0.061892212965510174,-0.027803776044500267,-0.04425413293808634,-0.08730008781183182,-0.04843547889908828,-0.07892523434781126,-0.04058246562830059,-0.042881225759183794
2020-10-30,0.020196456029916154,0.018397476439916627,0.038282979047471986,0.008253618378995818,0.01747305910279713,0.022570222827336613,0.05958115227045804,-0.03501988880206249,0.04539333447096058
2020-11-30,0.15062122284355128,0.15010934340727022,0.26024757632667855,0.16830475607458592,0.22024686309873417,0.21806741093146004,0.2665810644217891,0.11557160348855401,0.028451135448349596
2020-12-31,0.048249406736978306,0.04823923330315272,0.10189430226624305,0.05521732862710427,0.0716969600710604,0.07800802594374881,0.06641515024558468,0.022042342814765453,0.06604416800854977
2021-01-29,0.016043440357986105,0.01662875600397018,0.05705572426252158,0.10294114711363338,0.049010364772036144,0.07110428238778935,0.04141803188964656,-0.0015704964877339491,0.006576866723044454
2021-02-26,0.038475515715182595,0.0379438770738556,0.0555892139923556,0.012613030670877092,0.11825569011873052,0.05621416886143185,0.04410061496064342,0.08426709461913616,-0.03730888451616252
2021-03-31,-0.02376992329013694,-0.024010374838044246,-0.020471341602385697,-0.0658552597744649,0.04265558436278792,-0.02057398147132001,-0.002248849304761505,-0.07785161734639176,0.04246751738099711
2021-04-30,0.022827766617000256,0.02245541564886433,0.036816655127948246,-0.005581707636225933,0.006869950583923706,0.014490552024481148,0.07718274637569633,-0.023456495826745614,-0.0029088376957867403
2021-05-28,-0.003204288774530162,-0.0044961099811896554,-0.01639022951277532,-0.030254151572746826,0.05686051970186473,-0.0029299149301053352,-0.005572324536752715,0.022330352112227874,-0.03961848801532345
2021-06-30,0.020447065877007953,0.018536038910765162,0.02054433732397075,0.06574406468939463,0.07595968099507515,0.050218077819645206,0.011130819091329208,0.024247739844424902,0.02834410951619809
2021-07-30,0.0332733738992832,0.032002809466992854,0.030532959014380325,-0.09069347952497916,-0.08233505620818866,-0.040113298280037735,0.018296357051626966,0.08533177712793978,-0.03655261008279659
2021-08-31,0.026470595966902266,0.026963005555406205,-0.0028850575085995617,0.050617073178783625,-0.0034845651873324033,0.01569081131230134,0.006733316524650507,0.07127737491222665,0.012547749341480804
2021-09-30,-0.027131727187877375,-0.027326471375767047,-0.0059420095203408935,-0.05582387448894207,0.06957711328097457,-0.004520881559022437,-0.01817394327626469,-0.035571434472099664,-0.019625158307255457
2021-10-29,0.11071921127134443,0.11181763207458717,0.0954139762186172,-0.017858334152674845,0.07836332129471545,0.05150600385768955,0.14605183387370613,0.08499954305901139,0.09451142682704583
2021-11-30,-0.0268921556050018,-0.026613531840266047,-0.05167598494134215,-0.06401286341374232,-0.07578563969660056,-0.06202130609549682,-0.02874396196845337,-0.03175512021874521,-0.01955219471114276
2021-12-31,0.03273025951542374,0.03198009449072581,0.004793643122534837,-0.014176050071419298,0.024870239004969322,0.003173399475259511,-0.0162600202056266,0.0881324805428297,0.07234011757691472
2022-01-31,-0.08758228701453952,-0.08651683676419697,-0.14360430691538106,-0.16744674975210178,0.05800816573874939,-0.10154604374470069,-0.1320985442321594,-0.09110272512909547,0.010935821571251706
2022-02-28,0.01162016074954808,0.011377770135724274,0.03054877375764816,-0.01555088601773086,0.062117567103592834,0.022306091172751674,0.022582640301597387,0.010992734315054622,-0.011090520187072092
2022-03-31,0.07476740974923435,0.07432742348853849,0.007902332018713347,0.024807144068515054,0.1082849214156415,0.038914663585375986,0.09644166875143961,0.03257068508012665,0.09860276037402786
2022-04-29,-0.06805058125160979,-0.06787801783534309,-0.14864353626592539,-0.17113203444735695,-0.04368941104052211,-0.1302759793230756,-0.1043062395873352,-0.04515252405310932,-0.04205470151094524
2022-05-31,0.00619502524021831,0.0056686117646151946,-0.0629328341507344,-0.06393483976154665,0.1172780490436321,-0.018230815315927067,-0.043992679841061935,-0.008685943332235142,0.09986270693394128
2022-06-30,-0.06722729820326256,-0.0695377582543758,-0.12976817050174774,0.06043004926989504,-0.1469976640891698,-0.06750616697852829,-0.11601016340533474,0.017546879990041453,-0.11553233205938955
2022-07-29,0.07587555732900197,0.07397178663557336,0.16023427983544128,0.08277250335091965,0.12932315448482162,0.1253948767282038,0.14858677333879672,0.013995943138000202,0.06224555086011855
2022-08-31,-0.021225355055514594,-0.020004896246784476,-0.09837507499387879,0.031224865242105115,0.027054022181560715,-0.02165782161742455,-0.08197795792260826,0.02066442012112668,0.028539496710287066
2022-09-30,-0.0501104283094862,-0.05004947233800716,-0.11623720082821964,-0.05985414678843271,-0.11622571673397715,-0.09650026089073359,-0.06933907700286897,-0.007134487573146687,-0.07705097454882677
2022-10-31,0.09897165054008816,0.09757470011302383,0.13027813713694286,0.03477389667491058,0.1663331323937275,0.10586540178942772,0.1852665854756149,0.047395720393552936,0.06563409043115982
2022-11-30,0.015548549839698111,0.016392860830719336,0.023748940553376213,-5.881317229881148e-06,0.03498225040995097,0.01824308036280777,0.020545067941300107,0.02824251570411413,-0.002207124583792223
2022-12-30,-0.03921947199163922,-0.044986565466977324,-0.07279565040342376,-0.02026614329373935,-0.05383251902171291,-0.049669540069606506,-0.0722789990241139,-0.040030122623308705,0.010240013007084122
2023-01-31,0.03842983386909227,0.03991256199146509,0.14972088651836918,0.08437359842039927,0.04226427674778204,0.09998518324143293,0.10413115266375969,-0.016122068744383995,0.014052551167040942
2023-02-28,-0.0376978165130325,-0.0380902214036698,-0.00323371947581604,-0.06593891327728751,-0.04476770610250258,-0.035564033963002686,-0.00994047434154681,-0.05887580103711839,-0.05324986628417846
2023-03-31,0.03610913048992104,0.03436363812613519,-0.003884543705126446,-0.04664796072211434,-0.021615902873126307,-0.023284579453072177,0.03815630991781453,0.04158196221251368,0.02624501952657467
2023-04-28,-0.010234554523819495,-0.012010698840399847,-0.014600723408114897,0.04097973053293809,-0.014166591632875251,0.004960968415063558,-0.013029622813653427,0.006559508997280369,-0.014298179707762704
2023-05-31,-0.002729438939898965,-0.0033790735592946763,0.06992135174345065,0.03393456448061012,-0.042296405732910165,0.029271536832366267,0.05423480357358873,-0.02451238931196515,-0.059670687140381616
2023-06-30,0.08118869906746595,0.08015740521064552,0.12691858710741347,-0.006773020602646425,0.07747799463029972,0.06776637628961407,0.12398611275106566,0.049719771006876065,0.05203873968681366
2023-07-31,0.01666030351959491,0.01627467033583274,0.03252010411992481,0.028185500152742647,0.08583100218998432,0.04433071724892593,-0.017123297694063455,0.04280856046774079,0.04013519400486546
2023-08-31,-0.027608438061007323,-0.028733464546836673,-0.06895445810748276,-0.05814546383243321,-0.024644509088441145,-0.05409382285645501,-0.04025509415638788,-0.011739242238230196,-0.05340146302092267
2023-09-29,-0.05261110043977124,-0.05316136768869095,-0.08471115553304183,-0.07657608041509971,-0.019097124564311535,-0.0654603714995795,-0.05018717746947425,-0.08916354826409653,-0.008224227758039734
2023-10-31,-0.062055965708256666,-0.061843474921345565,-0.11398077407090408,-0.11136314250829306,-0.03646891621351275,-0.0936866385596424,-0.11818780402577954,-0.047009451668877614,-0.005618827140064268
2023-11-30,0.060581883512172974,0.057812109428533986,0.17253810513974316,0.10993985448023905,0.01297454391331148,0.1107378271023088,0.1210510539813471,0.024422855977562313,0.03845482340141535
2023-12-29,0.08767839633192032,0.08573635162437565,0.07975226075179966,0.17388770314516605,0.025802453297658633,0.09921221372594263,0.09654540759886547,0.13607927362697478,0.032407438373965314
2024-01-31,-0.015194245931896777,-0.01718523979034492,-0.1212609994714926,0.009804943721600748,-0.04904545087852285,-0.0573340322056675,-0.06626047834388758,0.039179263879306,-0.025805390164942692
2024-02-29,0.07734828207579847,0.07735712728535682,0.04445122170639245,0.13705577234254726,0.02848879440813504,0.07287220760448228,0.08401475828757525,0.06755584589178008,0.09003617394481857
2024-03-28,0.029349366636141738,0.027720104273489143,0.044957579395394645,-0.033633902394002956,0.080320937789591,0.026291400367654573,0.04953694279568828,-0.057307279866348475,0.11877884321642047
2024-04-30,-0.031645464704264215,-0.03280341109566687,-0.0372364493835632,-0.11049871313961361,-0.027130725590598856,-0.060351810749939755,-0.03301272823039572,-0.062451604522087485,0.01376038011559296
2024-05-31,0.05021428795367955,0.0491024081008824,0.09002608206880464,0.03284631932062833,0.05969816013643916,0.06243118462385156,0.07611533067436203,-0.03559398115943424,0.09521849123736255
2024-06-28,0.004564517292118486,0.002745771826555554,-0.02191411046467797,-0.010657725329423454,-0.04017794079755777,-0.02254033325055884,0.01079115807425543,0.053492647934641195,-0.05565014373055199
2024-07-31,0.056191596417466405,0.055747894943318776,0.04100047149291899,0.12670724873591485,0.053257781664581026,0.07406217107088305,0.059645079707966175,0.06129602958022197,0.07135446512148573
2024-08-30,0.0007417371411053697,0.00047026700534513743,-0.018089875935288748,-0.005271203829486652,-0.03467237536079111,-0.017748965554633605,0.018383435254441235,0.031151002635319208,-0.05640256269889845
2024-09-30,0.004524725835713284,0.003988771037861438,0.025903414044951778,-0.01638171835853522,-0.00828741836629366,0.002555909600919971,0.03369124312525716,-0.030694957409660058,0.01154870156920007
2024-10-31,-0.010272332392856298,-0.01043530249660074,-0.022854834637791255,0.004738001148149546,-0.013722571895030348,-0.010914276427021748,-0.018751473514223682,0.005085239983273371,-0.015026018999094523
2024-11-29,0.09231928320057792,0.09188434627021103,0.16967037511920538,0.013406240964295844,0.10447078085726744,0.09867802959950256,0.13694501725381733,0.036070204020522204,0.07754771738349064
2024-12-31,-0.04752229099641825,-0.048549078007938395,-0.011696625599226436,-0.10702203436236674,-0.07636139659807774,-0.06122671141603836,-0.020327585589487593,-0.08535739377829978,-0.0450929287834221
2025-01-31,0.041284113917021914,0.0408234088393673,0.004079702889761085,0.018009409876686134,0.020471028008520863,0.013052931614874797,0.03168602409102858,0.06341703888451476,0.04391288923617063
2025-02-28,-0.0621374299861992,-0.06246833046168987,-0.13097792511056272,-0.062239617170411154,-0.023212354673307276,-0.07997812472219581,-0.11026930857422841,-0.054285663236860175,-0.0030936805653106747
2025-03-31,-0.02902622625310447,-0.029911276833439082,-0.08095399967108483,-0.09704659427186071,-0.01174199960961607,-0.06928340776598921,-0.11466895143786074,0.0788217175338007,-0.021510471538965143
2025-04-30,0.0060641177184417305,0.0033856938301599637,-0.009479399122505682,0.028347522374413306,-0.09490315124460497,-0.01759591462910886,-0.005697910755118107,0.02248728552586665,0.010056523931617786
2025-05-30,0.055488341526317875,0.056664975535505535,0.24919407419078587,-0.06294358908562718,0.0788930808358079,0.09737064370529683,0.1300186618130025,-0.043812728191340314,0.09677017114447618
2025-06-30,0.024496592349734225,0.023199968002483473,0.1737679839769561,0.04929334790188068,0.048496515361444795,0.09888399419680187,0.04383749265655887,0.017704587346523106,0.01321201933258113
2025-07-31,0.05466860430109288,0.0545078275499602,0.00407394345193061,0.05755637879290215,0.046788736060279786,0.03347149397335794,0.034843704567515746,0.10556928366177742,0.024111127791085336
2025-08-29,0.032232987347381226,0.031472873576440685,0.026094299780551715,0.08105240810328718,0.027437690376004163,0.04566548534237224,0.019869328402365882,0.06643653262564227,-0.014499893900182729
2025-09-30,0.03132582451818733,0.03068580471916582,0.042147898596443634,0.10435659191616195,0.035682600080594755,0.06230461662938283,0.03447336177220789,0.0288227301131469,0.043152065952126395
2025-10-31,0.06261025100094675,0.06277394059292662,0.08071844978519711,0.11146141823863977,0.044158854802435706,0.08233858999821168,0.1001534215039898,0.08392135447562506,0.002631036323665533
2025-11-28,0.016704716404890796,0.016665824922858175,-0.09696015298028916,0.10186003417756859,0.007436940099312252,-0.0012738142051385995,-0.0515810952740384,0.0944350138590369,0.04795276316742447
2025-12-31,-0.01056340023845559,-0.010817790755145884,-0.0036788438258959165,0.001377293871643706,-0.0191582318556021,-0.005779042639183595,0.01782177760524216,-0.026526437741470104,-0.03797694822886155
2026-01-30,0.011065121014581791,0.010274705688020802,0.05902483683698971,0.02502261355913387,0.10994078298322171,0.05985304522629817,0.04918793489973068,-0.05368452269111217,0.05921464652624747
2026-02-27,0.08469864085095269,0.08018330742873103,0.044002693592232925,0.022882905626443045,0.0747083805307984,0.04428718953884783,0.15316183908863065,0.019032678662147386,0.0734378872631987
2026-03-31,-0.024349463374479074,-0.026129136186569868,-0.08694182171151192,-0.029549730924797134,0.05176906569721458,-0.032176868083980126,-0.11508379484424015,0.011360537415662722,0.07420935722257255
2026-04-30,0.02092897273967287,0.021326544169824713,0.12354403747000012,0.05166027845451763,0.05634750342011104,0.08158558830210898,0.06856980966637902,-0.023552395466138982,0.011116205726385461
2026-05-29,0.01165437899506827,0.010736415961776657,0.1380143816653688,0.028968176287511783,-0.013026658063925152,0.06208794985079536,0.06764158728935395,-0.008045540195175607,-0.03483970296656247
2026-06-30,0.04872676689436917,0.04655444753512428,0.03501830269064921,0.13717969924685613,-0.034116314402253385,0.05349113721209599,0.08862448977746681,0.03389518072963255,-0.010019310663043216
2026-07-31,-0.056663621021871835,-0.05770598776443747,-0.14571739275055784,0.5837595786670001,0.01072222416087496,0.14870945147344564,-0.12898877206527076,-0.02956905250170586,0.02154107960721095
2026-08-31,0.028896772388983027,0.02786381118537906,-0.03558302261092905,0.14013446653665562,0.030743388690740035,0.04249970141614285,0.005230190356255368,0.05152935369861573,0.022588485036523
2026-09-30,-0.04132933571779884,-0.044126123904162706,-0.04047684578545344,-0.059485438152510145,-0.0605651166740747,-0.0521519208360786,-0.02756836881525944,-0.06412226414757653,-0.01771837246119401
