model,series,alpha_monthly,alpha_t,months,scope,factor
capm,top_ew,0.002581997905571678,0.4246427654052791,181,havuz,asset_growth
capm,mimic_ew,-0.003184403876211365,-0.26532702324999125,182,havuz,asset_growth
ff3,top_ew,0.0052943669654764896,1.0022997118696761,181,havuz,asset_growth
ff3,mimic_ew,-0.0024878046120715034,-0.23086739141832366,182,havuz,asset_growth
carhart4,top_ew,0.005817496752447664,1.0701070909133448,181,havuz,asset_growth
carhart4,mimic_ew,-0.00932474246052501,-0.5603627411304954,182,havuz,asset_growth
ff5_mom,top_ew,0.00670676971756964,1.2078346082159948,181,havuz,asset_growth
ff5_mom,mimic_ew,-0.0027390387931962514,-0.23751107513250155,182,havuz,asset_growth
capm,top_ew,0.012641265446916568,0.9489476331762866,181,havuz,capex_at
capm,mimic_ew,0.020915089275709474,1.5073787442792286,182,havuz,capex_at
ff3,top_ew,0.014886258732017783,1.2341529835150156,181,havuz,capex_at
ff3,mimic_ew,0.02334746314204081,1.9016346615784312,182,havuz,capex_at
carhart4,top_ew,0.02296981738660164,1.2684042365594559,181,havuz,capex_at
carhart4,mimic_ew,0.030525605647442035,1.6614267973479668,182,havuz,capex_at
ff5_mom,top_ew,0.017375631317945374,1.3618499884921569,181,havuz,capex_at
ff5_mom,mimic_ew,0.025825103893375095,1.963885823732917,182,havuz,capex_at
capm,top_ew,0.026351642096745932,0.9480003580874679,173,havuz,cash_runway_years
capm,mimic_ew,0.018212543665102228,0.6536311925707537,174,havuz,cash_runway_years
ff3,top_ew,0.027156473188252175,1.0690798814454023,173,havuz,cash_runway_years
ff3,mimic_ew,0.014803852844667176,0.5820475857139185,174,havuz,cash_runway_years
carhart4,top_ew,0.045530916936732585,1.1551938744836114,173,havuz,cash_runway_years
carhart4,mimic_ew,0.03423547248292475,0.8713015848891941,174,havuz,cash_runway_years
ff5_mom,top_ew,0.03267144904451769,1.194061189839133,173,havuz,cash_runway_years
ff5_mom,mimic_ew,0.01993271163441868,0.7327573013221471,174,havuz,cash_runway_years
capm,top_ew,-0.002306943173323234,-0.4772977082211014,181,havuz,cop_at
capm,mimic_ew,-0.0017605870790304552,-0.5661198560799656,182,havuz,cop_at
ff3,top_ew,-0.0020500004684608397,-0.48734931170479096,181,havuz,cop_at
ff3,mimic_ew,-0.0023690588180406277,-0.8013402698585899,182,havuz,cop_at
carhart4,top_ew,-0.0014161699797180904,-0.330125304877987,181,havuz,cop_at
carhart4,mimic_ew,-0.000927878893183242,-0.304808335559189,182,havuz,cop_at
ff5_mom,top_ew,-0.00220460998299302,-0.500167774557233,181,havuz,cop_at
ff5_mom,mimic_ew,-0.0015290334022965279,-0.5153102918529054,182,havuz,cop_at
capm,top_ew,0.00396873446495089,1.2802907018943268,181,havuz,dist_52w_high
capm,mimic_ew,0.014876553959065394,2.1411362380853176,182,havuz,dist_52w_high
ff3,top_ew,0.004428560041583579,1.452340249830317,181,havuz,dist_52w_high
ff3,mimic_ew,0.011900531712716215,1.809420495149398,182,havuz,dist_52w_high
carhart4,top_ew,0.0032982979874230725,1.0224873749820178,181,havuz,dist_52w_high
carhart4,mimic_ew,0.009787841643424533,1.4182483347863863,182,havuz,dist_52w_high
ff5_mom,top_ew,0.0031304660366641935,0.9217599335925097,181,havuz,dist_52w_high
ff5_mom,mimic_ew,0.008269876748964318,1.1294730656862095,182,havuz,dist_52w_high
capm,top_ew,0.002210132551786934,0.4737430731393654,180,havuz,droe
capm,mimic_ew,-0.0011258061585055976,-0.3046176014067592,181,havuz,droe
ff3,top_ew,0.003937471936649352,0.8929435511217149,180,havuz,droe
ff3,mimic_ew,-0.0007493383077412823,-0.19975691788577343,181,havuz,droe
carhart4,top_ew,0.0033641366198335163,0.7632615286877991,180,havuz,droe
carhart4,mimic_ew,-0.0009363388028175027,-0.24612954127583261,181,havuz,droe
ff5_mom,top_ew,0.003766986286868419,0.8490508105061887,180,havuz,droe
ff5_mom,mimic_ew,-0.0014982251978540686,-0.38843705884042956,181,havuz,droe
capm,top_ew,-0.003854064270488252,-0.7785599803756597,181,havuz,ear_3d
capm,mimic_ew,-0.002378680043418613,-0.7124466158297514,182,havuz,ear_3d
ff3,top_ew,-0.001306719867289572,-0.2999652994361235,181,havuz,ear_3d
ff3,mimic_ew,-0.002215125863617572,-0.7034727407660896,182,havuz,ear_3d
carhart4,top_ew,-0.0011491245680542628,-0.26038726933445466,181,havuz,ear_3d
carhart4,mimic_ew,-0.001682419381493319,-0.5244085181418896,182,havuz,ear_3d
ff5_mom,top_ew,-0.0004916887182195547,-0.11012676586484917,181,havuz,ear_3d
ff5_mom,mimic_ew,-0.0022458976901900862,-0.6772594882540425,182,havuz,ear_3d
capm,top_ew,-0.005738216795506646,-0.7995248895959933,181,havuz,ebit_ev
capm,mimic_ew,-0.003984591885446614,-0.6879328709911313,182,havuz,ebit_ev
ff3,top_ew,-0.006440073451322752,-1.052718576557553,181,havuz,ebit_ev
ff3,mimic_ew,-0.004735529066248593,-0.8617823554625769,182,havuz,ebit_ev
carhart4,top_ew,-0.005215416489328019,-0.8323735492045267,181,havuz,ebit_ev
carhart4,mimic_ew,-0.0028669800413780163,-0.49716849384109374,182,havuz,ebit_ev
ff5_mom,top_ew,-0.008106574481852874,-1.3021774478846335,181,havuz,ebit_ev
ff5_mom,mimic_ew,-0.005585306326718434,-1.0304713420838727,182,havuz,ebit_ev
capm,top_ew,0.0027216561236586257,0.7168705584071683,181,havuz,gross_profitability
capm,mimic_ew,0.007848105780114504,1.5396445447394882,182,havuz,gross_profitability
ff3,top_ew,0.0034179845156109044,0.9301421335260934,181,havuz,gross_profitability
ff3,mimic_ew,0.00821002833086618,1.7417037969970661,182,havuz,gross_profitability
carhart4,top_ew,0.003504530798067108,0.9561908942357877,181,havuz,gross_profitability
carhart4,mimic_ew,0.008457988325345833,1.7568440280402864,182,havuz,gross_profitability
ff5_mom,top_ew,0.003444550368747743,0.918173388875931,181,havuz,gross_profitability
ff5_mom,mimic_ew,0.008969765204404909,1.8254515954202402,182,havuz,gross_profitability
capm,top_ew,0.004499761456302441,1.9122000395320962,181,havuz,idio_vol_60d
capm,mimic_ew,-0.004303665352495818,-0.3194939517165864,182,havuz,idio_vol_60d
ff3,top_ew,0.00398131954059366,1.702850095687542,181,havuz,idio_vol_60d
ff3,mimic_ew,-0.00796054421221428,-0.6612831200371212,182,havuz,idio_vol_60d
carhart4,top_ew,0.003671919147708385,1.5564568226285334,181,havuz,idio_vol_60d
carhart4,mimic_ew,-0.016164986700852473,-0.9321212453389593,182,havuz,idio_vol_60d
ff5_mom,top_ew,0.0026126288504535276,1.1446381056636488,181,havuz,idio_vol_60d
ff5_mom,mimic_ew,-0.01266453155335653,-1.010305023844565,182,havuz,idio_vol_60d
capm,top_ew,0.013319801847093879,1.1832330758367942,181,havuz,max_ret_21d
capm,mimic_ew,0.014984545406842223,1.150969372762675,182,havuz,max_ret_21d
ff3,top_ew,0.011636858966172661,1.146527411752454,181,havuz,max_ret_21d
ff3,mimic_ew,0.009066108844784813,0.8167484060612971,182,havuz,max_ret_21d
carhart4,top_ew,0.01872985277339281,1.1641963651928797,181,havuz,max_ret_21d
carhart4,mimic_ew,0.01648693013087385,1.0000383899924141,182,havuz,max_ret_21d
ff5_mom,top_ew,0.011019921339619545,1.0493327652698887,181,havuz,max_ret_21d
ff5_mom,mimic_ew,0.006397602886975088,0.5712764338334945,182,havuz,max_ret_21d
capm,top_ew,0.009043756419104102,0.7343106015792796,181,havuz,mom_12_1
capm,mimic_ew,0.019670567664068994,1.5872493410905983,182,havuz,mom_12_1
ff3,top_ew,0.009962378395576772,0.8945448645241553,181,havuz,mom_12_1
ff3,mimic_ew,0.017627030775627,1.5430662937446395,182,havuz,mom_12_1
carhart4,top_ew,0.015025315422136023,0.8898316903435195,181,havuz,mom_12_1
carhart4,mimic_ew,0.020116893348293627,1.1534159799996186,182,havuz,mom_12_1
ff5_mom,top_ew,0.010107338640364455,0.8448834178591541,181,havuz,mom_12_1
ff5_mom,mimic_ew,0.014716048118650514,1.1388589981088186,182,havuz,mom_12_1
capm,top_ew,-0.004539702504355662,-0.6575447144703307,181,havuz,net_debt_ebitda
capm,mimic_ew,-0.0025501514272628736,-0.5574767019859883,182,havuz,net_debt_ebitda
ff3,top_ew,-0.004574161337804974,-0.7791554919026511,181,havuz,net_debt_ebitda
ff3,mimic_ew,-0.0020433401282890624,-0.46982337731625057,182,havuz,net_debt_ebitda
carhart4,top_ew,-0.005392263361096575,-0.9020320243913349,181,havuz,net_debt_ebitda
carhart4,mimic_ew,-0.0029484008324660066,-0.6430800586845101,182,havuz,net_debt_ebitda
ff5_mom,top_ew,-0.007005917797346165,-1.123910339900141,181,havuz,net_debt_ebitda
ff5_mom,mimic_ew,-0.004011833074416563,-0.8400441253753923,182,havuz,net_debt_ebitda
capm,top_ew,-0.005364073756685936,-0.5727385308855155,181,havuz,ocf_ev
capm,mimic_ew,-0.0003052457977336095,-0.04219322084732664,182,havuz,ocf_ev
ff3,top_ew,-0.0058478239844146065,-0.7694214392726926,181,havuz,ocf_ev
ff3,mimic_ew,-0.0010391938470226427,-0.17212769149157636,182,havuz,ocf_ev
carhart4,top_ew,-0.004661372273444658,-0.5963808777428525,181,havuz,ocf_ev
carhart4,mimic_ew,0.0014372621554397595,0.22595043806186432,182,havuz,ocf_ev
ff5_mom,top_ew,-0.006861292017151794,-0.8497092473612522,181,havuz,ocf_ev
ff5_mom,mimic_ew,-0.0004858748451326646,-0.07475313422832507,182,havuz,ocf_ev
capm,top_ew,0.0051364753237490065,0.5670221165139229,181,havuz,oil_beta_trend
capm,mimic_ew,0.015683555524052113,1.979909554848344,182,havuz,oil_beta_trend
ff3,top_ew,0.005130474530755067,0.7052724234677143,181,havuz,oil_beta_trend
ff3,mimic_ew,0.016654716962039153,2.0432772450449246,182,havuz,oil_beta_trend
carhart4,top_ew,0.005092235233499255,0.6936862336768808,181,havuz,oil_beta_trend
carhart4,mimic_ew,0.014960143420143375,1.7525755937496166,182,havuz,oil_beta_trend
ff5_mom,top_ew,0.004039293185362449,0.5311135509938918,181,havuz,oil_beta_trend
ff5_mom,mimic_ew,0.016508764480253412,1.8386771639772055,182,havuz,oil_beta_trend
capm,top_ew,0.0010776149498887774,0.24667045035424182,181,havuz,share_issuance
capm,mimic_ew,-0.007920436134953001,-0.6381763061264581,182,havuz,share_issuance
ff3,top_ew,0.0009855031099755625,0.2563485854662554,181,havuz,share_issuance
ff3,mimic_ew,-0.010182660196520263,-0.9169069547374542,182,havuz,share_issuance
carhart4,top_ew,0.0012495154001822837,0.3204915869150389,181,havuz,share_issuance
carhart4,mimic_ew,-0.0173708303788141,-1.026802330715729,182,havuz,share_issuance
ff5_mom,top_ew,-6.829347014118712e-05,-0.0175359550638164,181,havuz,share_issuance
ff5_mom,mimic_ew,-0.012766854836297251,-1.093809399997635,182,havuz,share_issuance
capm,top_ew,0.0005217021340852841,0.124908018773382,177,havuz,sue
capm,mimic_ew,-0.005431613986668161,-1.4486676179677838,178,havuz,sue
ff3,top_ew,0.0020294560273616995,0.527650386154762,177,havuz,sue
ff3,mimic_ew,-0.005502692682633039,-1.4703597591924187,178,havuz,sue
carhart4,top_ew,0.0014881817099862233,0.3838982542539223,177,havuz,sue
carhart4,mimic_ew,-0.004755759562784286,-1.2677002863540432,178,havuz,sue
ff5_mom,top_ew,0.0013697105534454038,0.35132401936878505,177,havuz,sue
ff5_mom,mimic_ew,-0.0051760437824360395,-1.386279972894469,178,havuz,sue
capm,top_ew,0.0016905838764427268,0.4800066875604414,181,havuz,sue_announce
capm,mimic_ew,0.0041266237962718074,0.9949619511805708,182,havuz,sue_announce
ff3,top_ew,0.0024296171999927175,0.7540975913631399,181,havuz,sue_announce
ff3,mimic_ew,0.0034872811808969156,0.8267013810540044,182,havuz,sue_announce
carhart4,top_ew,0.0014269011947321837,0.4504296517896561,181,havuz,sue_announce
carhart4,mimic_ew,0.0013955449161673415,0.3210438584779621,182,havuz,sue_announce
ff5_mom,top_ew,0.001087783464218545,0.3365585622349769,181,havuz,sue_announce
ff5_mom,mimic_ew,0.0016028659653340742,0.3547546915843331,182,havuz,sue_announce
capm,top_ew,-1.799245018888536e-05,-0.0013168722014286836,62,robotics,asset_growth
capm,mimic_ew,-0.004276961961389947,-0.37675137264205805,63,robotics,asset_growth
ff3,top_ew,0.0050987772522818236,0.3978069787152675,62,robotics,asset_growth
ff3,mimic_ew,-0.006474731797046361,-0.5400500133757761,63,robotics,asset_growth
carhart4,top_ew,-0.0008978374589013207,-0.06628464755214036,62,robotics,asset_growth
carhart4,mimic_ew,-0.004421068266708901,-0.3891031446408694,63,robotics,asset_growth
ff5_mom,top_ew,-0.0013840154362929785,-0.10320210824202795,62,robotics,asset_growth
ff5_mom,mimic_ew,-0.006032053866782699,-0.5355208472779311,63,robotics,asset_growth
capm,top_ew,-0.025618465363740996,-2.216563568955904,53,robotics,capex_at
capm,mimic_ew,-0.022661424097021213,-1.8808134527813931,54,robotics,capex_at
ff3,top_ew,-0.011064706193110757,-1.0300936187961491,53,robotics,capex_at
ff3,mimic_ew,-0.028152430335435488,-1.9549919350365368,54,robotics,capex_at
carhart4,top_ew,-0.023455222449364963,-2.323030521834255,53,robotics,capex_at
carhart4,mimic_ew,-0.029952766329026468,-1.8458352444144819,54,robotics,capex_at
ff5_mom,top_ew,-0.022898503325207757,-2.280973493935131,53,robotics,capex_at
ff5_mom,mimic_ew,-0.028692124963546235,-1.7400069066219972,54,robotics,capex_at
capm,top_ew,0.0008579301010451905,0.07898309574686521,65,robotics,dist_52w_high
capm,mimic_ew,-0.0034065638183812083,-0.3028429249665144,66,robotics,dist_52w_high
ff3,top_ew,0.00987531451631003,0.9367196636344103,65,robotics,dist_52w_high
ff3,mimic_ew,-0.0026251998184790514,-0.20394184783779057,66,robotics,dist_52w_high
carhart4,top_ew,0.0019270582147688311,0.17848807017355656,65,robotics,dist_52w_high
carhart4,mimic_ew,-0.005736547042623248,-0.4569387394255056,66,robotics,dist_52w_high
ff5_mom,top_ew,0.0023194956657425197,0.21377588170912046,65,robotics,dist_52w_high
ff5_mom,mimic_ew,-0.0065424451983844105,-0.5293508188569187,66,robotics,dist_52w_high
capm,top_ew,-0.0033195793579415284,-0.2496422767245326,48,robotics,ear_3d
capm,mimic_ew,0.0012168634122526516,0.13834935621853237,49,robotics,ear_3d
ff3,top_ew,0.004547658311566625,0.31236982372453526,48,robotics,ear_3d
ff3,mimic_ew,0.0004240085273727991,0.04844249313319855,49,robotics,ear_3d
carhart4,top_ew,-0.003464932475547123,-0.2598276353510926,48,robotics,ear_3d
carhart4,mimic_ew,0.0005277657104406987,0.060699548843164336,49,robotics,ear_3d
ff5_mom,top_ew,-0.00012551997519040465,-0.00916623970803945,48,robotics,ear_3d
ff5_mom,mimic_ew,-0.0008564034724576898,-0.09689299868261485,49,robotics,ear_3d
capm,top_ew,0.0024889024836921036,0.28505508367734705,65,robotics,idio_vol_60d
capm,mimic_ew,0.008500165857360539,0.6662884536144297,66,robotics,idio_vol_60d
ff3,top_ew,0.006384381240635371,0.7941834028969507,65,robotics,idio_vol_60d
ff3,mimic_ew,0.001100937643150889,0.07827033036860113,66,robotics,idio_vol_60d
carhart4,top_ew,0.0014862949151865236,0.16898498136635984,65,robotics,idio_vol_60d
carhart4,mimic_ew,0.0032413456646318427,0.23133900175094305,66,robotics,idio_vol_60d
ff5_mom,top_ew,0.001997900302494685,0.23100359239266416,65,robotics,idio_vol_60d
ff5_mom,mimic_ew,0.002527162494195068,0.17564379824788742,66,robotics,idio_vol_60d
capm,top_ew,-0.0030498379631122147,-0.312779547302644,65,robotics,max_ret_21d
capm,mimic_ew,0.00450547209488724,0.3586044371600775,66,robotics,max_ret_21d
ff3,top_ew,-0.0010402865341941371,-0.12838868794524574,65,robotics,max_ret_21d
ff3,mimic_ew,-0.0010800602567006812,-0.07597247651954103,66,robotics,max_ret_21d
carhart4,top_ew,-0.005871685707169642,-0.6121403291047105,65,robotics,max_ret_21d
carhart4,mimic_ew,0.0035622599690342607,0.2638545297346767,66,robotics,max_ret_21d
ff5_mom,top_ew,-0.00592729948581406,-0.6156678943935904,65,robotics,max_ret_21d
ff5_mom,mimic_ew,0.0024438751488983263,0.18050283640268042,66,robotics,max_ret_21d
capm,top_ew,0.0043627033167148626,0.3020075471064284,65,robotics,mom_12_1
capm,mimic_ew,0.006595693767503783,0.4653195913416008,66,robotics,mom_12_1
ff3,top_ew,0.01463784661148015,1.02486752283145,65,robotics,mom_12_1
ff3,mimic_ew,0.011419430076797294,0.750799155511918,66,robotics,mom_12_1
carhart4,top_ew,0.003547489438819956,0.24482914976047065,65,robotics,mom_12_1
carhart4,mimic_ew,0.005284653161263043,0.3753668017509409,66,robotics,mom_12_1
ff5_mom,top_ew,0.004703390540506735,0.32108702327057603,65,robotics,mom_12_1
ff5_mom,mimic_ew,0.005167216577836196,0.36297978941241754,66,robotics,mom_12_1
capm,top_ew,0.010954640310307044,1.0058800575472306,59,robotics,share_issuance
capm,mimic_ew,0.014637410810719674,1.0999873631578552,60,robotics,share_issuance
ff3,top_ew,0.01781082666436011,1.826027209208677,59,robotics,share_issuance
ff3,mimic_ew,0.0028101963336611825,0.19665947091607788,60,robotics,share_issuance
carhart4,top_ew,0.011827576793263012,1.0861884689876993,59,robotics,share_issuance
carhart4,mimic_ew,0.009301533881579309,0.6464722772319669,60,robotics,share_issuance
ff5_mom,top_ew,0.01173021547479315,1.044446113951915,59,robotics,share_issuance
ff5_mom,mimic_ew,0.008941031842852108,0.6296271378401206,60,robotics,share_issuance
capm,top_ew,0.004615511662942952,0.6761768547966311,180,biotech,asset_growth
capm,mimic_ew,0.006310906523028292,1.3119182313601179,181,biotech,asset_growth
ff3,top_ew,0.009374339615469518,1.606753763632856,180,biotech,asset_growth
ff3,mimic_ew,0.007043940899754953,1.409489849653953,181,biotech,asset_growth
carhart4,top_ew,0.009450045494225838,1.634588626237992,180,biotech,asset_growth
carhart4,mimic_ew,0.007540142259621889,1.473250167673636,181,biotech,asset_growth
ff5_mom,top_ew,0.010572329795177268,1.8600042668027814,180,biotech,asset_growth
ff5_mom,mimic_ew,0.00671213354470734,1.3284444289975756,181,biotech,asset_growth
capm,top_ew,0.025903901259664176,1.1590051386523121,181,biotech,capex_at
capm,mimic_ew,0.026399167858739782,1.223119260173887,182,biotech,capex_at
ff3,top_ew,0.02729861055679434,1.3479090201942834,181,biotech,capex_at
ff3,mimic_ew,0.024312504491175224,1.2483482712643015,182,biotech,capex_at
carhart4,top_ew,0.04240185866834109,1.3599383002240564,181,biotech,capex_at
carhart4,mimic_ew,0.03991178428946228,1.3225604090197298,182,biotech,capex_at
ff5_mom,top_ew,0.032136788329812184,1.51371226699225,181,biotech,capex_at
ff5_mom,mimic_ew,0.028874747095892057,1.419960160225476,182,biotech,capex_at
capm,top_ew,0.031791347069394744,0.9825214391783705,170,biotech,cash_runway_years
capm,mimic_ew,0.02586990590161899,0.8024167283752542,171,biotech,cash_runway_years
ff3,top_ew,0.03233461822516165,1.0972052914925594,170,biotech,cash_runway_years
ff3,mimic_ew,0.021329121865336954,0.72962000309375,171,biotech,cash_runway_years
carhart4,top_ew,0.052828604794194635,1.176780210780417,170,biotech,cash_runway_years
carhart4,mimic_ew,0.042572118304201975,0.9556362760703376,171,biotech,cash_runway_years
ff5_mom,top_ew,0.037849120601057745,1.20460775762915,170,biotech,cash_runway_years
ff5_mom,mimic_ew,0.025406941376259276,0.82358921095309,171,biotech,cash_runway_years
capm,top_ew,0.00020458809649116316,0.050302647823163384,181,biotech,cop_at
capm,mimic_ew,0.00047163815649248095,0.10435030799053073,182,biotech,cop_at
ff3,top_ew,0.0016471367658914323,0.4355221753207808,181,biotech,cop_at
ff3,mimic_ew,-0.0004315899867812559,-0.09515967846427742,182,biotech,cop_at
carhart4,top_ew,0.0018217734481654675,0.46525100462635993,181,biotech,cop_at
carhart4,mimic_ew,0.001023830077399479,0.21704622745647142,182,biotech,cop_at
ff5_mom,top_ew,0.002615769637968258,0.6739454016406345,181,biotech,cop_at
ff5_mom,mimic_ew,0.0009493901625821491,0.19710195016981719,182,biotech,cop_at
capm,top_ew,0.004942655575571877,1.0537297328339121,181,biotech,dist_52w_high
capm,mimic_ew,0.012672182613599375,1.9915103803972873,182,biotech,dist_52w_high
ff3,top_ew,0.006911978637957286,1.5438003417073076,181,biotech,dist_52w_high
ff3,mimic_ew,0.0100404294319266,1.6809210797614362,182,biotech,dist_52w_high
carhart4,top_ew,0.007800373876541853,1.6139186985078495,181,biotech,dist_52w_high
carhart4,mimic_ew,0.011646566659143867,2.041536898136611,182,biotech,dist_52w_high
ff5_mom,top_ew,0.009121175222171627,1.7934513734097792,181,biotech,dist_52w_high
ff5_mom,mimic_ew,0.010945974128152975,1.8695060827620442,182,biotech,dist_52w_high
capm,top_ew,0.0019643735313411817,0.43429296409959645,180,biotech,droe
capm,mimic_ew,0.00017736973540660337,0.049318923012986286,181,biotech,droe
ff3,top_ew,0.0035443928305662607,0.8319164538451582,180,biotech,droe
ff3,mimic_ew,0.00045239842747786936,0.12499065586991324,181,biotech,droe
carhart4,top_ew,0.003319991992315218,0.7800356847461238,180,biotech,droe
carhart4,mimic_ew,0.0006908641465789888,0.1897964926786208,181,biotech,droe
ff5_mom,top_ew,0.003853063658578274,0.8960075522836447,180,biotech,droe
ff5_mom,mimic_ew,0.0007300759894640519,0.19432013066184103,181,biotech,droe
capm,top_ew,-0.004944918025523995,-0.860719929878987,181,biotech,ear_3d
capm,mimic_ew,-0.009666159557463899,-2.0976261494067265,182,biotech,ear_3d
ff3,top_ew,-0.0011097627677640058,-0.2278912928346171,181,biotech,ear_3d
ff3,mimic_ew,-0.009953578187557733,-2.1441348801939446,182,biotech,ear_3d
carhart4,top_ew,-0.0013281072622982207,-0.27154053800797917,181,biotech,ear_3d
carhart4,mimic_ew,-0.00962444425673794,-2.0562953746940322,182,biotech,ear_3d
ff5_mom,top_ew,0.0002820153558776075,0.0582312093168204,181,biotech,ear_3d
ff5_mom,mimic_ew,-0.009813556813857727,-1.9603183932429835,182,biotech,ear_3d
capm,top_ew,0.002840708466580559,0.7224886460880503,181,biotech,gross_profitability
capm,mimic_ew,0.001819939670342288,0.4854574235793829,182,biotech,gross_profitability
ff3,top_ew,0.004193741878961106,1.115793148858233,181,biotech,gross_profitability
ff3,mimic_ew,0.001060899265721445,0.2970384608037565,182,biotech,gross_profitability
carhart4,top_ew,0.00446527463095076,1.2040432627900903,181,biotech,gross_profitability
carhart4,mimic_ew,0.0018793153819672572,0.5248598821482916,182,biotech,gross_profitability
ff5_mom,top_ew,0.004745570400263781,1.2594205114837325,181,biotech,gross_profitability
ff5_mom,mimic_ew,0.0021055028267038495,0.5896353175792418,182,biotech,gross_profitability
capm,top_ew,0.006273832975683141,2.2146082110512646,181,biotech,idio_vol_60d
capm,mimic_ew,-0.013115248945397897,-0.616615255037178,182,biotech,idio_vol_60d
ff3,top_ew,0.006883989286547931,2.505833349721667,181,biotech,idio_vol_60d
ff3,mimic_ew,-0.015267476152552077,-0.7911206426991928,182,biotech,idio_vol_60d
carhart4,top_ew,0.0071869225583712625,2.588668771605179,181,biotech,idio_vol_60d
carhart4,mimic_ew,-0.028824700215558927,-0.9648592337387817,182,biotech,idio_vol_60d
ff5_mom,top_ew,0.007031323936839255,2.6061719790238898,181,biotech,idio_vol_60d
ff5_mom,mimic_ew,-0.019194073721396643,-0.9341052759624612,182,biotech,idio_vol_60d
capm,top_ew,0.025368480391001442,1.2631435787561471,181,biotech,max_ret_21d
capm,mimic_ew,0.02513913361599673,1.284795818187015,182,biotech,max_ret_21d
ff3,top_ew,0.024579172563113247,1.3555058146836565,181,biotech,max_ret_21d
ff3,mimic_ew,0.019401245349848065,1.1307987490579556,182,biotech,max_ret_21d
carhart4,top_ew,0.038130663584122565,1.332297018613419,181,biotech,max_ret_21d
carhart4,mimic_ew,0.03259730112230703,1.2013261804759903,182,biotech,max_ret_21d
ff5_mom,top_ew,0.02622492966832781,1.390363870636581,181,biotech,max_ret_21d
ff5_mom,mimic_ew,0.0177151939658351,1.0066724118230248,182,biotech,max_ret_21d
capm,top_ew,0.018378325009006043,0.8767320141286873,181,biotech,mom_12_1
capm,mimic_ew,0.026981796569338128,1.3390353286486405,182,biotech,mom_12_1
ff3,top_ew,0.02031038827863003,1.0734980224208808,181,biotech,mom_12_1
ff3,mimic_ew,0.0246788215003486,1.3573199286562017,182,biotech,mom_12_1
carhart4,top_ew,0.03351908596146556,1.1523188850082189,181,biotech,mom_12_1
carhart4,mimic_ew,0.037494113237499904,1.3234207358237229,182,biotech,mom_12_1
ff5_mom,top_ew,0.023770450515250573,1.2030757429676857,181,biotech,mom_12_1
ff5_mom,mimic_ew,0.025778222862333194,1.3490661960742463,182,biotech,mom_12_1
capm,top_ew,0.0063127807246452635,1.6593188325530552,180,biotech,share_issuance
capm,mimic_ew,0.0071489180440369865,1.194670897773956,181,biotech,share_issuance
ff3,top_ew,0.007579717793508672,2.087057742380912,180,biotech,share_issuance
ff3,mimic_ew,0.0037203088112650333,0.6961153953233915,181,biotech,share_issuance
carhart4,top_ew,0.00766314109025946,2.1222471490780555,180,biotech,share_issuance
carhart4,mimic_ew,0.0046615160810789796,0.8771108819121898,181,biotech,share_issuance
ff5_mom,top_ew,0.0076145231630359925,2.1768812648328644,180,biotech,share_issuance
ff5_mom,mimic_ew,0.0030588271156187312,0.5771186048080501,181,biotech,share_issuance
capm,top_ew,0.003266770735629428,0.7705612357757254,177,biotech,sue
capm,mimic_ew,-0.0006639299736774848,-0.17090734636623442,178,biotech,sue
ff3,top_ew,0.004777305032917626,1.2133290949274218,177,biotech,sue
ff3,mimic_ew,-0.0005195453192507429,-0.13287474724349052,178,biotech,sue
carhart4,top_ew,0.004847155858099029,1.210554683965578,177,biotech,sue
carhart4,mimic_ew,0.0005716815974070448,0.14579000498729414,178,biotech,sue
ff5_mom,top_ew,0.004947456024420079,1.2268807655611178,177,biotech,sue
ff5_mom,mimic_ew,0.0004011654003047,0.10106258739704735,178,biotech,sue
capm,top_ew,0.006252939990966388,1.4284892125212665,181,biotech,sue_announce
capm,mimic_ew,0.00022035935580804332,0.03859646944014743,182,biotech,sue_announce
ff3,top_ew,0.00817489499194169,2.006405807616514,181,biotech,sue_announce
ff3,mimic_ew,-0.0015534892687564447,-0.27406584059527256,182,biotech,sue_announce
carhart4,top_ew,0.007045699590686184,1.7163054452000848,181,biotech,sue_announce
carhart4,mimic_ew,-0.0023786365618138276,-0.4073959331197028,182,biotech,sue_announce
ff5_mom,top_ew,0.007920324092582386,1.9321048241341174,181,biotech,sue_announce
ff5_mom,mimic_ew,-0.0025763004846060845,-0.4317229993714311,182,biotech,sue_announce
capm,top_ew,0.004615511662942952,0.6761768547966311,180,biotech/biotech_all,asset_growth
capm,mimic_ew,0.006310906523028292,1.3119182313601179,181,biotech/biotech_all,asset_growth
ff3,top_ew,0.009374339615469518,1.606753763632856,180,biotech/biotech_all,asset_growth
ff3,mimic_ew,0.007043940899754953,1.409489849653953,181,biotech/biotech_all,asset_growth
carhart4,top_ew,0.009450045494225838,1.634588626237992,180,biotech/biotech_all,asset_growth
carhart4,mimic_ew,0.007540142259621889,1.473250167673636,181,biotech/biotech_all,asset_growth
ff5_mom,top_ew,0.010572329795177268,1.8600042668027814,180,biotech/biotech_all,asset_growth
ff5_mom,mimic_ew,0.00671213354470734,1.3284444289975756,181,biotech/biotech_all,asset_growth
capm,top_ew,0.025903901259664176,1.1590051386523121,181,biotech/biotech_all,capex_at
capm,mimic_ew,0.026399167858739782,1.223119260173887,182,biotech/biotech_all,capex_at
ff3,top_ew,0.02729861055679434,1.3479090201942834,181,biotech/biotech_all,capex_at
ff3,mimic_ew,0.024312504491175224,1.2483482712643015,182,biotech/biotech_all,capex_at
carhart4,top_ew,0.04240185866834109,1.3599383002240564,181,biotech/biotech_all,capex_at
carhart4,mimic_ew,0.03991178428946228,1.3225604090197298,182,biotech/biotech_all,capex_at
ff5_mom,top_ew,0.032136788329812184,1.51371226699225,181,biotech/biotech_all,capex_at
ff5_mom,mimic_ew,0.028874747095892057,1.419960160225476,182,biotech/biotech_all,capex_at
capm,top_ew,0.031791347069394744,0.9825214391783705,170,biotech/biotech_all,cash_runway_years
capm,mimic_ew,0.02586990590161899,0.8024167283752542,171,biotech/biotech_all,cash_runway_years
ff3,top_ew,0.03233461822516165,1.0972052914925594,170,biotech/biotech_all,cash_runway_years
ff3,mimic_ew,0.021329121865336954,0.72962000309375,171,biotech/biotech_all,cash_runway_years
carhart4,top_ew,0.052828604794194635,1.176780210780417,170,biotech/biotech_all,cash_runway_years
carhart4,mimic_ew,0.042572118304201975,0.9556362760703376,171,biotech/biotech_all,cash_runway_years
ff5_mom,top_ew,0.037849120601057745,1.20460775762915,170,biotech/biotech_all,cash_runway_years
ff5_mom,mimic_ew,0.025406941376259276,0.82358921095309,171,biotech/biotech_all,cash_runway_years
capm,top_ew,0.00020458809649116316,0.050302647823163384,181,biotech/biotech_all,cop_at
capm,mimic_ew,0.00047163815649248095,0.10435030799053073,182,biotech/biotech_all,cop_at
ff3,top_ew,0.0016471367658914323,0.4355221753207808,181,biotech/biotech_all,cop_at
ff3,mimic_ew,-0.0004315899867812559,-0.09515967846427742,182,biotech/biotech_all,cop_at
carhart4,top_ew,0.0018217734481654675,0.46525100462635993,181,biotech/biotech_all,cop_at
carhart4,mimic_ew,0.001023830077399479,0.21704622745647142,182,biotech/biotech_all,cop_at
ff5_mom,top_ew,0.002615769637968258,0.6739454016406345,181,biotech/biotech_all,cop_at
ff5_mom,mimic_ew,0.0009493901625821491,0.19710195016981719,182,biotech/biotech_all,cop_at
capm,top_ew,0.004942655575571877,1.0537297328339121,181,biotech/biotech_all,dist_52w_high
capm,mimic_ew,0.012672182613599375,1.9915103803972873,182,biotech/biotech_all,dist_52w_high
ff3,top_ew,0.006911978637957286,1.5438003417073076,181,biotech/biotech_all,dist_52w_high
ff3,mimic_ew,0.0100404294319266,1.6809210797614362,182,biotech/biotech_all,dist_52w_high
carhart4,top_ew,0.007800373876541853,1.6139186985078495,181,biotech/biotech_all,dist_52w_high
carhart4,mimic_ew,0.011646566659143867,2.041536898136611,182,biotech/biotech_all,dist_52w_high
ff5_mom,top_ew,0.009121175222171627,1.7934513734097792,181,biotech/biotech_all,dist_52w_high
ff5_mom,mimic_ew,0.010945974128152975,1.8695060827620442,182,biotech/biotech_all,dist_52w_high
capm,top_ew,0.0019643735313411817,0.43429296409959645,180,biotech/biotech_all,droe
capm,mimic_ew,0.00017736973540660337,0.049318923012986286,181,biotech/biotech_all,droe
ff3,top_ew,0.0035443928305662607,0.8319164538451582,180,biotech/biotech_all,droe
ff3,mimic_ew,0.00045239842747786936,0.12499065586991324,181,biotech/biotech_all,droe
carhart4,top_ew,0.003319991992315218,0.7800356847461238,180,biotech/biotech_all,droe
carhart4,mimic_ew,0.0006908641465789888,0.1897964926786208,181,biotech/biotech_all,droe
ff5_mom,top_ew,0.003853063658578274,0.8960075522836447,180,biotech/biotech_all,droe
ff5_mom,mimic_ew,0.0007300759894640519,0.19432013066184103,181,biotech/biotech_all,droe
capm,top_ew,-0.004944918025523995,-0.860719929878987,181,biotech/biotech_all,ear_3d
capm,mimic_ew,-0.009666159557463899,-2.0976261494067265,182,biotech/biotech_all,ear_3d
ff3,top_ew,-0.0011097627677640058,-0.2278912928346171,181,biotech/biotech_all,ear_3d
ff3,mimic_ew,-0.009953578187557733,-2.1441348801939446,182,biotech/biotech_all,ear_3d
carhart4,top_ew,-0.0013281072622982207,-0.27154053800797917,181,biotech/biotech_all,ear_3d
carhart4,mimic_ew,-0.00962444425673794,-2.0562953746940322,182,biotech/biotech_all,ear_3d
ff5_mom,top_ew,0.0002820153558776075,0.0582312093168204,181,biotech/biotech_all,ear_3d
ff5_mom,mimic_ew,-0.009813556813857727,-1.9603183932429835,182,biotech/biotech_all,ear_3d
capm,top_ew,0.002840708466580559,0.7224886460880503,181,biotech/biotech_all,gross_profitability
capm,mimic_ew,0.001819939670342288,0.4854574235793829,182,biotech/biotech_all,gross_profitability
ff3,top_ew,0.004193741878961106,1.115793148858233,181,biotech/biotech_all,gross_profitability
ff3,mimic_ew,0.001060899265721445,0.2970384608037565,182,biotech/biotech_all,gross_profitability
carhart4,top_ew,0.00446527463095076,1.2040432627900903,181,biotech/biotech_all,gross_profitability
carhart4,mimic_ew,0.0018793153819672572,0.5248598821482916,182,biotech/biotech_all,gross_profitability
ff5_mom,top_ew,0.004745570400263781,1.2594205114837325,181,biotech/biotech_all,gross_profitability
ff5_mom,mimic_ew,0.0021055028267038495,0.5896353175792418,182,biotech/biotech_all,gross_profitability
capm,top_ew,0.006273832975683141,2.2146082110512646,181,biotech/biotech_all,idio_vol_60d
capm,mimic_ew,-0.013115248945397897,-0.616615255037178,182,biotech/biotech_all,idio_vol_60d
ff3,top_ew,0.006883989286547931,2.505833349721667,181,biotech/biotech_all,idio_vol_60d
ff3,mimic_ew,-0.015267476152552077,-0.7911206426991928,182,biotech/biotech_all,idio_vol_60d
carhart4,top_ew,0.0071869225583712625,2.588668771605179,181,biotech/biotech_all,idio_vol_60d
carhart4,mimic_ew,-0.028824700215558927,-0.9648592337387817,182,biotech/biotech_all,idio_vol_60d
ff5_mom,top_ew,0.007031323936839255,2.6061719790238898,181,biotech/biotech_all,idio_vol_60d
ff5_mom,mimic_ew,-0.019194073721396643,-0.9341052759624612,182,biotech/biotech_all,idio_vol_60d
capm,top_ew,0.025368480391001442,1.2631435787561471,181,biotech/biotech_all,max_ret_21d
capm,mimic_ew,0.02513913361599673,1.284795818187015,182,biotech/biotech_all,max_ret_21d
ff3,top_ew,0.024579172563113247,1.3555058146836565,181,biotech/biotech_all,max_ret_21d
ff3,mimic_ew,0.019401245349848065,1.1307987490579556,182,biotech/biotech_all,max_ret_21d
carhart4,top_ew,0.038130663584122565,1.332297018613419,181,biotech/biotech_all,max_ret_21d
carhart4,mimic_ew,0.03259730112230703,1.2013261804759903,182,biotech/biotech_all,max_ret_21d
ff5_mom,top_ew,0.02622492966832781,1.390363870636581,181,biotech/biotech_all,max_ret_21d
ff5_mom,mimic_ew,0.0177151939658351,1.0066724118230248,182,biotech/biotech_all,max_ret_21d
capm,top_ew,0.018378325009006043,0.8767320141286873,181,biotech/biotech_all,mom_12_1
capm,mimic_ew,0.026981796569338128,1.3390353286486405,182,biotech/biotech_all,mom_12_1
ff3,top_ew,0.02031038827863003,1.0734980224208808,181,biotech/biotech_all,mom_12_1
ff3,mimic_ew,0.0246788215003486,1.3573199286562017,182,biotech/biotech_all,mom_12_1
carhart4,top_ew,0.03351908596146556,1.1523188850082189,181,biotech/biotech_all,mom_12_1
carhart4,mimic_ew,0.037494113237499904,1.3234207358237229,182,biotech/biotech_all,mom_12_1
ff5_mom,top_ew,0.023770450515250573,1.2030757429676857,181,biotech/biotech_all,mom_12_1
ff5_mom,mimic_ew,0.025778222862333194,1.3490661960742463,182,biotech/biotech_all,mom_12_1
capm,top_ew,0.0063127807246452635,1.6593188325530552,180,biotech/biotech_all,share_issuance
capm,mimic_ew,0.0071489180440369865,1.194670897773956,181,biotech/biotech_all,share_issuance
ff3,top_ew,0.007579717793508672,2.087057742380912,180,biotech/biotech_all,share_issuance
ff3,mimic_ew,0.0037203088112650333,0.6961153953233915,181,biotech/biotech_all,share_issuance
carhart4,top_ew,0.00766314109025946,2.1222471490780555,180,biotech/biotech_all,share_issuance
carhart4,mimic_ew,0.0046615160810789796,0.8771108819121898,181,biotech/biotech_all,share_issuance
ff5_mom,top_ew,0.0076145231630359925,2.1768812648328644,180,biotech/biotech_all,share_issuance
ff5_mom,mimic_ew,0.0030588271156187312,0.5771186048080501,181,biotech/biotech_all,share_issuance
capm,top_ew,0.003266770735629428,0.7705612357757254,177,biotech/biotech_all,sue
capm,mimic_ew,-0.0006639299736774848,-0.17090734636623442,178,biotech/biotech_all,sue
ff3,top_ew,0.004777305032917626,1.2133290949274218,177,biotech/biotech_all,sue
ff3,mimic_ew,-0.0005195453192507429,-0.13287474724349052,178,biotech/biotech_all,sue
carhart4,top_ew,0.004847155858099029,1.210554683965578,177,biotech/biotech_all,sue
carhart4,mimic_ew,0.0005716815974070448,0.14579000498729414,178,biotech/biotech_all,sue
ff5_mom,top_ew,0.004947456024420079,1.2268807655611178,177,biotech/biotech_all,sue
ff5_mom,mimic_ew,0.0004011654003047,0.10106258739704735,178,biotech/biotech_all,sue
capm,top_ew,0.006252939990966388,1.4284892125212665,181,biotech/biotech_all,sue_announce
capm,mimic_ew,0.00022035935580804332,0.03859646944014743,182,biotech/biotech_all,sue_announce
ff3,top_ew,0.00817489499194169,2.006405807616514,181,biotech/biotech_all,sue_announce
ff3,mimic_ew,-0.0015534892687564447,-0.27406584059527256,182,biotech/biotech_all,sue_announce
carhart4,top_ew,0.007045699590686184,1.7163054452000848,181,biotech/biotech_all,sue_announce
carhart4,mimic_ew,-0.0023786365618138276,-0.4073959331197028,182,biotech/biotech_all,sue_announce
ff5_mom,top_ew,0.007920324092582386,1.9321048241341174,181,biotech/biotech_all,sue_announce
ff5_mom,mimic_ew,-0.0025763004846060845,-0.4317229993714311,182,biotech/biotech_all,sue_announce
capm,top_ew,0.0012976388108879066,0.14938751969735387,181,energy,asset_growth
capm,mimic_ew,0.009017247103248903,1.7024691869889954,182,energy,asset_growth
ff3,top_ew,0.0008369699364352319,0.11561174370908649,181,energy,asset_growth
ff3,mimic_ew,0.007975188610834892,1.6844726279315936,182,energy,asset_growth
carhart4,top_ew,0.0008600759139500248,0.11402265316823319,181,energy,asset_growth
carhart4,mimic_ew,0.00782787168855732,1.6509457057653572,182,energy,asset_growth
ff5_mom,top_ew,-0.0006966624559794363,-0.08921317736117003,181,energy,asset_growth
ff5_mom,mimic_ew,0.007616049594608935,1.6682773207062063,182,energy,asset_growth
capm,top_ew,-0.001800992643223662,-0.26505450603488545,181,energy,capex_at
capm,mimic_ew,0.005112170189921178,1.0432982946456724,182,energy,capex_at
ff3,top_ew,-0.0013608688091512374,-0.22216052389001456,181,energy,capex_at
ff3,mimic_ew,0.006123865141096547,1.359864012398439,182,energy,capex_at
carhart4,top_ew,-0.0024976949465391985,-0.3994370577012563,181,energy,capex_at
carhart4,mimic_ew,0.0035017997169834556,0.741993038728472,182,energy,capex_at
ff5_mom,top_ew,-0.00277255874299091,-0.42312783189418074,181,energy,capex_at
ff5_mom,mimic_ew,0.004549158245203674,0.9366984035132575,182,energy,capex_at
capm,top_ew,-0.09126759058256914,-2.4610105011659917,8,energy,cash_runway_years
capm,mimic_ew,-0.05854322300777398,-1.3511622241185568,9,energy,cash_runway_years
capm,top_ew,-0.004395790681384603,-0.5222778450003489,181,energy,cop_at
capm,mimic_ew,-0.0037409189822819144,-0.6524823040603114,182,energy,cop_at
ff3,top_ew,-0.0051047036624423765,-0.7318454960457614,181,energy,cop_at
ff3,mimic_ew,-0.004346878775330747,-0.8315246987811881,182,energy,cop_at
carhart4,top_ew,-0.004434634509740579,-0.6173215854128201,181,energy,cop_at
carhart4,mimic_ew,-0.0030649486624954383,-0.5647139857728214,182,energy,cop_at
ff5_mom,top_ew,-0.006365156931926967,-0.8582865629464503,181,energy,cop_at
ff5_mom,mimic_ew,-0.0043230574699929915,-0.7737362006401618,182,energy,cop_at
capm,top_ew,0.004272561582172509,1.3860228510302286,181,energy,dist_52w_high
capm,mimic_ew,0.014701916552268655,1.5639569165657046,182,energy,dist_52w_high
ff3,top_ew,0.003995444766295551,1.3175849368679229,181,energy,dist_52w_high
ff3,mimic_ew,0.01383607787629099,1.6603234131036901,182,energy,dist_52w_high
carhart4,top_ew,0.002149214979505278,0.7422776164830155,181,energy,dist_52w_high
carhart4,mimic_ew,0.010715773396972678,1.2097314624455369,182,energy,dist_52w_high
ff5_mom,top_ew,0.0011380202843484406,0.3978590890393902,181,energy,dist_52w_high
ff5_mom,mimic_ew,0.010719778348817212,1.1419602872966714,182,energy,dist_52w_high
capm,top_ew,-0.0006690210423462488,-0.10386206573505298,181,energy,ear_3d
capm,mimic_ew,0.005974293374388963,1.4630052277674874,182,energy,ear_3d
ff3,top_ew,-0.0005472299682711223,-0.0986969251574189,181,energy,ear_3d
ff3,mimic_ew,0.005974386624945143,1.4604723536978337,182,energy,ear_3d
carhart4,top_ew,-0.0005579035022480295,-0.09978253015176905,181,energy,ear_3d
carhart4,mimic_ew,0.006187442540920248,1.5154723051953825,182,energy,ear_3d
ff5_mom,top_ew,-0.0019422027180030662,-0.34197357969787123,181,energy,ear_3d
ff5_mom,mimic_ew,0.005132172738779561,1.1619732372204323,182,energy,ear_3d
capm,top_ew,-0.005738216795506646,-0.7995248895959933,181,energy,ebit_ev
capm,mimic_ew,-0.003984591885446614,-0.6879328709911313,182,energy,ebit_ev
ff3,top_ew,-0.006440073451322752,-1.052718576557553,181,energy,ebit_ev
ff3,mimic_ew,-0.004735529066248593,-0.8617823554625769,182,energy,ebit_ev
carhart4,top_ew,-0.005215416489328019,-0.8323735492045267,181,energy,ebit_ev
carhart4,mimic_ew,-0.0028669800413780163,-0.49716849384109374,182,energy,ebit_ev
ff5_mom,top_ew,-0.008106574481852874,-1.3021774478846335,181,energy,ebit_ev
ff5_mom,mimic_ew,-0.005585306326718434,-1.0304713420838727,182,energy,ebit_ev
capm,top_ew,-0.0035325647147466553,-0.48242790653730977,181,energy,gross_profitability
capm,mimic_ew,0.0007849345985826972,0.18129708269155667,182,energy,gross_profitability
ff3,top_ew,-0.004691051098761871,-0.749978482293019,181,energy,gross_profitability
ff3,mimic_ew,-0.00015766523475420848,-0.035678433669843725,182,energy,gross_profitability
carhart4,top_ew,-0.004411065709538191,-0.6808158382949131,181,energy,gross_profitability
carhart4,mimic_ew,0.0005609654303874323,0.12354238247951238,182,energy,gross_profitability
ff5_mom,top_ew,-0.0061183233115975335,-0.9198284060820904,181,energy,gross_profitability
ff5_mom,mimic_ew,-5.647962061511635e-05,-0.012683223721486888,182,energy,gross_profitability
capm,top_ew,0.0031235159724713715,1.056440825678092,181,energy,idio_vol_60d
capm,mimic_ew,0.008752973717323368,0.8301232901569948,182,energy,idio_vol_60d
ff3,top_ew,0.0021535618289237717,0.7376298515443802,181,energy,idio_vol_60d
ff3,mimic_ew,0.0065625410866310685,0.7417133304212566,182,energy,idio_vol_60d
carhart4,top_ew,0.0015846223976377955,0.5380840064297878,181,energy,idio_vol_60d
carhart4,mimic_ew,0.005465100636812432,0.5941926606552912,182,energy,idio_vol_60d
ff5_mom,top_ew,0.0008045679860936747,0.2746802664876443,181,energy,idio_vol_60d
ff5_mom,mimic_ew,0.004866443978207938,0.5049974202951829,182,energy,idio_vol_60d
capm,top_ew,0.0014731862987835817,0.4972163242259387,181,energy,max_ret_21d
capm,mimic_ew,0.005283957783857074,0.5684916210820375,182,energy,max_ret_21d
ff3,top_ew,0.00038553313204329727,0.13345684808584643,181,energy,max_ret_21d
ff3,mimic_ew,0.0030258891027764023,0.3854842087749398,182,energy,max_ret_21d
carhart4,top_ew,-8.269113390518746e-05,-0.02821540347771841,181,energy,max_ret_21d
carhart4,mimic_ew,0.0023482617460832233,0.2884071275083655,182,energy,max_ret_21d
ff5_mom,top_ew,-0.0009953670296262373,-0.34071665146805213,181,energy,max_ret_21d
ff5_mom,mimic_ew,0.0012717465018688711,0.14900359613195693,182,energy,max_ret_21d
capm,top_ew,0.004285286119851785,0.6642894570425207,181,energy,mom_12_1
capm,mimic_ew,0.010922397371327325,1.4232750111982209,182,energy,mom_12_1
ff3,top_ew,0.003924728221678507,0.7118976801476814,181,energy,mom_12_1
ff3,mimic_ew,0.009787839431494293,1.2625968163140004,182,energy,mom_12_1
carhart4,top_ew,0.0002818321090906544,0.05188711861310662,181,energy,mom_12_1
carhart4,mimic_ew,0.0022993444417233585,0.2820337530742516,182,energy,mom_12_1
ff5_mom,top_ew,0.001014403490276447,0.18124876041513086,181,energy,mom_12_1
ff5_mom,mimic_ew,0.004972475927710243,0.590461002384794,182,energy,mom_12_1
capm,top_ew,-0.004539702504355662,-0.6575447144703307,181,energy,net_debt_ebitda
capm,mimic_ew,-0.0025501514272628736,-0.5574767019859883,182,energy,net_debt_ebitda
ff3,top_ew,-0.004574161337804974,-0.7791554919026511,181,energy,net_debt_ebitda
ff3,mimic_ew,-0.0020433401282890624,-0.46982337731625057,182,energy,net_debt_ebitda
carhart4,top_ew,-0.005392263361096575,-0.9020320243913349,181,energy,net_debt_ebitda
carhart4,mimic_ew,-0.0029484008324660066,-0.6430800586845101,182,energy,net_debt_ebitda
ff5_mom,top_ew,-0.007005917797346165,-1.123910339900141,181,energy,net_debt_ebitda
ff5_mom,mimic_ew,-0.004011833074416563,-0.8400441253753923,182,energy,net_debt_ebitda
capm,top_ew,-0.005364073756685936,-0.5727385308855155,181,energy,ocf_ev
capm,mimic_ew,-0.0003052457977336095,-0.04219322084732664,182,energy,ocf_ev
ff3,top_ew,-0.0058478239844146065,-0.7694214392726926,181,energy,ocf_ev
ff3,mimic_ew,-0.0010391938470226427,-0.17212769149157636,182,energy,ocf_ev
carhart4,top_ew,-0.004661372273444658,-0.5963808777428525,181,energy,ocf_ev
carhart4,mimic_ew,0.0014372621554397595,0.22595043806186432,182,energy,ocf_ev
ff5_mom,top_ew,-0.006861292017151794,-0.8497092473612522,181,energy,ocf_ev
ff5_mom,mimic_ew,-0.0004858748451326646,-0.07475313422832507,182,energy,ocf_ev
capm,top_ew,0.0051364753237490065,0.5670221165139229,181,energy,oil_beta_trend
capm,mimic_ew,0.015683555524052113,1.979909554848344,182,energy,oil_beta_trend
ff3,top_ew,0.005130474530755067,0.7052724234677143,181,energy,oil_beta_trend
ff3,mimic_ew,0.016654716962039153,2.0432772450449246,182,energy,oil_beta_trend
carhart4,top_ew,0.005092235233499255,0.6936862336768808,181,energy,oil_beta_trend
carhart4,mimic_ew,0.014960143420143375,1.7525755937496166,182,energy,oil_beta_trend
ff5_mom,top_ew,0.004039293185362449,0.5311135509938918,181,energy,oil_beta_trend
ff5_mom,mimic_ew,0.016508764480253412,1.8386771639772055,182,energy,oil_beta_trend
capm,top_ew,-0.0013082198667839523,-0.20083830571541905,181,energy,share_issuance
capm,mimic_ew,-5.484589458699335e-05,-0.013694993206105973,182,energy,share_issuance
ff3,top_ew,-0.002095768567297648,-0.3870220444717517,181,energy,share_issuance
ff3,mimic_ew,-0.0009213223317143708,-0.23006363740439723,182,energy,share_issuance
carhart4,top_ew,-0.001311599038322792,-0.23611670155511788,181,energy,share_issuance
carhart4,mimic_ew,-0.0003422762206830605,-0.08226823274490021,182,energy,share_issuance
ff5_mom,top_ew,-0.003983428374027539,-0.7283016541306815,181,energy,share_issuance
ff5_mom,mimic_ew,-0.002500280105109632,-0.6257374501580147,182,energy,share_issuance
capm,top_ew,-0.0005068324257485109,-0.11403583502922035,181,energy,sue_announce
capm,mimic_ew,0.006222626627292261,1.2629921664505,182,energy,sue_announce
ff3,top_ew,-0.0010178588298062842,-0.25922379170089604,181,energy,sue_announce
ff3,mimic_ew,0.005849201055125241,1.1494721076622914,182,energy,sue_announce
carhart4,top_ew,-0.0019681873039870015,-0.5098291151758816,181,energy,sue_announce
carhart4,mimic_ew,0.0038627466147609047,0.7144232275859104,182,energy,sue_announce
ff5_mom,top_ew,-0.0029250246970683688,-0.7483085142507864,181,energy,sue_announce
ff5_mom,mimic_ew,0.004667489882675538,0.8389786712107216,182,energy,sue_announce
capm,top_ew,0.0012009086443743949,0.12423378372969021,181,energy/oil_gas,asset_growth
capm,mimic_ew,0.0084936572589545,1.9467121070355944,182,energy/oil_gas,asset_growth
ff3,top_ew,0.0005163243629986317,0.06522123902571564,181,energy/oil_gas,asset_growth
ff3,mimic_ew,0.008063084286782629,1.9122272821317567,182,energy/oil_gas,asset_growth
carhart4,top_ew,0.0009667243670356745,0.11739583268344825,181,energy/oil_gas,asset_growth
carhart4,mimic_ew,0.007873251415761352,1.8294030230231297,182,energy/oil_gas,asset_growth
ff5_mom,top_ew,-0.000728196786808599,-0.08541435181097075,181,energy/oil_gas,asset_growth
ff5_mom,mimic_ew,0.00813054691434835,1.8747078020930328,182,energy/oil_gas,asset_growth
capm,top_ew,-0.004352524852182841,-0.525496649242295,181,energy/oil_gas,capex_at
capm,mimic_ew,0.0024574240105110856,0.4931689660294022,182,energy/oil_gas,capex_at
ff3,top_ew,-0.005028274323778245,-0.7146802962280285,181,energy/oil_gas,capex_at
ff3,mimic_ew,0.002294832577275212,0.4844005152141293,182,energy/oil_gas,capex_at
carhart4,top_ew,-0.004434721068969179,-0.606549315221072,181,energy/oil_gas,capex_at
carhart4,mimic_ew,0.0014346752879106203,0.29500408086051877,182,energy/oil_gas,capex_at
ff5_mom,top_ew,-0.005749009732546774,-0.7706655523860542,181,energy/oil_gas,capex_at
ff5_mom,mimic_ew,0.0014413911912962874,0.29559176390353553,182,energy/oil_gas,capex_at
capm,top_ew,-0.003311507178787304,-0.3824929571081732,181,energy/oil_gas,cop_at
capm,mimic_ew,0.0013485922164580082,0.3591501592130673,182,energy/oil_gas,cop_at
ff3,top_ew,-0.004124703881109711,-0.58471613192747,181,energy/oil_gas,cop_at
ff3,mimic_ew,0.0008088111293206245,0.21383553424108778,182,energy/oil_gas,cop_at
carhart4,top_ew,-0.0033568620062386606,-0.4643924019626706,181,energy/oil_gas,cop_at
carhart4,mimic_ew,0.00222116920502539,0.6014389812452376,182,energy/oil_gas,cop_at
ff5_mom,top_ew,-0.005221837024963971,-0.6996140412376581,181,energy/oil_gas,cop_at
ff5_mom,mimic_ew,0.0019143314955374863,0.5222322800109342,182,energy/oil_gas,cop_at
capm,top_ew,0.001179274866452695,0.17499767553853973,181,energy/oil_gas,dist_52w_high
capm,mimic_ew,0.008310130964191954,1.1772485682751714,182,energy/oil_gas,dist_52w_high
ff3,top_ew,0.000548151457778258,0.0893161185565855,181,energy/oil_gas,dist_52w_high
ff3,mimic_ew,0.007947636618947145,1.261794026459141,182,energy/oil_gas,dist_52w_high
carhart4,top_ew,-0.001130348194275787,-0.1815983107229787,181,energy/oil_gas,dist_52w_high
carhart4,mimic_ew,0.0035701666171052493,0.5297466707088413,182,energy/oil_gas,dist_52w_high
ff5_mom,top_ew,-0.0020845212656979127,-0.33195221814298115,181,energy/oil_gas,dist_52w_high
ff5_mom,mimic_ew,0.005112515744671489,0.7385325430390077,182,energy/oil_gas,dist_52w_high
capm,top_ew,-0.0028501324837490565,-0.3292041699547364,181,energy/oil_gas,ear_3d
capm,mimic_ew,0.005851597804159406,1.5193615394655142,182,energy/oil_gas,ear_3d
ff3,top_ew,-0.0032639174223222595,-0.45379276153124404,181,energy/oil_gas,ear_3d
ff3,mimic_ew,0.00596374253219767,1.4923968439577928,182,energy/oil_gas,ear_3d
carhart4,top_ew,-0.0027545274995206164,-0.37843028368699116,181,energy/oil_gas,ear_3d
carhart4,mimic_ew,0.006021976575872699,1.5206975707358732,182,energy/oil_gas,ear_3d
ff5_mom,top_ew,-0.004422426457796907,-0.598196842846621,181,energy/oil_gas,ear_3d
ff5_mom,mimic_ew,0.005829607614926869,1.4753555388357218,182,energy/oil_gas,ear_3d
capm,top_ew,-0.007993921247365017,-0.983547053740804,181,energy/oil_gas,ebit_ev
capm,mimic_ew,-0.005775978432504656,-0.9996228622638951,182,energy/oil_gas,ebit_ev
ff3,top_ew,-0.008598374014837453,-1.2841701363445024,181,energy/oil_gas,ebit_ev
ff3,mimic_ew,-0.005705507800853299,-1.0581399219524978,182,energy/oil_gas,ebit_ev
carhart4,top_ew,-0.008175617911425244,-1.207730450016011,181,energy/oil_gas,ebit_ev
carhart4,mimic_ew,-0.005676402537030746,-0.969333595796685,182,energy/oil_gas,ebit_ev
ff5_mom,top_ew,-0.011150726772881992,-1.6591606416373113,181,energy/oil_gas,ebit_ev
ff5_mom,mimic_ew,-0.00756964387171471,-1.2534060043076507,182,energy/oil_gas,ebit_ev
capm,top_ew,-0.007752005217960141,-0.8459050366341873,178,energy/oil_gas,gross_profitability
capm,mimic_ew,-0.0016972534198489945,-0.4054193912439552,179,energy/oil_gas,gross_profitability
ff3,top_ew,-0.008819518769741191,-1.16273244340819,178,energy/oil_gas,gross_profitability
ff3,mimic_ew,-0.00266191991218619,-0.6363522459122564,179,energy/oil_gas,gross_profitability
carhart4,top_ew,-0.008046873146621595,-1.0154839580486517,178,energy/oil_gas,gross_profitability
carhart4,mimic_ew,-0.0017292433096864135,-0.405406986243889,179,energy/oil_gas,gross_profitability
ff5_mom,top_ew,-0.009970050039762667,-1.2311742820779166,178,energy/oil_gas,gross_profitability
ff5_mom,mimic_ew,-0.0021277957990437427,-0.4983598709527878,179,energy/oil_gas,gross_profitability
capm,top_ew,-0.001438903199504686,-0.2766430796444456,181,energy/oil_gas,idio_vol_60d
capm,mimic_ew,0.002643473595371778,0.33090332476538314,182,energy/oil_gas,idio_vol_60d
ff3,top_ew,-0.0027574663788165247,-0.609481094121775,181,energy/oil_gas,idio_vol_60d
ff3,mimic_ew,0.0015480683915018259,0.2329101406138984,182,energy/oil_gas,idio_vol_60d
carhart4,top_ew,-0.002814992708506485,-0.6065105503013503,181,energy/oil_gas,idio_vol_60d
carhart4,mimic_ew,9.443605115330884e-05,0.013271515860655827,182,energy/oil_gas,idio_vol_60d
ff5_mom,top_ew,-0.003600326943355458,-0.7672244661839611,181,energy/oil_gas,idio_vol_60d
ff5_mom,mimic_ew,0.001260044045867485,0.1713793656426175,182,energy/oil_gas,idio_vol_60d
capm,top_ew,-0.0027099756334749508,-0.4317647349985968,181,energy/oil_gas,max_ret_21d
capm,mimic_ew,0.0009622504795839244,0.1447149906827315,182,energy/oil_gas,max_ret_21d
ff3,top_ew,-0.004004197626679774,-0.716686764803708,181,energy/oil_gas,max_ret_21d
ff3,mimic_ew,-0.0004096284173999007,-0.07361721161568949,182,energy/oil_gas,max_ret_21d
carhart4,top_ew,-0.003939484275272713,-0.6730219030824206,181,energy/oil_gas,max_ret_21d
carhart4,mimic_ew,-0.0012248780458571015,-0.21161981395150148,182,energy/oil_gas,max_ret_21d
ff5_mom,top_ew,-0.005122529236445088,-0.8576746165045901,181,energy/oil_gas,max_ret_21d
ff5_mom,mimic_ew,-0.0011965184037592894,-0.19839023666807415,182,energy/oil_gas,max_ret_21d
capm,top_ew,-0.0014180713827189602,-0.16793238877070432,181,energy/oil_gas,mom_12_1
capm,mimic_ew,0.0027369772675320285,0.42913799816366677,182,energy/oil_gas,mom_12_1
ff3,top_ew,-0.0023694657443281177,-0.3313303249189803,181,energy/oil_gas,mom_12_1
ff3,mimic_ew,0.0015827921791741262,0.25359643736530185,182,energy/oil_gas,mom_12_1
carhart4,top_ew,-0.004833953615242264,-0.6748021500306705,181,energy/oil_gas,mom_12_1
carhart4,mimic_ew,-0.00453883320790858,-0.70081903107731,182,energy/oil_gas,mom_12_1
ff5_mom,top_ew,-0.005569357964238886,-0.7671215598341667,181,energy/oil_gas,mom_12_1
ff5_mom,mimic_ew,-0.003314216984957754,-0.5003756848718065,182,energy/oil_gas,mom_12_1
capm,top_ew,-0.008884377378624634,-1.0463218275133757,181,energy/oil_gas,net_debt_ebitda
capm,mimic_ew,-0.008475201812287664,-1.8090404914532598,182,energy/oil_gas,net_debt_ebitda
ff3,top_ew,-0.00971057583129117,-1.370502241066888,181,energy/oil_gas,net_debt_ebitda
ff3,mimic_ew,-0.008518430009117966,-1.817746580071671,182,energy/oil_gas,net_debt_ebitda
carhart4,top_ew,-0.010018636451584002,-1.3647459162101592,181,energy/oil_gas,net_debt_ebitda
carhart4,mimic_ew,-0.00920777298986195,-1.8318130834805362,182,energy/oil_gas,net_debt_ebitda
ff5_mom,top_ew,-0.012060760064127225,-1.5842625235044334,181,energy/oil_gas,net_debt_ebitda
ff5_mom,mimic_ew,-0.010531978378580935,-1.9964041460713569,182,energy/oil_gas,net_debt_ebitda
capm,top_ew,-0.00611557485661104,-0.5903636650820778,181,energy/oil_gas,ocf_ev
capm,mimic_ew,-0.00075826943717131,-0.15370134769733038,182,energy/oil_gas,ocf_ev
ff3,top_ew,-0.006497062776807713,-0.7743151256533412,181,energy/oil_gas,ocf_ev
ff3,mimic_ew,-0.0009118818635626395,-0.20724426223027884,182,energy/oil_gas,ocf_ev
carhart4,top_ew,-0.0053942917042958905,-0.622949248495258,181,energy/oil_gas,ocf_ev
carhart4,mimic_ew,0.0013152933346503057,0.2953141429261724,182,energy/oil_gas,ocf_ev
ff5_mom,top_ew,-0.007498039657787828,-0.8370811350401152,181,energy/oil_gas,ocf_ev
ff5_mom,mimic_ew,0.0003214450240640286,0.07113571386438286,182,energy/oil_gas,ocf_ev
capm,top_ew,0.0051364753237490065,0.5670221165139229,181,energy/oil_gas,oil_beta_trend
capm,mimic_ew,0.015683555524052113,1.979909554848344,182,energy/oil_gas,oil_beta_trend
ff3,top_ew,0.005130474530755067,0.7052724234677143,181,energy/oil_gas,oil_beta_trend
ff3,mimic_ew,0.016654716962039153,2.0432772450449246,182,energy/oil_gas,oil_beta_trend
carhart4,top_ew,0.005092235233499255,0.6936862336768808,181,energy/oil_gas,oil_beta_trend
carhart4,mimic_ew,0.014960143420143375,1.7525755937496166,182,energy/oil_gas,oil_beta_trend
ff5_mom,top_ew,0.004039293185362449,0.5311135509938918,181,energy/oil_gas,oil_beta_trend
ff5_mom,mimic_ew,0.016508764480253412,1.8386771639772055,182,energy/oil_gas,oil_beta_trend
capm,top_ew,-0.0042830577133966515,-0.5793782840893226,181,energy/oil_gas,share_issuance
capm,mimic_ew,0.0011913321810342078,0.2807749498030704,182,energy/oil_gas,share_issuance
ff3,top_ew,-0.005127287712554103,-0.867537159009528,181,energy/oil_gas,share_issuance
ff3,mimic_ew,0.0006077980848179725,0.1404457661239733,182,energy/oil_gas,share_issuance
carhart4,top_ew,-0.003976746290079331,-0.6515648745346772,181,energy/oil_gas,share_issuance
carhart4,mimic_ew,0.000628651051520591,0.13450596549198512,182,energy/oil_gas,share_issuance
ff5_mom,top_ew,-0.006651472496841176,-1.097937244931514,181,energy/oil_gas,share_issuance
ff5_mom,mimic_ew,-0.00013829379264423592,-0.0282491973722617,182,energy/oil_gas,share_issuance
capm,top_ew,-0.003171160026900407,-0.4124909866549296,181,energy/oil_gas,sue_announce
capm,mimic_ew,0.004394745338487057,1.380539781275708,182,energy/oil_gas,sue_announce
ff3,top_ew,-0.003777395127027908,-0.5836786363943596,181,energy/oil_gas,sue_announce
ff3,mimic_ew,0.004092414155011506,1.273540303742814,182,energy/oil_gas,sue_announce
carhart4,top_ew,-0.003943095756156456,-0.587518364626689,181,energy/oil_gas,sue_announce
carhart4,mimic_ew,0.0030402993617537027,0.925334289309074,182,energy/oil_gas,sue_announce
ff5_mom,top_ew,-0.005316628229937418,-0.7730931332375838,181,energy/oil_gas,sue_announce
ff5_mom,mimic_ew,0.0030342280991218253,0.8923904666931475,182,energy/oil_gas,sue_announce
capm,top_ew,0.00243537059933732,0.7688365077878719,180,energy/power_utilities,asset_growth
capm,mimic_ew,-0.00019552140510786838,-0.09272130106625144,181,energy/power_utilities,asset_growth
ff3,top_ew,0.0017463527854895222,0.5531230348917326,180,energy/power_utilities,asset_growth
ff3,mimic_ew,-3.8698474440198026e-05,-0.018900702931599282,181,energy/power_utilities,asset_growth
carhart4,top_ew,0.0011681288096125765,0.3613661332870491,180,energy/power_utilities,asset_growth
carhart4,mimic_ew,-8.876428307381107e-05,-0.04437095089872158,181,energy/power_utilities,asset_growth
ff5_mom,top_ew,0.0005793292635489981,0.179505575791284,180,energy/power_utilities,asset_growth
ff5_mom,mimic_ew,6.188574619409197e-05,0.029952999839015615,181,energy/power_utilities,asset_growth
capm,top_ew,0.003023999531627794,0.9458536961125014,181,energy/power_utilities,capex_at
capm,mimic_ew,-0.0008008460505825582,-0.38315855841379926,182,energy/power_utilities,capex_at
ff3,top_ew,0.0020893350335512186,0.6660438059935856,181,energy/power_utilities,capex_at
ff3,mimic_ew,-0.0010921772025394556,-0.5253535358250349,182,energy/power_utilities,capex_at
carhart4,top_ew,0.0017154035684542957,0.5269667074315406,181,energy/power_utilities,capex_at
carhart4,mimic_ew,-0.000566754541328829,-0.27360192119106164,182,energy/power_utilities,capex_at
ff5_mom,top_ew,0.0011204153489043328,0.3437310131806628,181,energy/power_utilities,capex_at
ff5_mom,mimic_ew,-0.000580376795753314,-0.27163623515352414,182,energy/power_utilities,capex_at
capm,top_ew,0.002223356639751986,0.6795307125384372,181,energy/power_utilities,cop_at
capm,mimic_ew,-0.0004659958664490007,-0.23858182827444216,182,energy/power_utilities,cop_at
ff3,top_ew,0.001402008233302585,0.43268710630673823,181,energy/power_utilities,cop_at
ff3,mimic_ew,-0.0004903165923056721,-0.2487152526907224,182,energy/power_utilities,cop_at
carhart4,top_ew,0.0009102671671395949,0.2709047758070529,181,energy/power_utilities,cop_at
carhart4,mimic_ew,-0.0006185261066611143,-0.30799751600687014,182,energy/power_utilities,cop_at
ff5_mom,top_ew,0.0005582728459060219,0.1667880473952333,181,energy/power_utilities,cop_at
ff5_mom,mimic_ew,-8.460039277578985e-05,-0.04168907427985681,182,energy/power_utilities,cop_at
capm,top_ew,0.0025130735651369886,0.8714357361117989,181,energy/power_utilities,dist_52w_high
capm,mimic_ew,0.0003741223517198614,0.11975701645059679,182,energy/power_utilities,dist_52w_high
ff3,top_ew,0.0016219768244794927,0.5747967850478931,181,energy/power_utilities,dist_52w_high
ff3,mimic_ew,8.353586126680576e-05,0.026664952425710754,182,energy/power_utilities,dist_52w_high
carhart4,top_ew,0.000625895539171567,0.21888785736780786,181,energy/power_utilities,dist_52w_high
carhart4,mimic_ew,-0.0004566994585280426,-0.1385569057050667,182,energy/power_utilities,dist_52w_high
ff5_mom,top_ew,0.0001441232429699439,0.04987811545080091,181,energy/power_utilities,dist_52w_high
ff5_mom,mimic_ew,-0.0004684202425214007,-0.1381778853395112,182,energy/power_utilities,dist_52w_high
capm,top_ew,0.0027869798341447426,0.8702265419285722,169,energy/power_utilities,ear_3d
capm,mimic_ew,-0.0004926582741191654,-0.2411232499547695,170,energy/power_utilities,ear_3d
ff3,top_ew,0.0018662319830939711,0.5764852576276839,169,energy/power_utilities,ear_3d
ff3,mimic_ew,-0.0005300681266701441,-0.25734919274337065,170,energy/power_utilities,ear_3d
carhart4,top_ew,0.0015194540341577397,0.45926644950242584,169,energy/power_utilities,ear_3d
carhart4,mimic_ew,-0.0007022474051865896,-0.35567991407010136,170,energy/power_utilities,ear_3d
ff5_mom,top_ew,0.0008186591880272988,0.24364190974624017,169,energy/power_utilities,ear_3d
ff5_mom,mimic_ew,-0.0010229294651274434,-0.5097565213911418,170,energy/power_utilities,ear_3d
capm,top_ew,0.004775984785859546,1.3980902214259876,181,energy/power_utilities,ebit_ev
capm,mimic_ew,0.005247179663682049,2.39743690260538,182,energy/power_utilities,ebit_ev
ff3,top_ew,0.003974893959967458,1.174624408673057,181,energy/power_utilities,ebit_ev
ff3,mimic_ew,0.005207627583510108,2.3670025816683413,182,energy/power_utilities,ebit_ev
carhart4,top_ew,0.0033598297274541906,0.9699345739649302,181,energy/power_utilities,ebit_ev
carhart4,mimic_ew,0.005131488381512322,2.3927382927828904,182,energy/power_utilities,ebit_ev
ff5_mom,top_ew,0.003033632734499478,0.8764493177916318,181,energy/power_utilities,ebit_ev
ff5_mom,mimic_ew,0.005662125461181184,2.6413840037993697,182,energy/power_utilities,ebit_ev
capm,top_ew,0.0031595173742556553,1.0040808159363732,181,energy/power_utilities,idio_vol_60d
capm,mimic_ew,0.003586528958490853,1.3094172367890542,182,energy/power_utilities,idio_vol_60d
ff3,top_ew,0.0020659512957934,0.6697026157390624,181,energy/power_utilities,idio_vol_60d
ff3,mimic_ew,0.0028197878223723428,1.0694153592087587,182,energy/power_utilities,idio_vol_60d
carhart4,top_ew,0.0016964366013383465,0.5391398823288404,181,energy/power_utilities,idio_vol_60d
carhart4,mimic_ew,0.0030720945079649956,1.1398452125641731,182,energy/power_utilities,idio_vol_60d
ff5_mom,top_ew,0.0008859477185398824,0.2817591010560864,181,energy/power_utilities,idio_vol_60d
ff5_mom,mimic_ew,0.0027935073162853917,0.9800300828240756,182,energy/power_utilities,idio_vol_60d
capm,top_ew,0.003456198958377795,1.1165438517713668,181,energy/power_utilities,max_ret_21d
capm,mimic_ew,0.0026137148089426967,1.028251352077492,182,energy/power_utilities,max_ret_21d
ff3,top_ew,0.002509992426509109,0.8257020105580533,181,energy/power_utilities,max_ret_21d
ff3,mimic_ew,0.0021575570283180134,0.8595184457358719,182,energy/power_utilities,max_ret_21d
carhart4,top_ew,0.001873638275498338,0.6041007878127032,181,energy/power_utilities,max_ret_21d
carhart4,mimic_ew,0.00213373735711563,0.8266048948827507,182,energy/power_utilities,max_ret_21d
ff5_mom,top_ew,0.0009256375114605482,0.3010596961498741,181,energy/power_utilities,max_ret_21d
ff5_mom,mimic_ew,0.0015885377820668179,0.6012916036158619,182,energy/power_utilities,max_ret_21d
capm,top_ew,0.003423088523238704,1.1055182636288567,181,energy/power_utilities,mom_12_1
capm,mimic_ew,0.001639064679378353,0.5834728457787459,182,energy/power_utilities,mom_12_1
ff3,top_ew,0.0025810745623063252,0.8395487834189685,181,energy/power_utilities,mom_12_1
ff3,mimic_ew,0.0015728565519393853,0.5604387718419359,182,energy/power_utilities,mom_12_1
carhart4,top_ew,0.001318857056855972,0.41686390488347624,181,energy/power_utilities,mom_12_1
carhart4,mimic_ew,0.0002263917864069827,0.08029042061073773,182,energy/power_utilities,mom_12_1
ff5_mom,top_ew,0.0006057866987628602,0.19270089458393125,181,energy/power_utilities,mom_12_1
ff5_mom,mimic_ew,5.101022334994617e-05,0.01766395400981743,182,energy/power_utilities,mom_12_1
capm,top_ew,0.0023618506039870175,0.7584137987843661,181,energy/power_utilities,net_debt_ebitda
capm,mimic_ew,0.000743725762193533,0.3136374391040564,182,energy/power_utilities,net_debt_ebitda
ff3,top_ew,0.001410397397175418,0.45561975881143263,181,energy/power_utilities,net_debt_ebitda
ff3,mimic_ew,0.00044109544389905994,0.18649268338114933,182,energy/power_utilities,net_debt_ebitda
carhart4,top_ew,0.0011999219710410217,0.3731820595854137,181,energy/power_utilities,net_debt_ebitda
carhart4,mimic_ew,0.0008799568352984081,0.3651416961723374,182,energy/power_utilities,net_debt_ebitda
ff5_mom,top_ew,0.0006299052483682675,0.19721917069989886,181,energy/power_utilities,net_debt_ebitda
ff5_mom,mimic_ew,0.0013168276205897714,0.5358616183180914,182,energy/power_utilities,net_debt_ebitda
capm,top_ew,0.002945782705947706,0.8184441219864379,181,energy/power_utilities,ocf_ev
capm,mimic_ew,0.0030363544526905407,1.464733537445575,182,energy/power_utilities,ocf_ev
ff3,top_ew,0.0019922973130767282,0.5623589599019264,181,energy/power_utilities,ocf_ev
ff3,mimic_ew,0.0027222576242547513,1.3166744523935017,182,energy/power_utilities,ocf_ev
carhart4,top_ew,0.0016284310436047507,0.4424397839458662,181,energy/power_utilities,ocf_ev
carhart4,mimic_ew,0.002779488749322506,1.3636036868441823,182,energy/power_utilities,ocf_ev
ff5_mom,top_ew,0.0011363186938035698,0.304727796949633,181,energy/power_utilities,ocf_ev
ff5_mom,mimic_ew,0.0030969763034417305,1.4812261461024323,182,energy/power_utilities,ocf_ev
capm,top_ew,0.0035840598871119326,1.1018489008990466,181,energy/power_utilities,share_issuance
capm,mimic_ew,0.0007560616669502587,0.44306543766802525,182,energy/power_utilities,share_issuance
ff3,top_ew,0.0026993461130831713,0.832538005579078,181,energy/power_utilities,share_issuance
ff3,mimic_ew,0.0007361461054843105,0.42455205280716807,182,energy/power_utilities,share_issuance
carhart4,top_ew,0.0023158928448929338,0.6949656403711868,181,energy/power_utilities,share_issuance
carhart4,mimic_ew,0.0008335162454603999,0.4774858367069135,182,energy/power_utilities,share_issuance
ff5_mom,top_ew,0.0012910856822665468,0.3913301622467525,181,energy/power_utilities,share_issuance
ff5_mom,mimic_ew,0.00018132519126946766,0.10498914637030689,182,energy/power_utilities,share_issuance
capm,top_ew,0.0026868165675713604,0.5017503416538892,80,energy/power_utilities,sue_announce
capm,mimic_ew,0.0008708100935222796,0.21033821573909864,81,energy/power_utilities,sue_announce
ff3,top_ew,-0.0005486168296656772,-0.10232351020280746,80,energy/power_utilities,sue_announce
ff3,mimic_ew,-0.00012397350391373104,-0.02649649023573751,81,energy/power_utilities,sue_announce
carhart4,top_ew,-0.001155426693052652,-0.20977875249481337,80,energy/power_utilities,sue_announce
carhart4,mimic_ew,-0.0005211847393187072,-0.11301034108594318,81,energy/power_utilities,sue_announce
ff5_mom,top_ew,-0.00152981757192863,-0.2798648049387598,80,energy/power_utilities,sue_announce
ff5_mom,mimic_ew,-1.9412401601778315e-05,-0.004287144243049896,81,energy/power_utilities,sue_announce
capm,top_ew,0.00509273079412817,1.0166888159847165,149,energy/renewables,asset_growth
capm,mimic_ew,0.006988779708676428,1.0510485942419874,150,energy/renewables,asset_growth
ff3,top_ew,0.005297110085160434,1.0689130224970078,149,energy/renewables,asset_growth
ff3,mimic_ew,0.0051599956040908,0.846154015380191,150,energy/renewables,asset_growth
carhart4,top_ew,0.0037821809755273165,0.7568205216850177,149,energy/renewables,asset_growth
carhart4,mimic_ew,0.0053049711322393596,0.8591363037811101,150,energy/renewables,asset_growth
ff5_mom,top_ew,0.003564418633762268,0.65205998898042,149,energy/renewables,asset_growth
ff5_mom,mimic_ew,0.006226610992181893,0.9591814871315781,150,energy/renewables,asset_growth
capm,top_ew,0.006863267183916329,0.8424995171737725,141,energy/renewables,capex_at
capm,mimic_ew,0.007295937082659335,1.0947397812336488,142,energy/renewables,capex_at
ff3,top_ew,0.008683661617316154,1.1451353842541219,141,energy/renewables,capex_at
ff3,mimic_ew,0.009083476414556266,1.4790164175861404,142,energy/renewables,capex_at
carhart4,top_ew,0.006106411725856592,0.8223572061767306,141,energy/renewables,capex_at
carhart4,mimic_ew,0.007544412552698094,1.2560679091495472,142,energy/renewables,capex_at
ff5_mom,top_ew,0.006340232502068031,0.782616064212568,141,energy/renewables,capex_at
ff5_mom,mimic_ew,0.009078029500858993,1.3505291477180192,142,energy/renewables,capex_at
capm,top_ew,0.0006111738021413986,0.12106139885316099,146,energy/renewables,cop_at
capm,mimic_ew,0.0005185805699812965,0.11806841094151688,147,energy/renewables,cop_at
ff3,top_ew,0.0018147794154366617,0.37792683905628716,146,energy/renewables,cop_at
ff3,mimic_ew,0.0013947584855049204,0.3244974723851769,147,energy/renewables,cop_at
carhart4,top_ew,0.0003993305492803618,0.0838425516411858,146,energy/renewables,cop_at
carhart4,mimic_ew,7.161580284979584e-05,0.01675963802078381,147,energy/renewables,cop_at
ff5_mom,top_ew,-0.0009708697477424909,-0.20026553564538638,146,energy/renewables,cop_at
ff5_mom,mimic_ew,-0.0009588279573133564,-0.21666499592778962,147,energy/renewables,cop_at
capm,top_ew,0.0004008772832408328,0.10702651382769235,149,energy/renewables,dist_52w_high
capm,mimic_ew,0.0013163139303759542,0.147216405676219,150,energy/renewables,dist_52w_high
ff3,top_ew,-8.03959441165927e-06,-0.0021074573256512673,149,energy/renewables,dist_52w_high
ff3,mimic_ew,-0.0016760844823270967,-0.20497941544339543,150,energy/renewables,dist_52w_high
carhart4,top_ew,-0.0014165972282723634,-0.3919663272221686,149,energy/renewables,dist_52w_high
carhart4,mimic_ew,-0.0021363585841730954,-0.26238300560110095,150,energy/renewables,dist_52w_high
ff5_mom,top_ew,-0.0031176464738950664,-0.8536109301888843,149,energy/renewables,dist_52w_high
ff5_mom,mimic_ew,-0.0051169370971283655,-0.5650208445511485,150,energy/renewables,dist_52w_high
capm,top_ew,0.0017933036843768685,0.2777213957087525,141,energy/renewables,ear_3d
capm,mimic_ew,0.006610210801120394,0.9749988260395536,142,energy/renewables,ear_3d
ff3,top_ew,0.002918474621978795,0.45960373127347753,141,energy/renewables,ear_3d
ff3,mimic_ew,0.006074563244964181,0.9286742854457466,142,energy/renewables,ear_3d
carhart4,top_ew,0.0008456953374806392,0.13407185838491792,141,energy/renewables,ear_3d
carhart4,mimic_ew,0.005590998116057927,0.8463229646983724,142,energy/renewables,ear_3d
ff5_mom,top_ew,-0.001346061495993232,-0.21509390505599496,141,energy/renewables,ear_3d
ff5_mom,mimic_ew,0.001647363561491549,0.21794204853545635,142,energy/renewables,ear_3d
capm,top_ew,0.0014323159863458522,0.3408771339028842,142,energy/renewables,ebit_ev
capm,mimic_ew,0.00010967215445692821,0.020995121253100157,143,energy/renewables,ebit_ev
ff3,top_ew,0.001186961037965937,0.2832578725478668,142,energy/renewables,ebit_ev
ff3,mimic_ew,-0.0012922905667682577,-0.26256286879781443,143,energy/renewables,ebit_ev
carhart4,top_ew,0.0007370704532444203,0.17720307224096565,142,energy/renewables,ebit_ev
carhart4,mimic_ew,0.00032304217537418154,0.06380521214441823,143,energy/renewables,ebit_ev
ff5_mom,top_ew,-0.00019271532070765427,-0.047361256972514476,142,energy/renewables,ebit_ev
ff5_mom,mimic_ew,-0.0011207086415232922,-0.21050020847395426,143,energy/renewables,ebit_ev
capm,top_ew,-0.013294138339518416,-0.6902090569500391,24,energy/renewables,gross_profitability
capm,mimic_ew,-0.017588718120669,-1.1309350844268344,24,energy/renewables,gross_profitability
ff3,top_ew,0.0077778335235446795,0.441623995638801,24,energy/renewables,gross_profitability
ff3,mimic_ew,0.01063460065506717,0.6659062480607867,24,energy/renewables,gross_profitability
carhart4,top_ew,0.007857502772070295,0.4339435434204399,24,energy/renewables,gross_profitability
carhart4,mimic_ew,0.006734519839364195,0.4330424368290519,24,energy/renewables,gross_profitability
ff5_mom,top_ew,0.008918708490713984,0.45385805304022947,24,energy/renewables,gross_profitability
ff5_mom,mimic_ew,0.012212891224663963,0.7762938977360127,24,energy/renewables,gross_profitability
capm,top_ew,0.0020499228879854578,0.6222862682438239,149,energy/renewables,idio_vol_60d
capm,mimic_ew,0.002724113049074179,0.27243400798587086,150,energy/renewables,idio_vol_60d
ff3,top_ew,0.0012233524651552967,0.37398575383353977,149,energy/renewables,idio_vol_60d
ff3,mimic_ew,-0.0011761056592514674,-0.1317757554449052,150,energy/renewables,idio_vol_60d
carhart4,top_ew,0.00048501843273908814,0.1478655228043456,149,energy/renewables,idio_vol_60d
carhart4,mimic_ew,0.0004067546269757744,0.045605471895417325,150,energy/renewables,idio_vol_60d
ff5_mom,top_ew,-0.00024946087614994834,-0.07809378409542589,149,energy/renewables,idio_vol_60d
ff5_mom,mimic_ew,-0.0009730322384634646,-0.09864033215452857,150,energy/renewables,idio_vol_60d
capm,top_ew,0.0023849705883879665,0.6917237816263359,149,energy/renewables,max_ret_21d
capm,mimic_ew,0.002652422093340249,0.2771633102636978,150,energy/renewables,max_ret_21d
ff3,top_ew,0.0017239744167374513,0.4961591971664207,149,energy/renewables,max_ret_21d
ff3,mimic_ew,-0.0011152598588990291,-0.13130799692825496,150,energy/renewables,max_ret_21d
carhart4,top_ew,0.0007929463248871232,0.22604966749229033,149,energy/renewables,max_ret_21d
carhart4,mimic_ew,0.000609970060195433,0.07182413461284368,150,energy/renewables,max_ret_21d
ff5_mom,top_ew,-0.0001758971038737925,-0.05096177485698748,149,energy/renewables,max_ret_21d
ff5_mom,mimic_ew,-0.0006267359933479207,-0.06877341245938369,150,energy/renewables,max_ret_21d
capm,top_ew,0.004573224284391329,0.7509600395689564,149,energy/renewables,mom_12_1
capm,mimic_ew,0.006953808918960486,0.9907006711610247,150,energy/renewables,mom_12_1
ff3,top_ew,0.005482353502518082,0.9142845076253647,149,energy/renewables,mom_12_1
ff3,mimic_ew,0.0062264422040015956,0.9111222484111734,150,energy/renewables,mom_12_1
carhart4,top_ew,0.0024895097625978126,0.40636956055637696,149,energy/renewables,mom_12_1
carhart4,mimic_ew,0.0031337410873104143,0.4481827591705456,150,energy/renewables,mom_12_1
ff5_mom,top_ew,0.004220381669007858,0.6300501436117151,149,energy/renewables,mom_12_1
ff5_mom,mimic_ew,0.007450147952317699,1.0685284946665912,150,energy/renewables,mom_12_1
capm,top_ew,0.0010635273238692835,0.16611150596195773,142,energy/renewables,net_debt_ebitda
capm,mimic_ew,0.003396990104757482,0.6168241071785416,143,energy/renewables,net_debt_ebitda
ff3,top_ew,0.002238523223502754,0.36723900529108355,142,energy/renewables,net_debt_ebitda
ff3,mimic_ew,0.004656695776132907,0.8844147435936843,143,energy/renewables,net_debt_ebitda
carhart4,top_ew,0.0006827334334152653,0.11461954715812549,142,energy/renewables,net_debt_ebitda
carhart4,mimic_ew,0.0037061974661397957,0.71760545363417,143,energy/renewables,net_debt_ebitda
ff5_mom,top_ew,-1.2155684168310916e-05,-0.0019926974250007515,142,energy/renewables,net_debt_ebitda
ff5_mom,mimic_ew,0.004135357620791376,0.7899505958679123,143,energy/renewables,net_debt_ebitda
capm,top_ew,0.002843431721306534,0.7607723331587714,146,energy/renewables,ocf_ev
capm,mimic_ew,0.005999369578329567,1.2138576444127904,147,energy/renewables,ocf_ev
ff3,top_ew,0.002962063489564622,0.7942784727103523,146,energy/renewables,ocf_ev
ff3,mimic_ew,0.005181511226340317,1.0813666015275356,147,energy/renewables,ocf_ev
carhart4,top_ew,0.0024959497535802636,0.6651169728953467,146,energy/renewables,ocf_ev
carhart4,mimic_ew,0.006256403734343145,1.2896653835587788,147,energy/renewables,ocf_ev
ff5_mom,top_ew,0.0012260522898387806,0.3304602272378984,146,energy/renewables,ocf_ev
ff5_mom,mimic_ew,0.006271403097770403,1.2446082065419053,147,energy/renewables,ocf_ev
capm,top_ew,-0.0016562943178306212,-0.4176653510206981,149,energy/renewables,share_issuance
capm,mimic_ew,-0.0033268819160374966,-0.5312474308396405,150,energy/renewables,share_issuance
ff3,top_ew,-0.0017912918672789628,-0.4536727485283131,149,energy/renewables,share_issuance
ff3,mimic_ew,-0.0050097071445638405,-0.8397678758019927,150,energy/renewables,share_issuance
carhart4,top_ew,-0.0028692160047829895,-0.7262077178917842,149,energy/renewables,share_issuance
carhart4,mimic_ew,-0.004327608534553299,-0.7278137183139652,150,energy/renewables,share_issuance
ff5_mom,top_ew,-0.003853898297018626,-0.953982053955153,149,energy/renewables,share_issuance
ff5_mom,mimic_ew,-0.004859323878691522,-0.8162137004645227,150,energy/renewables,share_issuance
capm,top_ew,-0.00034860238556100846,-0.05258458270218832,108,energy/renewables,sue_announce
capm,mimic_ew,0.004674601972826123,0.9148222283962681,109,energy/renewables,sue_announce
ff3,top_ew,0.0005014249374338255,0.07980257842128201,108,energy/renewables,sue_announce
ff3,mimic_ew,0.005154528861261301,1.0505878363956618,109,energy/renewables,sue_announce
carhart4,top_ew,-0.0014866461497282297,-0.2387846959012209,108,energy/renewables,sue_announce
carhart4,mimic_ew,0.0037645008562779757,0.7391464492915241,109,energy/renewables,sue_announce
ff5_mom,top_ew,-0.0024876084048765495,-0.38164451603814414,108,energy/renewables,sue_announce
ff5_mom,mimic_ew,0.005569759719492621,1.067548804734021,109,energy/renewables,sue_announce
