factor,asset_growth,capex_at,cash_runway_years,cop_at,dist_52w_high,droe,ear_3d,ebit_ev,gross_profitability,idio_vol_60d,max_ret_21d,mom_12_1,net_debt_ebitda,ocf_ev,oil_beta_trend,profitable_growth,share_issuance,sue,sue_announce,scope
asset_growth,1.0,-0.09266713544383703,-0.01626437963672242,0.01600151126242683,-0.05017787434487864,0.21422010642938621,-0.007506300260357695,0.04436935713617822,0.06215843257328076,0.09545640864990036,0.08165935024188127,0.15147337508406705,-0.21452049620040645,-0.12183972035289409,-0.06567497677570615,0.3071823792861909,0.36840662306028754,0.013725613166040724,0.11179611152907774,havuz
capex_at,-0.08277351281031076,1.0,-0.15976765322490946,0.41804454236350436,0.12043404019804799,-0.012749787640086028,-0.007326856194888672,0.3491240000176117,-0.09569014609668006,-0.2617655863410843,-0.21820544147918838,-0.13668021820218101,0.22283530386876965,0.5060467307269901,-0.016894820915318524,-0.3222025915943458,-0.24952188083191362,0.10271618535551055,-0.018869715079348613,havuz
cash_runway_years,-0.014655534974171913,-0.2241741087804918,1.0,0.5328960590530017,0.15047124960846944,0.06517017317302365,0.017420788160422054,0.3776431052711934,0.33082773308966795,-0.24006069883461267,-0.17899977236533596,0.057339475988466414,-0.36263553155470235,0.396235028144899,-0.014679915091230424,0.4718506112755281,-0.3161981501807966,0.1334201847517971,0.10737181013665019,havuz
cop_at,-0.03590631014137103,0.3494031766204204,0.5519310833008331,1.0,0.21086947508682718,0.06627689478165104,0.017522859059700975,0.6534356146062767,0.43595936189553297,-0.3661913531225136,-0.288688366008496,-0.015636114769583542,-0.489423446988839,0.7762024132892806,-0.06737938840412419,0.43613661615610994,-0.48904125255694214,0.23693942266448978,0.17648318258346204,havuz
dist_52w_high,-0.10523615407621105,0.02834453220958227,0.18662686646649243,0.26664695754499756,1.0,0.09436915218243462,0.1773792587780231,0.29702044562159524,0.11510792148080524,-0.5748603855287632,-0.4154379142433053,0.459423102230541,0.1630285108003056,0.1896234334830849,0.11346581021493043,-0.04468067265181755,-0.22455526687599653,0.17998365033010275,0.1766219427165707,havuz
droe,0.2004011723570287,-0.008307328633778007,0.06090905463315167,0.1076124555872882,0.0491673360930529,1.0,0.08852158105552002,0.12052717370623452,0.04771757981101606,-0.045336423074985366,-0.03172322703865018,0.1977997493522005,-0.05038697525369799,0.026245170690905165,-0.026965132838004446,0.14302054192993804,0.02632712103098177,0.6766605999224609,0.45608507178091384,havuz
ear_3d,-0.01218525472796735,-0.017445766704967346,0.013423521977039157,0.0018327037713301007,0.17736044518274433,0.03271693952584251,1.0,0.0024978993533260703,0.04151864548241598,0.018261908928728462,0.09087333857207346,0.07707884886090033,-0.0393358538314407,-0.01744927263356273,-0.007131157915352266,0.019659982908350353,-0.018267838944845793,0.10614127714717746,0.1182640365439811,havuz
ebit_ev,0.00727779390935551,0.18166476491605665,0.30724888761390856,0.5168024595188409,0.33916329226111863,0.13328321364120235,0.017319379523859667,1.0,0.2361459877985936,-0.5145757614545502,-0.43715728825754213,-0.006805077147954134,-0.21994381127342869,0.7363281708466914,-0.10293827526636808,0.21737442159159745,-0.4792362356648005,0.255068323906987,0.14862060026586518,havuz
gross_profitability,-0.044697619231393884,-0.06386802001615674,0.2621026563801001,0.26936077197494174,0.07492744897779535,0.03227469320685548,0.03486168070848281,0.1710014255853972,1.0,-0.11903251898713442,-0.0837279542728093,0.08619245755459592,-0.516274567233808,0.054010761163880074,-0.03848058911643358,0.2159910984516302,-0.21502849621303388,0.14482209414790495,0.16918538402368807,havuz
idio_vol_60d,0.14112078395970357,-0.11495994160112323,-0.2697962021774257,-0.45148373492721605,-0.4738233859523861,-0.019198333255904716,0.04849791378055207,-0.3548969774403171,-0.05541939066625292,1.0,0.7941494525492887,-0.026416894432708612,-0.2714991766050459,-0.3973675853084543,-0.04626912923670764,0.09317470377588102,0.4100039531488289,-0.1735678165427599,-0.13275594645881983,havuz
max_ret_21d,0.09695308616197189,-0.09171433625794319,-0.19152299407868242,-0.32973659239135156,-0.25935106842521916,-0.015565372683329434,0.1463328981546184,-0.24435991466555307,-0.03303748965037591,0.6840302335791596,1.0,-0.04959410797584308,-0.25824429879681676,-0.340933509887516,-0.04813740051465916,0.08723521561747233,0.331699696475462,-0.13260002523560405,-0.09782752286286252,havuz
mom_12_1,0.20256083658676222,-0.12148268960588032,-0.016052324923573846,-0.11133067312118003,0.301511327758879,0.1349532342427555,0.08211704062818798,0.03764417859426473,0.05199246767500314,0.1612987948844088,0.051572781582933894,1.0,-0.09741143312199528,-0.10389931098127247,0.1194617203240358,0.12290571193636562,0.11391804697628942,0.11032745816881215,0.17676510409285462,havuz
net_debt_ebitda,-0.04447201083568282,0.10835899564700724,-0.23290795635488193,-0.24352179773615937,0.05530336213311153,-0.053682634481904086,-0.04115955065644459,-0.20000851947284815,-0.2707554136815634,-0.09277477689876303,-0.0850804888190444,-0.07506340546875485,1.0,-0.034018639824633684,0.08658944592109144,-0.30435450092167543,0.10469762419002689,-0.10855769368955376,-0.09883466833416264,havuz
ocf_ev,-0.08476639023700236,0.3781733886117936,0.38176972516634855,0.68012625233141,0.23946565337887726,0.056532437371309974,-0.002772057218815334,0.7068108303134996,0.043991847698120055,-0.3193714272497415,-0.23021340909454047,-0.05642545855377191,-0.04883563627578367,1.0,-0.07703333113108592,0.11067432647044743,-0.47235286420777617,0.13750937916024653,0.0013956404019376451,havuz
oil_beta_trend,-0.024689808196764005,-0.0321010790642091,-0.010009563201163316,-0.05826969106334248,0.1119487115081081,-0.011554477290881382,-0.0040896573189837405,-0.08919685710112672,-0.020402927164277072,-0.05166844996702236,-0.04499904502299914,0.09397303657261406,0.0584870100638783,-0.07940833769294132,1.0,-0.06975068436233177,0.030742209979757042,-0.013313204464586113,0.004233231595919461,havuz
profitable_growth,0.29004738111867545,-0.2560109494264364,0.476920851491095,0.43382686780604673,-0.029382094534671548,0.08048755693789088,0.021035325413326884,0.22053099280344976,0.2150642575446004,0.0636767988900979,0.050346503411117176,0.13050008991240772,-0.21127025541475994,0.10167283751237793,-0.07076410622074751,1.0,0.022557447050178515,0.19781569505430785,0.2448910917974667,havuz
share_issuance,0.3966390163017323,-0.08875145157673557,-0.1794173910689,-0.2739308539950376,-0.1458140199627477,0.06826584856116047,-0.0078996164643464,-0.1971180765422199,-0.18150990977833378,0.2581024926818002,0.17516305272931457,0.1875769228889032,0.0862343488653915,-0.2198856982812782,0.0036668284423603506,0.05812239213940656,1.0,-0.13817189818936895,-0.0922202797515693,havuz
sue,-0.070771226008826,0.06594123512403607,0.1683145091448765,0.25514994483289133,0.18499518843477866,0.3643170534100607,0.08805593013782206,0.20999593920606013,0.14876213281716968,-0.17186379425050285,-0.10928078863309192,0.039258422394822634,-0.11209745694645368,0.13577579604619489,-0.017494758386704043,0.207210542178301,-0.10817061087926548,1.0,0.611947063574025,havuz
sue_announce,0.02744261757833947,-0.034763128656683434,0.1381064059622445,0.17070788397187273,0.17698173843853016,0.22165350822345928,0.11232236450126336,0.12735089206078937,0.15700115192423672,-0.13053303415912468,-0.07675311610649313,0.10574654490263513,-0.08504193519022599,0.017742388523879514,0.00452270597215016,0.26041568419349026,-0.044318843591881506,0.5889901077515386,1.0,havuz
asset_growth,1.0,0.11111679095622352,0.07958860038970876,0.05176025042695885,-0.02948524539017113,0.08374357666731956,-0.08112648535453014,-0.14381897861981424,-0.05282746605070947,0.11353139372139011,0.10135023969827367,0.10523778699637978,-0.19086012902191307,-0.18581861096554733,,0.22764185560081696,0.29537969252835405,0.12979555789103348,0.11255773477193225,robotics
capex_at,0.11497827055359724,1.0,-0.21304286055059574,0.15208847828776026,-0.08085163272138858,0.010522362147553484,-0.0033794815871882027,-0.10291510595736932,0.00034148371367284235,0.1267362985910415,0.13680589386103814,0.02803240315257428,-0.3265822292165751,-0.19479988523688843,,-0.007201069891970003,-0.004719177796391819,0.04906844143267196,-0.021793545869179424,robotics
cash_runway_years,0.011892008882753631,-0.26370949378445296,1.0,0.6780156419405715,0.3039505573836237,0.06003570478007437,-0.006348976005456372,0.6343933798008226,0.4271614976301652,-0.4641619408424236,-0.3105728315741254,0.09552072182827391,-0.11238150796277185,0.675941077562631,,0.36214149291994047,-0.4066811439777615,0.17818197257214263,-0.010857703939920513,robotics
cop_at,-0.009394015424407261,-0.0520229491489546,0.8114362619273786,1.0,0.3100958361248056,0.035654651548185874,-0.01740849110404127,0.5838086834004836,0.6488780363179719,-0.5273767370115637,-0.3023001465714089,0.1132559301448403,-0.27951848716403216,0.5988798402726085,,0.4723858109779177,-0.5317677526435144,0.1774280522466465,0.1037838942885844,robotics
dist_52w_high,-0.08794655751610006,-0.17987560803011118,0.35673175463875734,0.33660982184608385,1.0,0.140078480763873,0.2889481195408337,0.36027294032351426,0.19515888871495127,-0.46515011451162797,-0.25765663156734275,0.40461860096893526,0.09037601649583761,0.2606310546783363,,0.04715445503464562,-0.3035781860023985,0.26638795585475444,0.22211519639923144,robotics
droe,0.12107880879986328,0.02590604448789664,0.12352191919034819,0.0744742856976097,0.08184042301770834,1.0,-0.009361745183771192,0.030644760504102003,0.1394297309979219,-0.017453421239151348,0.005291910373477998,0.2544284006411612,0.006952364049355315,-0.002392366305859778,,0.24123257697262196,0.042638908765282944,0.7365155480905418,0.4594572261508267,robotics
ear_3d,-0.05853953447464338,-0.06822050143172999,-0.03879651345380472,-0.029268767932809997,0.2575513584494999,-0.11904657827182157,1.0,-0.0020924182402574784,-0.0032920339012226705,0.019116579576441965,0.11185750710071246,0.12940519549999172,-0.0077107487423294305,-0.045352987277214034,,-0.043511159980256064,-0.045593710781062315,0.01803172605862212,0.03654826690573931,robotics
ebit_ev,0.011268162340687008,-0.24327677755024749,0.7098280792457095,0.655531953251547,0.429443776408312,0.14848844986135395,-0.006907201448006118,1.0,0.37977952670905973,-0.558935814707712,-0.3977599703985202,0.03432576820230903,0.2912892543480656,0.8458129230343425,,-0.07066516106547359,-0.6529899221946278,0.16773079390795095,0.038740210601258554,robotics
gross_profitability,-0.13221068241273418,-0.1571433515874816,0.45344474226622544,0.6525641120059095,0.252918577297363,0.11678567552755309,-0.03272407508675915,0.4949592204865028,1.0,-0.4102187585010479,-0.2363048911848006,0.06125976660966299,-0.3291104493215814,0.3224837298742966,,0.2880980119641194,-0.45643584587091035,0.13709391169929064,0.018845671962850453,robotics
idio_vol_60d,0.15824760212314112,0.17742599931259023,-0.4917949604982997,-0.5458594871003202,-0.41732716605809406,-0.041744687995629866,0.14947412553189748,-0.47774564790410196,-0.4345767869590619,1.0,0.6164429881192128,-0.018053406346641702,-0.017387653850026948,-0.49109499735290474,,-0.1326852670578355,0.4478986116400155,-0.14870343106964992,-0.04981416446537391,robotics
max_ret_21d,0.09638966611677026,0.15700106214009546,-0.316054917267724,-0.33514196724656514,-0.1864936423451981,0.0005867393061476556,0.19987575093929227,-0.3080796933372419,-0.2514206147995259,0.612328523094112,1.0,-0.06830351088653112,-0.06527443914981285,-0.3469270874017052,,-0.0804188696590893,0.32452067548536684,-0.10358278184848613,-0.051641821191073356,robotics
mom_12_1,0.08874365333691132,0.01698822355995762,0.04934976694876975,0.04071736396846899,0.31289146610341384,0.10997105864930252,0.14744790702985294,0.13825579278354266,0.01506009360005074,0.16962770597919594,0.07603342380822121,1.0,-0.13982952197139192,-0.034558399774713235,,0.14998673121845119,-0.05913786875274428,0.28144955786312986,0.4250614786373648,robotics
net_debt_ebitda,-0.045514358954359284,-0.24062137740353776,-0.1099524715504287,-0.24075663138862213,0.1726929961670031,-0.015575559534792583,0.022498199947464836,0.20503486406679367,-0.33037514017783115,-0.046168863575561936,-0.09017201386865303,-0.11821585717813483,1.0,0.3442970391882776,,-0.21258925683471885,-0.040095331896592826,0.01945751495937467,0.10328239352552501,robotics
ocf_ev,-0.04594994962307753,-0.31027049108892213,0.751357867579919,0.6901831208912995,0.3548751850963864,0.09353578932878923,-0.020953870020757562,0.8176364539066434,0.42871088353114994,-0.4617354166054305,-0.30235801430259585,0.06387359156853412,0.21003294075975135,1.0,,0.01590633964335925,-0.5787638063009225,0.08728151254483593,-0.0440168059948101,robotics
profitable_growth,0.18651491318704866,-0.0007256446230889884,0.37601224554597645,0.4918853186277613,0.03128011258401093,0.17980477688793378,-0.04478431052026642,-0.06187348755695449,0.29686984654868986,-0.10218066460246987,-0.05712172601707717,0.10674159893271992,-0.21063979130715757,-0.008603098903138554,,1.0,0.004163443144618304,0.3019334724193658,0.2411898901094925,robotics
share_issuance,0.3078401671669515,0.0752930760623417,-0.2983695746230302,-0.3952409807985247,-0.2588299301263525,-0.028357053273312928,-0.035870103518739524,-0.45736315629446234,-0.3796406225055866,0.25440181102953485,0.18727223023620504,-0.07382060004502575,-0.0702130455562573,-0.3627993016097327,,0.05094421449494071,1.0,-0.015255794269860503,-0.004063910686866203,robotics
sue,0.049817476046257206,0.04798391610689887,0.2113439057530684,0.19086514891581394,0.28756504093277213,0.5515911964034484,0.014638118126734245,0.18618499520959614,0.1391818620345784,-0.14806451875588234,-0.07322316907872183,0.24222379787517387,0.009774683803746558,0.10189195772681256,,0.2973579405989962,-0.02780072327241851,1.0,0.6478102424252984,robotics
sue_announce,0.040943217962186716,-0.05926417029244984,0.03264372249164874,-0.016542718860381757,0.23397991758634065,0.3466191957976567,0.009518443348023035,-0.03663507442426283,-0.024916992967153665,-0.04435148327444925,-0.04849364619871616,0.3707047005517088,-0.09503863188848184,-0.07977954104749423,,0.3181137806392729,-0.02089932924185981,0.6362422257793614,1.0,robotics
asset_growth,1.0,-0.14650384549934514,0.157260923518914,0.13013439364738022,-0.019077246874296943,0.3292416696056474,-0.006169590546025055,0.1372137632694658,-0.023693856029829232,0.058234613702937456,0.05244239003024437,0.22116768024212613,-0.2529238853059903,0.05981289061801635,,0.4783218004002959,0.4151762996394616,-0.07883224121519276,0.04097606347025496,biotech
capex_at,-0.12427403178020112,1.0,0.10202268516771547,0.2184962720604334,0.09167080499772771,-0.04466725459006889,0.000776800538788008,0.14708938154305048,0.1878205614952247,-0.19875511402312476,-0.1494487549430606,-0.12316595576882236,0.023480039116946367,0.17397216192691775,,-0.3821000580732816,-0.21609729436090458,0.09573653639137948,0.10193088096288011,biotech
cash_runway_years,0.06442981633499968,0.024210461311713324,1.0,0.8732409961535128,0.32668325774789103,0.16757601397138414,0.035512987577176754,0.6921410366331843,0.33942665318275356,-0.5466525440072447,-0.43840231375850536,0.027919638313818704,0.016277570637984008,0.8008623053737068,,0.21849304825641191,-0.46526055204467187,0.2412291681084921,0.27565324637108923,biotech
cop_at,0.09127498237886471,0.1086991613175215,0.8473983476980277,1.0,0.33707883018894913,0.14869404037691986,0.027840350187830532,0.7644454198487466,0.4786138032020275,-0.5759294629623892,-0.45574858602539803,0.004417377984069278,-0.16758191013664828,0.8522340332779795,,0.5587404799716018,-0.5428087575885554,0.2958002198431309,0.31145672204930225,biotech
dist_52w_high,-0.06208928357317069,0.02487587669610321,0.3300417382935084,0.3122719058015705,1.0,0.07239126004734585,0.19439817862075026,0.43914849692476104,0.1649328063988003,-0.46603896614299584,-0.2772760957140492,0.4361811558853362,0.0838261784258826,0.4109702251776028,,-0.028500428049724975,-0.24787518982897622,0.14607792660024044,0.21844442400269515,biotech
droe,0.2561931051440723,-0.04792519810940822,0.1165095977438139,0.15675298585094188,0.034595628340522516,1.0,0.08875364703006319,0.1681570495135642,0.07664998291787861,-0.05118807436411332,-0.037113499609908944,0.1589128582254288,-0.07270525928339741,0.12145919231102095,,0.12034296909011565,0.08705054119491282,0.5660989266362844,0.4448280897946392,biotech
ear_3d,-0.02351358830335197,-0.0019365141756947587,0.0197193249077615,0.010940767775697488,0.192684254547847,0.0353473521389659,1.0,0.052163556542763403,0.020532704032402947,0.012882006207973425,0.10236330166168399,0.06517153219196467,-0.018710065798219835,0.027366556572500925,,0.029989464860078845,-0.03827048046100287,0.12311293908754138,0.1303647891883658,biotech
ebit_ev,0.0844625876837847,0.03745806769348965,0.4997548246854814,0.5187233959901221,0.4297480489986828,0.1381216649512392,0.03869358674512882,1.0,0.39456254372197713,-0.5583494311391882,-0.43814567211247796,0.13378907064186263,-0.029359252827741374,0.8705071661963812,,0.2368320518689717,-0.4815330479725033,0.29256774832919513,0.2951152460670359,biotech
gross_profitability,-0.12723769198327728,0.16141708765293183,0.3085689665728563,0.38643382377682367,0.12137021455213533,0.04656563183509652,0.02573417970403392,0.305027848058504,1.0,-0.2045399764412332,-0.1627249151724354,0.03287078010939716,-0.3475303927926323,0.34553059898717053,,0.16026270344184876,-0.2997090477456443,0.22928320698482363,0.18346489172527752,biotech
idio_vol_60d,0.07091506231738409,-0.06954591223106933,-0.44071735989054855,-0.4549776315323007,-0.33356222341071795,-0.019740003597615366,0.05450941126079362,-0.3076391875040446,-0.11414275096275722,1.0,0.6991741252200303,0.03642443807466302,-0.18210725585701443,-0.5664290661986615,,0.10133228784572638,0.5006534796315811,-0.18006630177198898,-0.23851455938752042,biotech
max_ret_21d,0.03798495030612438,-0.042885338695145936,-0.2976383314424275,-0.30682486590800245,-0.12304944490822174,-0.02043173516957268,0.14673751968929105,-0.18352728966259255,-0.07872421199554268,0.6220263290374068,1.0,-0.012695755929909125,-0.14967432615375992,-0.45808642369832,,0.08348080753661931,0.3940687379032846,-0.1307318181707,-0.19695244930994177,biotech
mom_12_1,0.22878384058767465,-0.08331402722635338,-0.055464154478127504,-0.06325947682262816,0.29550652337431427,0.09793684776032584,0.07055922838117396,0.11473869188363019,-0.0024855354711410035,0.1829905238745374,0.0397848967491693,1.0,-0.08446617856058737,0.07233662148416864,,0.17068426037288964,0.21709343210500895,0.027218710293260246,0.08317760220223877,biotech
net_debt_ebitda,-0.015077693278384803,-0.06882556758909807,0.05233655716595307,-0.07909042386182362,0.029118645353596095,-0.04653146336024039,-0.02975212832783891,-0.08166154005181434,-0.19203222598061415,-0.07553674647276382,-0.051151901689997614,-0.05421881041078719,1.0,0.09327492564055302,,-0.22835514782280023,-0.1709340124793368,-0.07715561593326987,0.12076555882401376,biotech
ocf_ev,0.06563895138810637,0.04237689913232184,0.6152887410757034,0.631037584829216,0.41750090068026935,0.10279005951252995,0.026757197190316974,0.8662006789951244,0.27354510119564146,-0.3312785938068081,-0.20841220171335378,0.07828780028461363,0.012426599479592213,1.0,,0.23753942124383084,-0.5345827354085367,0.24959998447003132,0.2461550807154965,biotech
profitable_growth,0.4133646746505911,-0.312518445154009,0.23210323063389218,0.5727599720253729,-0.02273078609315936,0.10597118434638393,0.03186613195716841,0.2782474512185415,0.17445428167496208,0.08236059697818061,0.06225933363508724,0.17038838722497587,-0.1310877401178456,0.27300440323543096,,1.0,0.1331626076603795,0.20292245636006018,0.24829919458269276,biotech
share_issuance,0.4515141292752724,-0.1039139265373103,-0.3194416208478699,-0.3361325761022723,-0.14641784107685601,0.1047831832840539,-0.029358226320306168,-0.19596129444023103,-0.2529221715663533,0.2865232585334129,0.18785309146651893,0.26392127691799155,0.03198246827227643,-0.24126843487027283,,0.09680184519937111,1.0,-0.24480859655991388,-0.21926365533966247,biotech
sue,-0.10718343451374066,0.06242929839454019,0.2729536046335634,0.2619354432666594,0.1323794742603407,0.33702576442707005,0.10150299775902312,0.1978232815724201,0.2314563448355252,-0.13764946270852732,-0.07392842804186503,-0.004316298860755062,-0.06868534409286195,0.16321759078298803,,0.2106084211328218,-0.17586960800460869,1.0,0.6871841709504888,biotech
sue_announce,0.00035164111143454706,0.1059736295494156,0.29857685890535285,0.2936661923886053,0.2004724624537444,0.2719728428340233,0.11926952613372892,0.20422436803364602,0.16189534256473995,-0.21620020312122828,-0.1375452737408715,0.021011553727122274,0.0194712210544939,0.17827302188753466,,0.23722912303044524,-0.12460267175082006,0.660910799175286,1.0,biotech
asset_growth,1.0,-0.14650384549934514,0.157260923518914,0.13013439364738022,-0.019077246874296943,0.3292416696056474,-0.006169590546025055,0.1372137632694658,-0.023693856029829232,0.058234613702937456,0.05244239003024437,0.22116768024212613,-0.2529238853059903,0.05981289061801635,,0.4783218004002959,0.4151762996394616,-0.07883224121519276,0.04097606347025496,biotech/biotech_all
capex_at,-0.12427403178020112,1.0,0.10202268516771547,0.2184962720604334,0.09167080499772771,-0.04466725459006889,0.000776800538788008,0.14708938154305048,0.1878205614952247,-0.19875511402312476,-0.1494487549430606,-0.12316595576882236,0.023480039116946367,0.17397216192691775,,-0.3821000580732816,-0.21609729436090458,0.09573653639137948,0.10193088096288011,biotech/biotech_all
cash_runway_years,0.06442981633499968,0.024210461311713324,1.0,0.8732409961535128,0.32668325774789103,0.16757601397138414,0.035512987577176754,0.6921410366331843,0.33942665318275356,-0.5466525440072447,-0.43840231375850536,0.027919638313818704,0.016277570637984008,0.8008623053737068,,0.21849304825641191,-0.46526055204467187,0.2412291681084921,0.27565324637108923,biotech/biotech_all
cop_at,0.09127498237886471,0.1086991613175215,0.8473983476980277,1.0,0.33707883018894913,0.14869404037691986,0.027840350187830532,0.7644454198487466,0.4786138032020275,-0.5759294629623892,-0.45574858602539803,0.004417377984069278,-0.16758191013664828,0.8522340332779795,,0.5587404799716018,-0.5428087575885554,0.2958002198431309,0.31145672204930225,biotech/biotech_all
dist_52w_high,-0.06208928357317069,0.02487587669610321,0.3300417382935084,0.3122719058015705,1.0,0.07239126004734585,0.19439817862075026,0.43914849692476104,0.1649328063988003,-0.46603896614299584,-0.2772760957140492,0.4361811558853362,0.0838261784258826,0.4109702251776028,,-0.028500428049724975,-0.24787518982897622,0.14607792660024044,0.21844442400269515,biotech/biotech_all
droe,0.2561931051440723,-0.04792519810940822,0.1165095977438139,0.15675298585094188,0.034595628340522516,1.0,0.08875364703006319,0.1681570495135642,0.07664998291787861,-0.05118807436411332,-0.037113499609908944,0.1589128582254288,-0.07270525928339741,0.12145919231102095,,0.12034296909011565,0.08705054119491282,0.5660989266362844,0.4448280897946392,biotech/biotech_all
ear_3d,-0.02351358830335197,-0.0019365141756947587,0.0197193249077615,0.010940767775697488,0.192684254547847,0.0353473521389659,1.0,0.052163556542763403,0.020532704032402947,0.012882006207973425,0.10236330166168399,0.06517153219196467,-0.018710065798219835,0.027366556572500925,,0.029989464860078845,-0.03827048046100287,0.12311293908754138,0.1303647891883658,biotech/biotech_all
ebit_ev,0.0844625876837847,0.03745806769348965,0.4997548246854814,0.5187233959901221,0.4297480489986828,0.1381216649512392,0.03869358674512882,1.0,0.39456254372197713,-0.5583494311391882,-0.43814567211247796,0.13378907064186263,-0.029359252827741374,0.8705071661963812,,0.2368320518689717,-0.4815330479725033,0.29256774832919513,0.2951152460670359,biotech/biotech_all
gross_profitability,-0.12723769198327728,0.16141708765293183,0.3085689665728563,0.38643382377682367,0.12137021455213533,0.04656563183509652,0.02573417970403392,0.305027848058504,1.0,-0.2045399764412332,-0.1627249151724354,0.03287078010939716,-0.3475303927926323,0.34553059898717053,,0.16026270344184876,-0.2997090477456443,0.22928320698482363,0.18346489172527752,biotech/biotech_all
idio_vol_60d,0.07091506231738409,-0.06954591223106933,-0.44071735989054855,-0.4549776315323007,-0.33356222341071795,-0.019740003597615366,0.05450941126079362,-0.3076391875040446,-0.11414275096275722,1.0,0.6991741252200303,0.03642443807466302,-0.18210725585701443,-0.5664290661986615,,0.10133228784572638,0.5006534796315811,-0.18006630177198898,-0.23851455938752042,biotech/biotech_all
max_ret_21d,0.03798495030612438,-0.042885338695145936,-0.2976383314424275,-0.30682486590800245,-0.12304944490822174,-0.02043173516957268,0.14673751968929105,-0.18352728966259255,-0.07872421199554268,0.6220263290374068,1.0,-0.012695755929909125,-0.14967432615375992,-0.45808642369832,,0.08348080753661931,0.3940687379032846,-0.1307318181707,-0.19695244930994177,biotech/biotech_all
mom_12_1,0.22878384058767465,-0.08331402722635338,-0.055464154478127504,-0.06325947682262816,0.29550652337431427,0.09793684776032584,0.07055922838117396,0.11473869188363019,-0.0024855354711410035,0.1829905238745374,0.0397848967491693,1.0,-0.08446617856058737,0.07233662148416864,,0.17068426037288964,0.21709343210500895,0.027218710293260246,0.08317760220223877,biotech/biotech_all
net_debt_ebitda,-0.015077693278384803,-0.06882556758909807,0.05233655716595307,-0.07909042386182362,0.029118645353596095,-0.04653146336024039,-0.02975212832783891,-0.08166154005181434,-0.19203222598061415,-0.07553674647276382,-0.051151901689997614,-0.05421881041078719,1.0,0.09327492564055302,,-0.22835514782280023,-0.1709340124793368,-0.07715561593326987,0.12076555882401376,biotech/biotech_all
ocf_ev,0.06563895138810637,0.04237689913232184,0.6152887410757034,0.631037584829216,0.41750090068026935,0.10279005951252995,0.026757197190316974,0.8662006789951244,0.27354510119564146,-0.3312785938068081,-0.20841220171335378,0.07828780028461363,0.012426599479592213,1.0,,0.23753942124383084,-0.5345827354085367,0.24959998447003132,0.2461550807154965,biotech/biotech_all
profitable_growth,0.4133646746505911,-0.312518445154009,0.23210323063389218,0.5727599720253729,-0.02273078609315936,0.10597118434638393,0.03186613195716841,0.2782474512185415,0.17445428167496208,0.08236059697818061,0.06225933363508724,0.17038838722497587,-0.1310877401178456,0.27300440323543096,,1.0,0.1331626076603795,0.20292245636006018,0.24829919458269276,biotech/biotech_all
share_issuance,0.4515141292752724,-0.1039139265373103,-0.3194416208478699,-0.3361325761022723,-0.14641784107685601,0.1047831832840539,-0.029358226320306168,-0.19596129444023103,-0.2529221715663533,0.2865232585334129,0.18785309146651893,0.26392127691799155,0.03198246827227643,-0.24126843487027283,,0.09680184519937111,1.0,-0.24480859655991388,-0.21926365533966247,biotech/biotech_all
sue,-0.10718343451374066,0.06242929839454019,0.2729536046335634,0.2619354432666594,0.1323794742603407,0.33702576442707005,0.10150299775902312,0.1978232815724201,0.2314563448355252,-0.13764946270852732,-0.07392842804186503,-0.004316298860755062,-0.06868534409286195,0.16321759078298803,,0.2106084211328218,-0.17586960800460869,1.0,0.6871841709504888,biotech/biotech_all
sue_announce,0.00035164111143454706,0.1059736295494156,0.29857685890535285,0.2936661923886053,0.2004724624537444,0.2719728428340233,0.11926952613372892,0.20422436803364602,0.16189534256473995,-0.21620020312122828,-0.1375452737408715,0.021011553727122274,0.0194712210544939,0.17827302188753466,,0.23722912303044524,-0.12460267175082006,0.660910799175286,1.0,biotech/biotech_all
asset_growth,1.0,0.16533848089480888,-0.19194016823982743,-0.017783368050717653,-0.04124627033636452,0.06985437894364935,-0.012643826439453047,0.13272592400419317,0.0307670399542973,0.039727449444195984,0.025936952799725733,0.02436675464851383,-0.06915437827819823,-0.16408362242144447,-0.06832472248175743,0.19570248609286003,0.31523071636109257,0.1387886834917983,0.13771353110245993,energy
capex_at,0.11304152890426346,1.0,-0.45511871838461376,0.32441177478139677,-0.044049167178282764,-0.020081237419377517,0.005303132146859554,0.005512829036327513,0.08123437501525531,0.060683715580790554,0.04829105205219994,-0.07808603114007806,-0.01982154501516964,0.23870204890104327,-0.024170115716642963,-0.31005622515778325,0.023447554252755957,-0.00282023858237554,0.01185277986760808,energy
cash_runway_years,-0.08659682682460093,-0.4092805351360532,1.0,0.3591574887294628,-0.018211505011397486,-0.004658695762302348,0.011550591257078606,0.22117684504675192,0.23589533396395315,0.047101812999617514,0.051793982027629505,0.07452327082473226,-0.3225844714802456,0.2941120395575099,-0.011943289780724115,0.5595610176080025,-0.20216244633828503,-0.0020884304631365045,0.0033306354989211737,energy
cop_at,-0.066372011833905,0.39348080926849643,0.31918844106808825,1.0,-0.10429211169628906,-0.02472339041508358,0.02312291074467764,0.36188947737484956,0.47336425301866153,0.1884599143677399,0.1684559604030839,0.01689560412332939,-0.5428638487001692,0.6656830172880809,-0.06810338499905602,0.3698780185588593,-0.20944361700144376,0.02279954766954713,0.02752832711060445,energy
dist_52w_high,-0.1192981683811263,-0.10014992888388058,0.011810139484963393,-0.017966221451777443,1.0,0.09393869211293557,0.1709384642321073,0.046289082104031216,0.027794764704369673,-0.6442378330465143,-0.48201576115530476,0.48702840854267354,0.2280600097580309,-0.1658406092667026,0.11266923328261659,-0.062365268012550025,-0.0837330733648309,0.12982309875667908,0.14502590041917174,energy
droe,0.018462117229446226,-0.008368852286661984,0.002364354969238001,0.0021004717966751543,0.04797568752109485,1.0,0.09503113746645016,0.08098441554154233,0.006393051053503216,-0.021951588653293976,-0.00762728843571343,0.2162245694406062,-0.025467453021897846,-0.07583463077923235,-0.02706858342827945,0.15560857777758796,-0.003930323653145484,0.810076599244197,0.4704808003606804,energy
ear_3d,-0.0063926799295498755,-0.0021678980775717187,0.015574654460750506,0.023788826436740747,0.18645526866179765,0.05875600410888975,1.0,-0.01860129294486198,0.047276552278737255,0.01411359932601954,0.07930631517026883,0.09693211952111058,-0.030745625422624635,-0.03748266557129312,-0.007286849362046052,0.021624820720656506,-0.006835257864822255,0.1029378450479237,0.1112761002971607,energy
ebit_ev,0.11009990949650196,0.024120708641454706,0.14915000835917086,0.2901491229947605,0.12822413979076674,0.15019988018680858,0.0067204546531572954,1.0,0.37431066947525904,-0.1526152449417694,-0.14814075918429526,0.002465599248216746,-0.45557352578342325,0.4506178131627794,-0.11029127673384581,0.24522937501787076,-0.24956786877937975,0.12058227865679184,0.08102100400601299,energy
gross_profitability,-0.03184933301579833,0.15586007256143625,0.18985186422095388,0.4174222113392904,0.005746476354051661,0.02423531769187919,0.02631691418588857,0.21500134079765165,1.0,-0.04895534656797295,-0.03882021144294976,0.052640654182360476,-0.41061802938554665,0.1214711214619611,-0.03747077934212558,0.24772646740952328,-0.17549229962914936,0.05868588551827248,0.04598132487537456,energy
idio_vol_60d,0.12229293282822486,0.14847018975653845,-0.00908803083266295,0.04066186689608379,-0.6265632962100246,-0.002031513631430867,0.03296941169386955,-0.18845909259838287,-0.024130834536551928,1.0,0.8208001746797611,-0.14616233898159683,-0.34195186950898165,0.13531484312077072,-0.046734193420862456,0.10658101878240565,0.11788036828169518,-0.07698341588468029,-0.08312612048339404,energy
max_ret_21d,0.10833660601226734,0.10355540700726394,-0.004203420962014644,0.024822624942017965,-0.437579295780427,-0.0013242132978202985,0.12505354373927782,-0.16098990245107175,-0.024584757001456334,0.7566452073942723,1.0,-0.13777938729755881,-0.30540801005356544,0.10316926380478929,-0.0474612498934207,0.09796684020882895,0.09392678459685729,-0.05244625585275106,-0.0594720695246648,energy
mom_12_1,0.05167603284966842,-0.07692535829562741,0.054054143328503675,-0.006965259229650178,0.40925234101713703,0.1521434764732874,0.12418566723120979,0.06498280928629957,0.042809244059466935,-0.018822841833532174,-0.050154981318122946,1.0,-0.030359400142649214,-0.12979105054406062,0.12081714609609877,0.09382445759568879,-0.004084893880153075,0.18438324103619855,0.21197188463767797,energy
net_debt_ebitda,0.00539052070789401,-0.024010754843199728,-0.25463453440751654,-0.3799984728784583,0.09348364555972949,-0.04909693515432612,-0.019344095840811475,-0.36868917271734786,-0.24639132689659432,-0.10663623257113673,-0.09263502828550373,-0.0383153203122703,1.0,-0.37172333912254385,0.08922597231052386,-0.274299007525019,0.21961740000194166,-0.06956837621628766,-0.05502847400492024,energy
ocf_ev,-0.11914297545476202,0.2665450693909873,0.25117378095541487,0.5887070928994729,-0.13241061421765118,-0.013877804775958357,-0.030686495945527477,0.3009010998432419,0.10554206073032503,0.09646240951062382,0.04909052273872108,-0.1154814441544127,-0.2658677743642186,1.0,-0.08098835913925231,0.13378191578800064,-0.23005779454095862,-0.09039216313411404,-0.10538186273893892,energy
oil_beta_trend,-0.029512711310780048,-0.030866511581132388,-0.010010393513665988,-0.056704498424532984,0.11203568044664604,-0.013771139588359344,-0.0047325093539179195,-0.08874666397522528,-0.01636496895526914,-0.04239222411229316,-0.044765907345490644,0.08911911359070539,0.06450039344171916,-0.07957775177979175,1.0,-0.06804925329173009,0.034044809976851796,-0.014883291863976909,0.007257609387391871,energy
profitable_growth,0.23342283547871376,-0.25036703850252157,0.5697475980080445,0.33781789705494303,-0.043308920922088656,0.0727461877146577,0.017631078952129585,0.23525416735267116,0.22424605120662577,0.06628159448646799,0.05935437489780868,0.09908016862799546,-0.21711268406129217,0.10600324047549142,-0.07070378802500901,1.0,-0.03809075233804367,0.1812924837748157,0.20841780366925242,energy
share_issuance,0.3300472885641449,0.006971537061788861,-0.050901172410245915,-0.0902668500716752,-0.1197812849051808,-0.0030750058151552523,-0.011127761568915049,-0.11356119443370705,-0.1276901157687743,0.1620476741408936,0.12318252768166035,0.04075072395068149,0.08553011477641352,-0.09250402795130605,0.0029506716944410643,0.06540887663582065,1.0,0.04203259305360992,0.00648961923598535,energy
sue,0.07077594109763412,-0.014214766503042766,0.007495030459332495,0.03754460394587736,0.14146870994872068,0.4945387862740152,0.09485684997849657,0.1322592968929483,0.03197265857796842,-0.07375852008369502,-0.04360064539902005,0.1626237804826756,-0.09730021962209194,-0.06301475013486267,-0.018178050387445386,0.18388477252073812,0.012809197196385068,1.0,0.5588011536394086,energy
sue_announce,0.08003580105210654,0.009294562537155715,0.018750382688099938,0.03374938254323803,0.15882639810206337,0.21133215656591386,0.1138318628838764,0.08658223583387392,0.004906716960441803,-0.0819811515371916,-0.04827539356510813,0.1949771740754545,-0.06040471076413457,-0.09155090375750084,0.004624223863847634,0.2256839312827686,-0.005124646434439562,0.5315024433260648,1.0,energy
asset_growth,1.0,0.19142090729000374,-0.18416920349646015,0.02800489832959944,-0.03841038104992292,0.06754372217088947,-0.0217623992921638,0.22060258926207843,-0.003843653188859757,0.028153875621462578,0.016236737166295562,-0.00271363303322859,-0.054496480848192544,-0.08411969483211196,-0.07004900356219304,0.21744339807704352,0.2891387585362994,0.1337152943033324,0.11458082191921573,energy/oil_gas
capex_at,0.16226972351900676,1.0,-0.4593978090627919,0.3921996878942842,-0.10015653101919225,-0.012848773837374794,-0.0007471175800945012,-0.015245798466743442,0.12381207292365368,0.18718638145912625,0.1514597751699066,-0.05259188107253741,-0.029762579749839885,0.2873680891757014,-0.029455512006208013,-0.256325865960767,0.0511476163632356,-0.008674883747960016,-0.0006591904629315654,energy/oil_gas
cash_runway_years,-0.15883152673858178,-0.49786438287845947,1.0,0.2427380908084389,0.1306181413090364,0.013324492079241324,0.008803408290952813,0.2288521940232532,0.2255015560700949,-0.2351456862516095,-0.17212775824917048,0.06919934046297184,-0.25260446426100636,0.19927632612884133,-0.011893027439209988,0.46555185414782285,-0.2264541609976851,0.016271433566182558,-0.002891035670313444,energy/oil_gas
cop_at,-0.0939874969037327,0.3860607743435128,0.24862779156889764,1.0,0.01689113170006542,-0.0027341821666024184,0.0033036538139219625,0.36793251714753805,0.4815738459768051,-0.013991205033341654,-0.0008789203096271865,0.02944747192668793,-0.45712150381914585,0.647146176571317,-0.0695526413224918,0.3212721048733957,-0.1965934569021781,0.033146456241450996,-0.0034222515384471877,energy/oil_gas
dist_52w_high,-0.06238894426513329,-0.12301023655488079,0.13661879415748324,0.03492541446590402,1.0,0.11359844669786773,0.18857851470178805,0.01744549202546551,-0.002134971727450186,-0.5657734281619159,-0.35548375423302764,0.5475324928012801,0.0909882380457537,-0.20026833296720817,0.11248131837769361,0.05263085314721459,-0.11587838230130618,0.14502255246092613,0.17172521645757524,energy/oil_gas
droe,-0.0012566630010787524,0.004769465141819572,0.010945961090784315,0.030486562225865203,0.04116124436467403,1.0,0.1088956859523835,0.10659184822913606,0.0104060739471778,-0.02139063904499689,-0.010282190330325045,0.21405778259936015,-0.037071898331323204,-0.056308291467990296,-0.02636119058000354,0.15295063474113313,-0.030574942117339205,0.7874889330274618,0.4535109859383119,energy/oil_gas
ear_3d,-0.019534890197905202,-0.004057759979784508,0.0131132125306162,0.010058803906722655,0.19793458472401085,0.07239510644929922,1.0,-0.01863881513813064,0.026890230058873022,0.012458186585965475,0.09110452906647429,0.09701264352358524,-0.029515245853379758,-0.05411521030683482,-0.006547610946388406,0.011627599810370313,-0.009257247786306733,0.11364417131146856,0.10947273752994671,energy/oil_gas
ebit_ev,0.12919854061370897,0.0016496115688364836,0.16548592327510095,0.28443891469242283,0.06863335339871698,0.15396913777848795,0.0027320209826712607,1.0,0.35773494453140914,-0.1419894519783967,-0.1202542116751675,0.005354800593629634,-0.4600988893919545,0.4148954808068544,-0.11881713822668326,0.24765131198252122,-0.22760294767933717,0.10335111387364314,0.04380757525188824,energy/oil_gas
gross_profitability,-0.06841896837445187,0.19306868657006926,0.1495882409509356,0.39701936347578043,-0.016701328868240065,0.017707372868552514,0.011248546132391537,0.19075445521682152,1.0,-0.044963473508144884,-0.03702123583408625,0.024980198755159985,-0.3825230431738826,0.1717200801969884,-0.039477282887304,0.21969172935574732,-0.19345781006751336,0.024823994794342264,0.0029098052053396026,energy/oil_gas
idio_vol_60d,0.07429495117361054,0.23395940235202567,-0.2221414037187758,-0.03236164364988434,-0.5490239325486408,0.02372274633970688,0.03058685859559613,-0.13015895872687777,-0.011856339626561895,1.0,0.7373316736204416,-0.16690292997335698,-0.1258846673284329,0.14733378194588218,-0.04860540302822265,-0.10211807703077798,0.1774880979718696,-0.07429631875273401,-0.08600761719293998,energy/oil_gas
max_ret_21d,0.0622951365141785,0.1585867732706855,-0.15769523922094744,-0.032892136715148255,-0.32211122592085073,0.008137064813347963,0.13109249495321804,-0.10366355418373065,-0.018949643223837253,0.6916982749136923,1.0,-0.14589452829180144,-0.11493972803695493,0.10736043356186391,-0.04964757438270234,-0.07317128578280647,0.12367729454289447,-0.04709189424684675,-0.05567694923891532,energy/oil_gas
mom_12_1,0.014148911465474378,-0.04764704284090104,0.036221290689856904,0.003834701073544919,0.4734061774367875,0.13285670603905916,0.10982287240371652,0.05244367672280684,0.00976268717107857,-0.061004198171305944,-0.08930074405578137,1.0,-0.04216750097319588,-0.1525071043562674,0.12504055006618706,0.09156893376953969,-0.042904898389084914,0.1993782364573087,0.23247703335476996,energy/oil_gas
net_debt_ebitda,0.04304217480978782,-0.04451624190174425,-0.21850801986959284,-0.35868271761447695,0.015552412204967328,-0.07249268465604425,-0.020647224186406514,-0.3759242692189632,-0.22595486591000072,-0.00487695054220388,-0.007788968949233317,-0.03065687670171029,1.0,-0.3891595990687713,0.08316259597062088,-0.20307285564366695,0.24665321255752792,-0.06678365419537186,-0.031518768904016545,energy/oil_gas
ocf_ev,-0.10433811143689878,0.2692311562070593,0.18306401036159617,0.5720456227546351,-0.18219364788477485,0.015273305595334763,-0.0419492667186029,0.3238057754331203,0.13541606508576332,0.12608001381039366,0.06526647985971354,-0.1392245644329846,-0.28442521678037896,1.0,-0.08440335714822512,0.09044337636799948,-0.17063905337986052,-0.09807974001115576,-0.15476857747855344,energy/oil_gas
oil_beta_trend,-0.026609937657112344,-0.030586693443275914,-0.010021251260350897,-0.05608051027436764,0.11177655540649975,-0.011475151416005774,-0.006017878721454829,-0.08917984221824107,-0.015587071607825442,-0.044703504214777944,-0.04506107244738369,0.08851551874390234,0.06261093494396026,-0.07870771783896431,1.0,-0.06872132875643458,0.03477224750398087,-0.015913779454139562,0.009216386916414632,energy/oil_gas
profitable_growth,0.20774844471486095,-0.2415826055027923,0.47025993452707704,0.3034081183491598,0.06060972409520873,0.06606736793182708,0.004852861902220087,0.2378399761246332,0.19050473003487411,-0.10621513473772626,-0.07640025877557745,0.06683309494631993,-0.15594659503983047,0.08459558716737785,-0.07076158780664261,1.0,-0.014822955690273181,0.19551489815735917,0.1995016695796417,energy/oil_gas
share_issuance,0.3655460964526236,0.020737239566672967,-0.08444385231423811,-0.09941715061301748,-0.08958205100818073,-0.022778999204746627,-0.021560987230874122,-0.11484074230239738,-0.12487883667389138,0.1284647887883903,0.07931083776887832,-0.010502951078949782,0.15168629112763093,-0.09106364403765102,0.0016017334889869182,0.06808144709160042,1.0,0.03562978440812607,0.021729562913240304,energy/oil_gas
sue,0.08639275758094829,-0.015838269163494522,0.017029517090497163,0.031132034830413914,0.14834873169144405,0.4978676782454672,0.09637993125060346,0.11657127925468899,0.000503378404829072,-0.07748997222335294,-0.04326747723703554,0.17202421293271056,-0.09638827495652597,-0.07337723903337834,-0.01812702286031608,0.19470883938116565,0.027821608238986117,1.0,0.5528902418883428,energy/oil_gas
sue_announce,0.07085984320456203,0.009490806754253327,-3.6296418954950294e-05,0.0011655888502679443,0.1719521290761307,0.22403529231929845,0.10981566464140408,0.05456333917097041,-0.04064083394237899,-0.07833987709387596,-0.03463187434559353,0.21982175801580997,-0.03458732433122744,-0.13388515009648097,0.0045922637103595195,0.20644171210330842,0.023648056983824467,0.5402533135891737,1.0,energy/oil_gas
asset_growth,1.0,0.40976830405864245,-0.2969803957053585,-0.1851686313451746,0.027169150772955248,-0.033983356937045406,-0.02499034179679059,-0.0501406999566252,0.05695187186832674,-0.010401627912330291,-0.021517785643231525,-0.00301457954501467,0.13517394903430544,-0.22646663357148586,,-0.15179020950214145,0.30802033730618683,0.07195964031394093,0.07662058063506223,energy/power_utilities
capex_at,0.21139739723757656,1.0,-0.547449143624755,0.0884569650378294,0.0014708058589526167,-0.012712882650580333,0.03207827767445158,-0.10481373998249097,0.34292884746565494,0.07631177132396783,0.05657621543971612,0.01567605201338594,0.05800858110161354,-0.006220394110833833,,-0.5596704394833688,0.17947311668176455,0.04211404323450695,-0.0021213623398489193,energy/power_utilities
cash_runway_years,-0.21682547637778946,-0.5252659455615158,1.0,0.38267051093063564,-0.009614395550060162,-0.03469666736474671,-0.0020391343550406333,0.11556666117154661,0.09786689334966883,-0.0309853753484488,-0.024635897116108144,-0.006854228654303514,-0.1729638238331941,0.3523195485348815,,0.6250411151070984,-0.17180472861611723,-0.05831466179259997,-0.05055924652266131,energy/power_utilities
cop_at,-0.2279483026749137,0.12467918184981752,0.36016884490358475,1.0,0.009944854105692654,-0.04624565359457073,0.027288471526664186,0.24155937895722013,-0.10017519973500648,-0.001217039412736875,-0.005235380741826527,0.04324032679529385,-0.3681855188716904,0.6639203634048577,,0.2786728363903236,-0.16357968698836917,-0.025120190421258598,0.0229705181590724,energy/power_utilities
dist_52w_high,0.012875643331546113,-0.05719008849438183,0.011062288188000672,-0.010353258535100877,1.0,0.04601037005082947,0.13940546626276096,-0.026097797901801334,0.11413535672574644,-0.3460749652828633,-0.1034323630572153,0.4775035079955579,-0.0780522246151517,-0.06971465757738825,,-0.01916844548333099,-0.01987443968679505,0.06093524916118877,0.11178788453425191,energy/power_utilities
droe,-0.10228679362787794,-4.1705072696299455e-05,0.00928840311866634,-0.04730762601677378,0.09605961731445473,1.0,0.05451885488135641,0.08907452522518201,-0.12759339236133396,-0.014609266919063316,0.020253659306018502,0.10994195793657446,-0.03590404362449384,-0.022797838788605296,,0.03752501996237004,-0.03380629817102082,0.8300484280721464,0.36641223355696856,energy/power_utilities
ear_3d,-0.07603743439027848,0.027283008648543237,-0.0030315817384345164,0.029680941866393293,0.17640184052466654,0.049063436911215265,1.0,0.04760150564283865,0.2349898627007923,0.004891684259595708,0.0883363123601931,0.11870744120708367,-0.049786334867841064,0.008574804098760897,,-0.027650603667563327,0.010921267197148312,0.054700119110055755,0.051841468636490765,energy/power_utilities
ebit_ev,-0.0017869674046405565,-0.09236579434178009,0.09612727229842793,0.25051758849359257,0.10132436308743145,0.08408091919080299,0.027350417112313934,1.0,-0.29438555203413147,-0.08345550625458788,-0.09069669118294313,-0.010258846174470065,-0.4220638353920647,0.4031286869816245,,0.1142141217648179,-0.11822545073351891,0.07103393611515632,0.03587008182071769,energy/power_utilities
gross_profitability,-0.026501126468132137,0.27810691931501996,-0.05569045779318703,0.1528763916890878,0.16689177991720036,-0.13197272845933203,0.28140485682367977,-0.16026723778456928,1.0,-0.014281339297425494,-0.08255628068284884,0.06398574611121781,-0.20284582155142486,-0.004693945460291859,,-0.015242352813677673,0.1347613839031766,-0.07287728907708727,,energy/power_utilities
idio_vol_60d,-0.0573496383504374,0.11309625077807216,-0.008766453682899937,0.06608594417631422,-0.488824045272025,-0.011733632273957711,-0.0647465256504531,-0.1955376221851825,-0.0923240188042456,1.0,0.4463693408124515,-0.162999687494942,0.1021079084969389,0.032577831777270576,,-0.013114000801879657,0.08812644442245912,-0.031471822302999074,-0.08800452610899681,energy/power_utilities
max_ret_21d,-0.0672547832574756,0.0814595497376498,-0.021541350777965266,0.02905792173788902,-0.24382058598747616,0.004606800709255816,0.0597582758488058,-0.20254552557168792,-0.0940236027042343,0.5747059354851128,1.0,-0.10195417348175871,0.054610175020953396,0.001624465397048943,,-0.043327153802374015,0.04237778059301438,0.00979475698318748,-0.03637216185245473,energy/power_utilities
mom_12_1,-0.07690088284776438,-0.019816105563957163,0.03641723367387855,0.049514295816500034,0.5277192882367953,0.20950694971363573,0.14371986197733605,0.007385152008674022,0.12717967516337442,-0.16924258304261175,-0.11144308782478778,1.0,-0.08437833544392578,-0.08911380422869537,,-0.01006178159311651,-0.0036817049311715358,0.0901869515425101,0.08002256051298322,energy/power_utilities
net_debt_ebitda,0.05002352528467736,0.020203177026725524,-0.17690737868697684,-0.34508898645677466,-0.13831594412133458,-0.05448173767539049,-0.08398032674990866,-0.511773997193348,-0.0675487131807998,0.18939646442104022,0.1339843437285434,-0.13134990021342086,1.0,-0.29863862480872644,,-0.11111008597182805,0.23202991955633703,-0.08077842712555204,-0.06745445712463917,energy/power_utilities
ocf_ev,-0.2021838814154842,0.03351151287944666,0.27707083003142213,0.657920896029642,-0.14426216866823421,-0.08837074241729144,-0.006281777233010617,0.2594780454399514,0.18586750130981944,0.1280208252559517,0.06784149646602836,-0.14783663593462942,-0.1702137419889446,1.0,,0.23672205114101658,-0.0569206942435615,-0.06086872354664905,-0.004560899591460699,energy/power_utilities
profitable_growth,-0.059057995131973386,-0.5908911595443946,0.7155534703143334,0.2691448473175665,0.02963586224806383,0.03276609139769778,-0.02606319289799806,0.15211845541499605,0.03948798051133352,-0.03814936872056568,-0.05384641403552064,0.006385703633325237,-0.14537107746805297,0.21207684212287212,,1.0,-0.10648750510521857,0.054944228853867766,0.03142519254484447,energy/power_utilities
share_issuance,0.33304822112087673,0.09143683177941564,-0.0969610461698679,-0.17386440248653842,-0.06472551973395507,0.009373923608420707,-0.0033923178435307667,-0.19498668183900697,0.08217617426282496,0.11599805704307149,0.08564418890354056,0.03766255889825051,0.19251863049914456,-0.14292592684718067,,-0.05485471956458146,1.0,0.055075829624725986,-0.05523523091321171,energy/power_utilities
sue,0.03899440824064463,0.013907757139000504,-0.035945605863115494,-0.046122580268587156,0.07716085718683975,0.6020998885665324,0.05979736125546223,0.11912871739305657,-0.11090113389030852,-0.04964012790464183,-0.011305530324705214,0.0933052493786539,-0.08113077325284443,-0.08379712929528929,,0.04196256145173575,0.05576358263938402,1.0,0.4377738672602534,energy/power_utilities
sue_announce,0.048776647124449096,-0.019260202947020518,-0.025107439897708535,0.04270089568272696,0.14393155225317694,0.20649602694655128,0.036814416811036456,0.09249294705789435,,-0.12142110816873725,-0.06700068569853695,0.07188888730848383,-0.05356705998135862,0.009593147912675706,,0.03295129583523282,-0.07366182872797386,0.418599620717325,1.0,energy/power_utilities
asset_growth,1.0,0.03426801896492496,-0.08454183546766046,-0.0422456815418322,-0.10876061010735168,0.030779577050214394,0.0064727499635295685,-0.057503204975345314,0.14074881219315305,0.17979489405509264,0.15107964588381326,0.08325584492514608,0.009210778169173806,-0.37999569979035375,,0.2557545616763057,0.42049648599768735,0.14100797204049345,0.15042573336263484,energy/renewables
capex_at,-0.09362033506929383,1.0,-0.505791676705458,0.16674193668882753,0.155455948845665,-0.009457729149196657,-0.05044844902265513,0.10519829117798955,-0.19280721502325013,-0.2570669010891936,-0.24317791337647413,-0.05844047565268159,0.034680464013323406,0.16511170852505674,,-0.5323640570832152,-0.08310816928858672,0.045590674036662254,0.05837750707709145,energy/renewables
cash_runway_years,-0.022164780127225236,-0.4824910490229261,1.0,0.38811834223477937,-0.11841627473004733,0.0038369758600994806,0.05628321151246492,0.05130241922767096,0.3261383633811878,0.21962539132627146,0.22068667698835995,0.08022318238447011,-0.24978351552841194,0.14464088847924952,,0.6464683208107808,-0.0780303543461827,0.009610297458774645,0.06973256068667327,energy/renewables
cop_at,0.04678852223256031,0.12345123947242945,0.40239994593830936,1.0,0.05155181387285991,-0.0009720263788976971,0.028679423946151774,0.3154174115819429,0.47370293876316677,-0.0026750538147648256,0.012133988730992237,0.11058494651252071,-0.4743057526549621,0.42168891662694785,,0.3471755127977238,-0.16747221460633102,0.07481501031803195,0.1091507122641885,energy/renewables
dist_52w_high,-0.19402125368036083,0.14695198625451072,-0.09016859674009897,0.06702177148609777,1.0,0.08898943773635594,0.18453752262164114,0.10130349657998881,-0.027105811156850783,-0.5825398771900884,-0.4346371514161799,0.38067343037523893,0.22938936699160695,0.0831715234730552,,-0.11282304346392658,-0.10678799307944019,0.11711713758958466,0.1231329931915641,energy/renewables
droe,0.012407125288919105,-0.018217185527595277,0.03370230490608235,0.019282481035959673,0.0594227828650887,1.0,0.12512955381906524,0.06378652230449242,-0.031136357772613497,-0.019782848645416993,-0.00030896693399044996,0.15200267325315964,0.024892316160417677,-0.008680414915257314,,0.08252260467457286,0.0033707773136651136,0.8025588958202419,0.45589150551296004,energy/renewables
ear_3d,0.07970875376837855,-0.06040869675627217,0.05928107796409845,0.05575408799830601,0.1791930446566348,0.10494974249722178,1.0,-0.057090750309686154,0.07378122846646877,0.015053309145037443,0.0829812778730727,0.1322020600272108,-0.006880657924782758,-0.07348848920587926,,0.08026129125364236,0.025367450033075892,0.12487979827034248,0.1178894657235148,energy/renewables
ebit_ev,0.0037573001170821295,0.09935515509109007,0.1102389439972118,0.40290781395242153,0.20579012712459918,0.08418318858509857,-0.05835391374273939,1.0,0.33710278432421686,-0.26381605183275675,-0.2630208774552858,-0.056718685550882206,-0.40068194986558187,0.4610418843301031,,0.03447617517323224,-0.2207172106616459,0.1454245948132725,0.06454924149826353,energy/renewables
gross_profitability,0.24042439401088497,-0.16529280982751346,0.37940148453767486,0.5165698511385222,-0.00411557930433113,0.039256558535403135,0.09015246864787615,0.3727504784488986,1.0,0.034800539099397156,0.0725399597973947,0.0779081692236172,-0.5043653955457805,0.009457625911453243,,0.40009747741624785,-0.1805979550405191,0.13595605972428082,0.11407553246426264,energy/renewables
idio_vol_60d,0.33312547103301077,-0.23367144642271515,0.13531814422478483,-0.04470863629006345,-0.6380971002683684,0.014866959422376638,0.08434660604565761,-0.34707018833688386,0.06657736325493921,1.0,0.7856122262846801,-0.06506283260275979,-0.3025596821629472,-0.22481770008280896,,0.28418510464323193,0.1558489468486449,-0.02964214313006447,-0.09946473371403385,energy/renewables
max_ret_21d,0.26777741076211387,-0.20348505300045636,0.12939557012364664,-0.019843505081308808,-0.4720977941002745,0.023615358243672252,0.16477685649437557,-0.3129156736122934,0.08031722923496923,0.8127617381509081,1.0,-0.0560695363546466,-0.295894174407432,-0.23146468996463515,,0.26576556545668945,0.1438555613868024,-0.022097780304980184,-0.07037725277687172,energy/renewables
mom_12_1,0.13047344091474564,-0.0702355092660116,0.08099983949801125,0.12635819141372676,0.33392660990921114,0.1671924446483975,0.16412946164306536,0.02698391317279964,0.22511300671914938,0.06459932435410397,0.04316165919816603,1.0,-0.016436826411090972,-0.12108659733586719,,0.15749797981599567,0.08225656707535066,0.15172760519829867,0.15441949887900108,energy/renewables
net_debt_ebitda,0.003312792497643492,0.030227071814520917,-0.24026402379483344,-0.47112948157258344,0.21881694375948654,0.00850143219178079,-0.0019057531364924064,-0.35034173166930677,-0.36225944760653506,-0.23264577478579485,-0.2408285504577897,-0.033135980919883644,1.0,-0.1086571682902943,,-0.15485894728079905,0.10053749069430484,-0.0833916674485252,-0.05204812026217104,energy/renewables
ocf_ev,-0.25775908476567994,0.16370204926118703,0.20563685221453623,0.37079123479536663,0.12290316867182771,-0.007652258976035249,-0.04761228511445584,0.4788564764223273,0.019713803048883292,-0.227708375181042,-0.20296446787115693,-0.06058990886202461,-0.1111770743818728,1.0,,-0.1023755814774068,-0.37322225671781095,-0.05246782317307455,-0.0863592402934511,energy/renewables
profitable_growth,0.35290899317028956,-0.5638308774445127,0.6650147342234892,0.4506342734082444,-0.15595576541512038,0.08730131206795778,0.09142763653757564,0.0943609903484584,0.38611922460175024,0.30537944616962864,0.26065063340906863,0.1602071965864351,-0.15736744083454257,-0.11664692039493245,,1.0,0.07959007259509271,0.14264864961688603,0.15338857140560888,energy/renewables
share_issuance,0.4443419060600247,-0.10836186772343098,-0.056114947000540025,-0.07931479347471555,-0.1344820350224495,-0.03219765040419581,0.0815522606246184,-0.16511620610250335,-0.03555433708301791,0.2490004968512009,0.21366691953677683,0.13744115692429923,0.08796302969060903,-0.23227678675616759,,0.10045433831916649,1.0,0.06574479858784513,0.03400064636625799,energy/renewables
sue,0.112068815462796,0.033765482333600896,0.014320681620553548,0.1402462490368022,0.10781660079554002,0.5842503301193874,0.13834120786352203,0.1397878466283423,0.16825346738956914,-0.005854018233021149,-0.000858894365106955,0.18882703819031804,-0.10460567177872099,-0.021220741766824813,,0.1526075963082344,0.016985155141318955,1.0,0.5654576492542416,energy/renewables
sue_announce,0.15533745848088426,0.08070833940293909,0.08430935139657014,0.15027420699235022,0.12734085666744116,0.27173051598903386,0.13645370144845012,0.10456355384524536,0.12359480381201049,-0.0852486486989521,-0.07790015568370522,0.11039265427635991,-0.07419637400171449,-0.054664263291066315,,0.1870671138820692,-0.03593111142612861,0.5127152183331214,1.0,energy/renewables
