rebalance_date,biotech,energy,robotics
2011-07-29,27,91,2
2011-08-31,35,110,2
2011-09-30,34,106,2
2011-10-31,38,108,2
2011-11-30,37,105,2
2011-12-30,37,103,2
2012-01-31,38,105,2
2012-02-29,42,109,2
2012-03-30,42,110,2
2012-04-30,37,107,2
2012-05-31,41,109,2
2012-06-29,47,110,3
2012-07-31,41,104,2
2012-08-31,43,103,2
2012-09-28,47,112,2
2012-10-31,47,108,2
2012-11-30,43,106,3
2012-12-31,46,112,4
2013-01-31,51,113,3
2013-02-28,52,118,4
2013-03-28,48,119,4
2013-04-30,51,122,3
2013-05-31,56,121,4
2013-06-28,62,124,5
2013-07-31,66,120,3
2013-08-30,66,117,3
2013-09-30,66,120,4
2013-10-31,66,122,4
2013-11-29,73,119,4
2013-12-31,82,125,6
2014-01-31,86,125,6
2014-02-28,91,125,7
2014-03-31,96,130,7
2014-04-30,87,129,6
2014-05-30,80,129,6
2014-06-30,95,130,6
2014-07-31,84,132,5
2014-08-29,88,131,5
2014-09-30,92,134,5
2014-10-31,93,134,5
2014-11-28,98,134,5
2014-12-31,102,138,5
2015-01-30,103,132,4
2015-02-27,106,131,4
2015-03-31,112,134,5
2015-04-30,109,132,5
2015-05-29,112,127,5
2015-06-30,124,134,5
2015-07-31,120,124,4
2015-08-31,114,130,5
2015-09-30,112,124,6
2015-10-30,112,123,4
2015-11-30,117,131,5
2015-12-31,120,129,5
2016-01-29,108,128,5
2016-02-29,94,124,4
2016-03-31,93,131,5
2016-04-29,95,124,5
2016-05-31,96,129,5
2016-06-30,103,135,6
2016-07-29,94,125,5
2016-08-31,102,127,5
2016-09-30,104,129,5
2016-10-31,94,124,5
2016-11-30,102,131,8
2016-12-30,97,131,8
2017-01-31,94,131,8
2017-02-28,106,132,7
2017-03-31,118,129,7
2017-04-28,115,122,6
2017-05-31,111,134,6
2017-06-30,120,132,7
2017-07-31,111,125,7
2017-08-31,116,124,7
2017-09-29,126,132,7
2017-10-31,124,128,7
2017-11-30,130,133,7
2017-12-29,129,138,8
2018-01-31,138,137,8
2018-02-28,137,142,10
2018-03-29,152,149,10
2018-04-30,131,140,10
2018-05-31,141,152,10
2018-06-29,154,152,11
2018-07-31,132,147,10
2018-08-31,126,145,10
2018-09-28,134,147,10
2018-10-31,125,147,11
2018-11-30,127,145,9
2018-12-31,125,144,9
2019-01-31,124,141,9
2019-02-28,126,141,10
2019-03-29,141,141,11
2019-04-30,132,145,11
2019-05-31,134,142,11
2019-06-28,137,144,11
2019-07-31,132,144,14
2019-08-30,130,140,12
2019-09-30,132,145,13
2019-10-31,128,135,12
2019-11-29,145,140,13
2019-12-31,161,146,13
2020-01-31,150,144,14
2020-02-28,151,137,12
2020-03-31,152,120,13
2020-04-30,152,131,13
2020-05-29,177,133,13
2020-06-30,192,136,14
2020-07-31,174,121,14
2020-08-31,182,124,16
2020-09-30,186,125,15
2020-10-30,182,117,15
2020-11-30,200,141,16
2020-12-31,218,144,16
2021-01-29,230,150,17
2021-02-26,242,160,17
2021-03-31,245,164,16
2021-04-30,224,152,16
2021-05-28,233,162,16
2021-06-30,259,170,17
2021-07-30,216,151,16
2021-08-31,221,151,16
2021-09-30,234,164,18
2021-10-29,209,163,17
2021-11-30,230,166,16
2021-12-31,231,157,16
2022-01-31,206,161,16
2022-02-28,202,172,15
2022-03-31,200,180,17
2022-04-29,187,176,17
2022-05-31,195,178,16
2022-06-30,198,179,14
2022-07-29,181,171,14
2022-08-31,201,171,16
2022-09-30,202,174,15
2022-10-31,193,173,15
2022-11-30,204,175,15
2022-12-30,199,171,15
2023-01-31,196,167,15
2023-02-28,188,171,15
2023-03-31,186,175,14
2023-04-28,186,168,14
2023-05-31,196,172,14
2023-06-30,198,179,14
2023-07-31,180,171,15
2023-08-31,175,176,15
2023-09-29,178,179,14
2023-10-31,164,170,15
2023-11-30,173,172,15
2023-12-29,194,176,17
2024-01-31,194,168,15
2024-02-29,211,171,17
2024-03-28,223,173,17
2024-04-30,195,165,17
2024-05-31,196,171,17
2024-06-28,209,170,15
2024-07-31,201,163,17
2024-08-30,194,162,17
2024-09-30,205,162,17
2024-10-31,195,156,16
2024-11-29,216,162,17
2024-12-31,194,161,18
2025-01-31,195,159,17
2025-02-28,183,154,18
2025-03-31,186,156,20
2025-04-30,180,153,20
2025-05-30,187,162,20
2025-06-30,195,166,21
2025-07-31,198,159,20
2025-08-29,203,161,21
2025-09-30,217,163,21
2025-10-31,231,164,21
2025-11-28,241,170,20
2025-12-31,245,162,20
2026-01-30,234,166,20
2026-02-27,236,171,20
2026-03-31,238,177,21
2026-04-30,235,176,21
2026-05-29,246,177,23
2026-06-30,254,177,23
2026-07-31,238,171,23
2026-08-31,250,174,23
2026-09-30,239,178,23
