scope,factor,horizon,avg_diff,nw_t,months
havuz,asset_growth,21,-0.0009914449491197441,-0.16305947118729083,182
havuz,asset_growth,63,-0.00333435799807016,-0.2787281998377566,180
havuz,asset_growth,126,0.0008604929206234108,0.05806077804398518,177
havuz,capex_at,21,0.005377187350310795,1.524225064486763,182
havuz,capex_at,63,0.0185560021939935,2.633693535446458,180
havuz,capex_at,126,0.030051304721934458,2.3609544123472266,177
havuz,cash_runway_years,21,0.0075789442025860675,0.5079942653525944,172
havuz,cash_runway_years,63,-0.007581839476020867,-0.24460093528106108,170
havuz,cash_runway_years,126,-0.08357550922156118,-2.089504402442713,167
havuz,cop_at,21,-0.0011649810527667782,-0.29241020866485207,182
havuz,cop_at,63,-0.00765691644485476,-0.7939435996077863,180
havuz,cop_at,126,-0.014210402347127057,-0.6937574274982689,177
havuz,dist_52w_high,21,-0.0009498968452045197,-0.13555863549067268,182
havuz,dist_52w_high,63,0.0021493499142494674,0.22433705062132323,180
havuz,dist_52w_high,126,0.011329911239439518,0.7469913443327081,177
havuz,droe,21,2.192053224991941e-06,0.0007800584757956335,181
havuz,droe,63,-0.000999375098108664,-0.14358209944636663,179
havuz,droe,126,-0.00873361136535438,-0.6832044897066604,176
havuz,ear_3d,21,-0.0007240884335790458,-0.3397461767863855,182
havuz,ear_3d,63,-0.0024017708910991833,-0.5887927540431551,180
havuz,ear_3d,126,-0.01495050049503159,-1.0129697694816213,177
havuz,ebit_ev,21,-0.00424733575939685,-0.9534157765928322,182
havuz,ebit_ev,63,-0.015094273792412488,-1.382641264741669,180
havuz,ebit_ev,126,-0.029160795776971844,-1.3746061679030264,177
havuz,gross_profitability,21,-0.0026555189237343945,-0.8341013536131917,182
havuz,gross_profitability,63,-0.009697843847846561,-1.2476443639356736,180
havuz,gross_profitability,126,-0.0031657860786903865,-0.25674790034514766,177
havuz,idio_vol_60d,21,-0.006339512329951113,-1.0519224777420595,182
havuz,idio_vol_60d,63,-0.01733019324970103,-1.3015663509550501,180
havuz,idio_vol_60d,126,-0.004961168969470161,-0.27019765696510945,177
havuz,max_ret_21d,21,0.004877093690582343,0.6110827475903052,182
havuz,max_ret_21d,63,-0.0031462910183762565,-0.3147952678042242,180
havuz,max_ret_21d,126,-0.0040015106068403035,-0.25837964964823756,177
havuz,mom_12_1,21,0.008189472982692706,1.5502773070562652,182
havuz,mom_12_1,63,0.02139535504023396,1.7053596282607786,180
havuz,mom_12_1,126,0.02525751986160227,1.5067977096970335,177
havuz,net_debt_ebitda,21,0.0005921646534569729,0.12355266464124,182
havuz,net_debt_ebitda,63,-0.003056387510276793,-0.2814981324527098,180
havuz,net_debt_ebitda,126,-0.004223702054456585,-0.19414730026894958,177
havuz,ocf_ev,21,0.00542926880244161,0.9439310721718889,182
havuz,ocf_ev,63,0.01045035631297988,0.7402361100776589,180
havuz,ocf_ev,126,0.015643817834574556,0.5279997925843388,177
havuz,oil_beta_trend,21,0.004094045371735391,0.7658236366626534,182
havuz,oil_beta_trend,63,0.0020303640700680505,0.15344909794940212,180
havuz,oil_beta_trend,126,0.011790243910747386,0.5153174468379436,177
havuz,share_issuance,21,-0.003618858658558137,-0.7062591840506307,182
havuz,share_issuance,63,-0.012108278055734147,-1.157932281517463,180
havuz,share_issuance,126,-0.014010011609193036,-0.9226454044456449,177
havuz,sue,21,-0.0017563789761831073,-0.6615547373588578,178
havuz,sue,63,-0.0025379405415847153,-0.379607502770733,176
havuz,sue,126,-0.002397806782309024,-0.18751053246330887,173
havuz,sue_announce,21,0.0044979806126909,1.812445869637114,182
havuz,sue_announce,63,0.010680752479090531,1.934188976892777,180
havuz,sue_announce,126,0.022212524810352324,2.2967618039903512,177
robotics,asset_growth,21,-0.01491302043518674,-0.7083707433348447,21
robotics,asset_growth,63,0.04240343327526033,1.3273433347254326,19
robotics,asset_growth,126,0.09784866207724104,1.5854800216682012,16
robotics,capex_at,21,-0.022846626299946275,-1.0560333137504767,20
robotics,capex_at,63,-0.036822939141168624,-0.395722694759435,18
robotics,capex_at,126,-0.1199237092430738,-0.6159585645091592,15
robotics,dist_52w_high,21,0.033160970533594694,1.9452798566290517,21
robotics,dist_52w_high,63,-0.00913791924424721,-0.24740410295214055,19
robotics,dist_52w_high,126,-0.12127731898115218,-1.7037950466005538,16
robotics,ear_3d,21,-0.0028189959886349945,-0.11950195722763558,16
robotics,ear_3d,63,0.027529742051501185,0.6661837864634398,14
robotics,ear_3d,126,-0.0687370163738562,-1.0436940847925467,11
robotics,idio_vol_60d,21,-0.02041138326011948,-0.6194734187759076,21
robotics,idio_vol_60d,63,-0.08496103912720362,-1.1381238039410457,19
robotics,idio_vol_60d,126,-0.10089899712398792,-0.8586142563173749,16
robotics,max_ret_21d,21,-0.01178052373125516,-0.44784961651592264,21
robotics,max_ret_21d,63,-0.08366407293387856,-1.9442445045551104,19
robotics,max_ret_21d,126,-0.06043010501162996,-1.9467238876974071,16
robotics,mom_12_1,21,0.004301676130829925,0.200355389447498,21
robotics,mom_12_1,63,-0.021135333873438886,-0.5038893969532283,19
robotics,mom_12_1,126,-0.08112371343831629,-0.9817744025192289,16
robotics,share_issuance,21,-0.019992374396965537,-0.7212736315470824,21
robotics,share_issuance,63,-0.016789503685608647,-0.22117192806150854,19
robotics,share_issuance,126,0.010196932355345432,0.09769575575876988,16
biotech,asset_growth,21,-0.006031588626706508,-0.5405054201482127,181
biotech,asset_growth,63,-0.01866452949363338,-0.8359678794483166,179
biotech,asset_growth,126,0.00685431698899393,0.42230304794986573,176
biotech,capex_at,21,0.012961678540551969,1.146641612672768,182
biotech,capex_at,63,0.038753897620950994,1.8397610576787784,180
biotech,capex_at,126,0.039873657577037855,1.3677982061918315,177
biotech,cash_runway_years,21,0.005140149781880926,0.2926704603677242,168
biotech,cash_runway_years,63,0.0013581746349846683,0.03876215219178885,166
biotech,cash_runway_years,126,-0.08949238201380129,-2.0433966675186754,163
biotech,cop_at,21,-0.005241427238269447,-1.7325402802877605,182
biotech,cop_at,63,-0.012849128791278997,-1.7120811846640016,180
biotech,cop_at,126,-0.01967705194891174,-1.4462355773916113,177
biotech,dist_52w_high,21,-0.0031199206297557397,-0.28504072058911034,182
biotech,dist_52w_high,63,0.006393515842725055,0.4839458952876716,180
biotech,dist_52w_high,126,0.02712766692263573,2.0889051968596415,177
biotech,droe,21,0.0001847983988706886,0.058999306762424784,181
biotech,droe,63,-0.0017610332012107808,-0.22510966029250631,179
biotech,droe,126,-0.017071100371567813,-1.3039439358106966,176
biotech,ear_3d,21,-0.004510201416244706,-1.3728413354801192,182
biotech,ear_3d,63,-0.016578901097964727,-1.3877391359787368,180
biotech,ear_3d,126,-0.02675634447650568,-1.0661729167215592,177
biotech,gross_profitability,21,-0.003142588222256225,-1.1268933959580012,182
biotech,gross_profitability,63,-0.010480570474928553,-1.4770445778092949,180
biotech,gross_profitability,126,-0.01413456532812119,-0.9728097103447995,177
biotech,idio_vol_60d,21,-0.007568258595535313,-0.6457300388937608,182
biotech,idio_vol_60d,63,-0.023379235460136153,-0.9666285775062045,180
biotech,idio_vol_60d,126,0.021949561866479804,1.4949077154727044,177
biotech,max_ret_21d,21,0.009413984350473003,0.9355266554146253,182
biotech,max_ret_21d,63,-0.006674688486030058,-0.662571491813691,180
biotech,max_ret_21d,126,0.0032013480282313683,0.26741710680368797,177
biotech,mom_12_1,21,0.011965297846609074,1.1127216524247239,182
biotech,mom_12_1,63,0.023337955153893888,1.6263591936134856,180
biotech,mom_12_1,126,0.02409960786474344,1.2039847382050834,177
biotech,share_issuance,21,-0.00989709986686082,-0.861216052124578,181
biotech,share_issuance,63,-0.032574470234500115,-1.4519994740398394,179
biotech,share_issuance,126,-0.042408296872117085,-1.3841057131395649,176
biotech,sue,21,-0.000923072765504657,-0.3147105979997177,178
biotech,sue,63,-0.0019198401860958127,-0.26216153876331394,176
biotech,sue,126,-0.008808159116726185,-0.6657593471506569,173
biotech,sue_announce,21,0.0010094702211146888,0.23907134720354226,180
biotech,sue_announce,63,0.007265119989712061,0.7642828098821143,178
biotech,sue_announce,126,0.018170811573323672,1.1951921707415143,175
biotech/biotech_all,asset_growth,21,-0.006031588626706508,-0.5405054201482127,181
biotech/biotech_all,asset_growth,63,-0.01866452949363338,-0.8359678794483166,179
biotech/biotech_all,asset_growth,126,0.00685431698899393,0.42230304794986573,176
biotech/biotech_all,capex_at,21,0.012961678540551969,1.146641612672768,182
biotech/biotech_all,capex_at,63,0.038753897620950994,1.8397610576787784,180
biotech/biotech_all,capex_at,126,0.039873657577037855,1.3677982061918315,177
biotech/biotech_all,cash_runway_years,21,0.005140149781880926,0.2926704603677242,168
biotech/biotech_all,cash_runway_years,63,0.0013581746349846683,0.03876215219178885,166
biotech/biotech_all,cash_runway_years,126,-0.08949238201380129,-2.0433966675186754,163
biotech/biotech_all,cop_at,21,-0.005241427238269447,-1.7325402802877605,182
biotech/biotech_all,cop_at,63,-0.012849128791278997,-1.7120811846640016,180
biotech/biotech_all,cop_at,126,-0.01967705194891174,-1.4462355773916113,177
biotech/biotech_all,dist_52w_high,21,-0.0031199206297557397,-0.28504072058911034,182
biotech/biotech_all,dist_52w_high,63,0.006393515842725055,0.4839458952876716,180
biotech/biotech_all,dist_52w_high,126,0.02712766692263573,2.0889051968596415,177
biotech/biotech_all,droe,21,0.0001847983988706886,0.058999306762424784,181
biotech/biotech_all,droe,63,-0.0017610332012107808,-0.22510966029250631,179
biotech/biotech_all,droe,126,-0.017071100371567813,-1.3039439358106966,176
biotech/biotech_all,ear_3d,21,-0.004510201416244706,-1.3728413354801192,182
biotech/biotech_all,ear_3d,63,-0.016578901097964727,-1.3877391359787368,180
biotech/biotech_all,ear_3d,126,-0.02675634447650568,-1.0661729167215592,177
biotech/biotech_all,gross_profitability,21,-0.003142588222256225,-1.1268933959580012,182
biotech/biotech_all,gross_profitability,63,-0.010480570474928553,-1.4770445778092949,180
biotech/biotech_all,gross_profitability,126,-0.01413456532812119,-0.9728097103447995,177
biotech/biotech_all,idio_vol_60d,21,-0.007568258595535313,-0.6457300388937608,182
biotech/biotech_all,idio_vol_60d,63,-0.023379235460136153,-0.9666285775062045,180
biotech/biotech_all,idio_vol_60d,126,0.021949561866479804,1.4949077154727044,177
biotech/biotech_all,max_ret_21d,21,0.009413984350473003,0.9355266554146253,182
biotech/biotech_all,max_ret_21d,63,-0.006674688486030058,-0.662571491813691,180
biotech/biotech_all,max_ret_21d,126,0.0032013480282313683,0.26741710680368797,177
biotech/biotech_all,mom_12_1,21,0.011965297846609074,1.1127216524247239,182
biotech/biotech_all,mom_12_1,63,0.023337955153893888,1.6263591936134856,180
biotech/biotech_all,mom_12_1,126,0.02409960786474344,1.2039847382050834,177
biotech/biotech_all,share_issuance,21,-0.00989709986686082,-0.861216052124578,181
biotech/biotech_all,share_issuance,63,-0.032574470234500115,-1.4519994740398394,179
biotech/biotech_all,share_issuance,126,-0.042408296872117085,-1.3841057131395649,176
biotech/biotech_all,sue,21,-0.000923072765504657,-0.3147105979997177,178
biotech/biotech_all,sue,63,-0.0019198401860958127,-0.26216153876331394,176
biotech/biotech_all,sue,126,-0.008808159116726185,-0.6657593471506569,173
biotech/biotech_all,sue_announce,21,0.0010094702211146888,0.23907134720354226,180
biotech/biotech_all,sue_announce,63,0.007265119989712061,0.7642828098821143,178
biotech/biotech_all,sue_announce,126,0.018170811573323672,1.1951921707415143,175
energy,asset_growth,21,0.006783478417764815,1.7110877492685967,182
energy,asset_growth,63,0.019028251582164195,2.1228011589302556,180
energy,asset_growth,126,0.04305732332374985,2.3126027246334306,177
energy,capex_at,21,0.005365576320848689,1.5753581429656103,182
energy,capex_at,63,0.020200329721193278,2.2374732876065253,180
energy,capex_at,126,0.04140251497696361,2.172892938151414,177
energy,cop_at,21,5.954043118355058e-05,0.010946590030847789,182
energy,cop_at,63,-0.004593907085054955,-0.3404275477911996,180
energy,cop_at,126,-0.014614784646067951,-0.5156169851585544,177
energy,dist_52w_high,21,-0.001638105874049751,-0.25599785672501185,182
energy,dist_52w_high,63,-0.006045358620061362,-0.41987347007355036,180
energy,dist_52w_high,126,-0.006196908469912686,-0.2132308091558258,177
energy,ear_3d,21,0.0030318049420525166,1.1473751271502926,182
energy,ear_3d,63,0.003734984958336053,0.7105000688515347,180
energy,ear_3d,126,0.012738018698839679,1.3922303353895775,177
energy,ebit_ev,21,-0.00424733575939685,-0.9534157765928322,182
energy,ebit_ev,63,-0.015094273792412488,-1.382641264741669,180
energy,ebit_ev,126,-0.029160795776971844,-1.3746061679030264,177
energy,gross_profitability,21,0.0021755656735976407,0.6676864068368613,182
energy,gross_profitability,63,0.002209034666175601,0.24957358885185635,180
energy,gross_profitability,126,0.01449215883786991,0.8311611766837064,177
energy,idio_vol_60d,21,-0.004718083906294206,-0.6493699387224159,182
energy,idio_vol_60d,63,-0.012982532139035986,-0.7272516976312984,180
energy,idio_vol_60d,126,-0.017933486542553286,-0.4938110212319221,177
energy,max_ret_21d,21,-0.004945179725776343,-0.8160285157037336,182
energy,max_ret_21d,63,-0.010190641693471171,-0.6992699798751224,180
energy,max_ret_21d,126,-0.016810222357527847,-0.5781568117904047,177
energy,mom_12_1,21,0.001921162539325208,0.36626372026359766,182
energy,mom_12_1,63,0.007467086884416522,0.6582729223595971,180
energy,mom_12_1,126,0.013653354320908738,0.5539984652597856,177
energy,net_debt_ebitda,21,0.0005921646534569729,0.12355266464124,182
energy,net_debt_ebitda,63,-0.003056387510276793,-0.2814981324527098,180
energy,net_debt_ebitda,126,-0.004223702054456585,-0.19414730026894958,177
energy,ocf_ev,21,0.00542926880244161,0.9439310721718889,182
energy,ocf_ev,63,0.01045035631297988,0.7402361100776589,180
energy,ocf_ev,126,0.015643817834574556,0.5279997925843388,177
energy,oil_beta_trend,21,0.004094045371735391,0.7658236366626534,182
energy,oil_beta_trend,63,0.0020303640700680505,0.15344909794940212,180
energy,oil_beta_trend,126,0.011790243910747386,0.5153174468379436,177
energy,share_issuance,21,-0.0009693798152818138,-0.3560919673823126,182
energy,share_issuance,63,-0.001370157658677358,-0.1957076643812405,180
energy,share_issuance,126,2.0055196254649684e-05,0.0013294683836828337,177
energy,sue_announce,21,0.004171401466774373,1.2795018393836786,182
energy,sue_announce,63,0.01105984616327713,1.5425675445416693,180
energy,sue_announce,126,0.01718719730256718,1.3470461362841444,177
energy/oil_gas,asset_growth,21,0.00747448170906244,2.36390475968676,182
energy/oil_gas,asset_growth,63,0.01850683820043297,2.8386465384974278,180
energy/oil_gas,asset_growth,126,0.04003366224393185,3.086964851398503,177
energy/oil_gas,capex_at,21,0.0006518193430904948,0.16928810893210675,182
energy/oil_gas,capex_at,63,0.0056010611798864626,0.5469960079156937,180
energy/oil_gas,capex_at,126,0.01582587458206876,0.7075356335920464,177
energy/oil_gas,cop_at,21,-0.003395316514110733,-1.012465038180068,182
energy/oil_gas,cop_at,63,-0.011718679977803986,-1.4616695338033072,180
energy/oil_gas,cop_at,126,-0.028643897970436205,-1.8574917609726118,177
energy/oil_gas,dist_52w_high,21,-0.0008135924877255784,-0.14731555245908365,182
energy/oil_gas,dist_52w_high,63,0.0002366930488667164,0.018551529077376807,180
energy/oil_gas,dist_52w_high,126,-0.0025966849960026394,-0.10284823939474934,177
energy/oil_gas,ear_3d,21,0.0018898499861468743,0.7252071179011734,182
energy/oil_gas,ear_3d,63,-0.0008309484033639817,-0.17537220757242167,180
energy/oil_gas,ear_3d,126,-0.00037330773385905677,-0.03576472074959813,177
energy/oil_gas,ebit_ev,21,-0.005900985726048121,-1.4077395903180656,182
energy/oil_gas,ebit_ev,63,-0.01833773099117238,-1.6917518158016245,180
energy/oil_gas,ebit_ev,126,-0.036038085019046866,-1.7203174386608036,177
energy/oil_gas,gross_profitability,21,-0.0023197955124771084,-0.64160711889335,174
energy/oil_gas,gross_profitability,63,-0.004613121159176037,-0.4458363136600264,172
energy/oil_gas,gross_profitability,126,-0.006435249070586091,-0.3080540003998054,169
energy/oil_gas,idio_vol_60d,21,-0.005539976003540268,-0.9614476830247467,182
energy/oil_gas,idio_vol_60d,63,-0.009196375490992694,-0.6243935572504291,180
energy/oil_gas,idio_vol_60d,126,-0.008241995217251203,-0.2701999530764893,177
energy/oil_gas,max_ret_21d,21,-0.003293209974163794,-0.7552579044929604,182
energy/oil_gas,max_ret_21d,63,-0.0019898707388611484,-0.18735258075172687,180
energy/oil_gas,max_ret_21d,126,-0.0036367254811293156,-0.16754433233462132,177
energy/oil_gas,mom_12_1,21,0.0006786737752657762,0.13819714759680213,182
energy/oil_gas,mom_12_1,63,0.002106228083625011,0.18445963298800802,180
energy/oil_gas,mom_12_1,126,-0.0085683393801353,-0.3555248029202743,177
energy/oil_gas,net_debt_ebitda,21,-0.002714485548494492,-0.7821698719767493,182
energy/oil_gas,net_debt_ebitda,63,-0.003900728419415796,-0.48368390946379,180
energy/oil_gas,net_debt_ebitda,126,-0.004923422493958932,-0.3612002900374585,177
energy/oil_gas,ocf_ev,21,0.0038204736858638293,0.7911198189550172,182
energy/oil_gas,ocf_ev,63,0.007128052748747388,0.628422815641732,180
energy/oil_gas,ocf_ev,126,0.007958085165697262,0.36206414914828705,177
energy/oil_gas,oil_beta_trend,21,0.004094045371735391,0.7658236366626534,182
energy/oil_gas,oil_beta_trend,63,0.0020303640700680505,0.15344909794940212,180
energy/oil_gas,oil_beta_trend,126,0.011790243910747386,0.5153174468379436,177
energy/oil_gas,share_issuance,21,0.002164361925474994,0.835301681692162,182
energy/oil_gas,share_issuance,63,0.010796807899609118,1.6350048160828372,180
energy/oil_gas,share_issuance,126,0.022471877602623647,1.8091182695068115,177
energy/oil_gas,sue_announce,21,0.0036182463542265776,1.057851206831776,182
energy/oil_gas,sue_announce,63,0.005358591969102931,0.7570140992465181,180
energy/oil_gas,sue_announce,126,0.004561918194635394,0.3729947260597512,177
energy/power_utilities,asset_growth,21,-0.00031028037402073194,-0.15480796408856154,181
energy/power_utilities,asset_growth,63,-0.001530191469609157,-0.2846690071589534,179
energy/power_utilities,asset_growth,126,0.00045253171795450585,0.050982637600149205,176
energy/power_utilities,capex_at,21,0.00014062079731238042,0.062283512454633,152
energy/power_utilities,capex_at,63,0.00022900519859592923,0.04322789009922872,150
energy/power_utilities,capex_at,126,0.0014617690902132712,0.16194597609233347,147
energy/power_utilities,cop_at,21,-0.0009025326367980176,-0.47644686185377577,182
energy/power_utilities,cop_at,63,-0.0023911208443154006,-0.5497705358015351,180
energy/power_utilities,cop_at,126,-0.0059048969855334185,-0.7920705854433955,177
energy/power_utilities,dist_52w_high,21,-0.000778409319725446,-0.29913231461533785,182
energy/power_utilities,dist_52w_high,63,-0.0040414740132385715,-0.7084093884075987,180
energy/power_utilities,dist_52w_high,126,-0.00240358350161708,-0.2553933512599822,177
energy/power_utilities,ear_3d,21,-0.0018782092987499398,-0.9809742190865081,155
energy/power_utilities,ear_3d,63,-0.0020623290465260433,-0.4820767941356716,153
energy/power_utilities,ear_3d,126,0.008419989392690008,1.3485050813210657,150
energy/power_utilities,ebit_ev,21,0.005786042988174365,2.7197249081021058,182
energy/power_utilities,ebit_ev,63,0.011792296424972622,2.2243064858807826,180
energy/power_utilities,ebit_ev,126,0.022357173226348948,2.474978346665298,177
energy/power_utilities,idio_vol_60d,21,0.001808419432818358,0.6699745395563201,182
energy/power_utilities,idio_vol_60d,63,-0.0011455359271793407,-0.193941329664531,180
energy/power_utilities,idio_vol_60d,126,-0.00657381320210985,-0.6982037370787864,177
energy/power_utilities,max_ret_21d,21,0.0007834838256813303,0.32617905993554985,182
energy/power_utilities,max_ret_21d,63,0.0012872265678649988,0.268474537765311,180
energy/power_utilities,max_ret_21d,126,0.0026582614020834953,0.428957444481041,177
energy/power_utilities,mom_12_1,21,0.0015718860638052536,0.6277488963507832,182
energy/power_utilities,mom_12_1,63,0.005841662322523898,0.9353918600089143,180
energy/power_utilities,mom_12_1,126,0.007729343050302656,0.6340661756344174,177
energy/power_utilities,net_debt_ebitda,21,0.0016026131719741456,0.9206974693592755,182
energy/power_utilities,net_debt_ebitda,63,0.004467963355960105,1.066311249727533,180
energy/power_utilities,net_debt_ebitda,126,0.009867288077648693,1.2624226370981813,177
energy/power_utilities,ocf_ev,21,0.003719955082788087,1.9388629844783463,182
energy/power_utilities,ocf_ev,63,0.005589277317827399,1.3190407146012086,180
energy/power_utilities,ocf_ev,126,0.012740565617084688,1.532536992537788,177
energy/power_utilities,share_issuance,21,-0.000360616919248922,-0.19659656200551634,181
energy/power_utilities,share_issuance,63,-3.589827494983694e-05,-0.008402489421987297,179
energy/power_utilities,share_issuance,126,0.0016519486260931624,0.2180865288487292,176
energy/power_utilities,sue_announce,21,0.014162060396593425,1.8012927050142455,10
energy/power_utilities,sue_announce,63,0.015510302252942337,1.6622571835653457,8
energy/power_utilities,sue_announce,126,,,5
energy/renewables,asset_growth,21,8.558782258437903e-06,0.001387154093020914,130
energy/renewables,asset_growth,63,-0.007753844189659763,-0.4052099351707176,128
energy/renewables,asset_growth,126,-0.03504070994060465,-0.7230875417396464,125
energy/renewables,capex_at,21,0.009172175338803367,1.5665403154204796,127
energy/renewables,capex_at,63,0.033759638817381726,2.0789697026229823,125
energy/renewables,capex_at,126,0.09454872435868715,2.4212332344101966,122
energy/renewables,cop_at,21,0.005768409413501282,1.2397638394826371,129
energy/renewables,cop_at,63,0.010304028369082967,0.9023398872120152,127
energy/renewables,cop_at,126,0.024680892890454966,0.8653321311199993,124
energy/renewables,dist_52w_high,21,-0.009066883670515256,-1.1184614334865977,130
energy/renewables,dist_52w_high,63,-0.023947869648487816,-1.2237801990564787,128
energy/renewables,dist_52w_high,126,-0.06827109734572522,-1.3136321511056117,125
energy/renewables,ear_3d,21,0.005954062993466445,0.9041711139840308,122
energy/renewables,ear_3d,63,0.03518333110699024,3.084050905460379,120
energy/renewables,ear_3d,126,0.044772899567249225,2.2368547633576177,117
energy/renewables,ebit_ev,21,-0.005884322852845775,-1.07973721772065,127
energy/renewables,ebit_ev,63,-0.011951953397167162,-0.9176519419312871,125
energy/renewables,ebit_ev,126,-0.007596142116671827,-0.2658921503881792,122
energy/renewables,idio_vol_60d,21,-0.013300930764934436,-1.391918798564025,130
energy/renewables,idio_vol_60d,63,-0.042736048592013194,-1.636882206300387,128
energy/renewables,idio_vol_60d,126,-0.11238131215944497,-1.9214231210220414,125
energy/renewables,max_ret_21d,21,-0.013848546533687433,-1.5994969208337093,130
energy/renewables,max_ret_21d,63,-0.051242142997524304,-2.0827524469144616,128
energy/renewables,max_ret_21d,126,-0.11915601985339552,-2.2048077524145904,125
energy/renewables,mom_12_1,21,0.0022535454655985337,0.3562953137704795,130
energy/renewables,mom_12_1,63,0.007567573325524603,0.45837837350758315,128
energy/renewables,mom_12_1,126,0.008776580954823011,0.2524252429005406,125
energy/renewables,net_debt_ebitda,21,0.004519750490838999,0.9403447851647795,127
energy/renewables,net_debt_ebitda,63,0.011135596281400003,0.9013534743193086,125
energy/renewables,net_debt_ebitda,126,0.03292913246604205,1.1601437851542185,122
energy/renewables,ocf_ev,21,0.005112006644394117,1.1250682465229773,129
energy/renewables,ocf_ev,63,0.01191746062332895,1.0286926658667759,127
energy/renewables,ocf_ev,126,0.01168358792290578,0.41543799219454297,124
energy/renewables,share_issuance,21,-0.008092091810362065,-1.5671778604846318,127
energy/renewables,share_issuance,63,-0.023866440757525184,-1.4485662079298454,125
energy/renewables,share_issuance,126,-0.05913520316056306,-1.4885647794263202,122
energy/renewables,sue_announce,21,-0.0019278339433340468,-0.4311845638537609,89
energy/renewables,sue_announce,63,-0.008893538187729338,-0.6664875938831013,87
energy/renewables,sue_announce,126,-0.020400504107667243,-0.5699899213112333,84
