factor,mean,std,skew,kurt,min,p5,p25,median,p75,p95,max,n,mean_drift,months,scope
asset_growth,0.2534848392551287,0.6168315283253775,3.5908860396832813,16.859886761074403,-0.41971896181606105,-0.2066689342435403,-0.01247176291544324,0.07378884052978503,0.2759997398954744,1.2848138544721721,3.9288448763249226,291.4808743169399,0.14882250345470524,183.0,havuz
capex_at,0.051018674561838125,0.05745183474636912,1.9849515759377665,5.037878506392701,6.250072803496658e-05,0.0011884411292482975,0.009918751009824756,0.031716015937942474,0.07231072686068057,0.16807577967431292,0.3045538699172754,275.4918032786885,0.27821284905111604,183.0,havuz
cash_runway_years,6.346549747729709,4.166962050788056,-0.3926000399170566,-1.6552225313281876,0.012097999236552316,0.13944900641160432,1.8571820580981728,9.617645708874337,10.0,10.0,10.0,291.8087431693989,0.07870638661070652,183.0,havuz
cop_at,-0.009377625390068374,0.22263171624610575,-1.6929054614606367,4.050440452530484,-0.9539807987654086,-0.4440097763456935,-0.08815560901929885,0.06337817720612302,0.11758276079752616,0.22387243393339293,0.3807164875691979,291.8032786885246,0.18801021099855555,183.0,havuz
dist_52w_high,-0.2300804266985098,0.1817245448469303,-0.9454794062457896,0.37904727492678336,-0.7546389920688543,-0.5834102791470094,-0.3418564232375089,-0.18606063166820996,-0.08106358268852494,-0.021618839315319983,-0.0063486309498499245,296.90710382513663,0.36965725997368204,183.0,havuz
droe,-0.0038998072993676994,0.19123449708225046,-0.02141519786615339,12.763259970082586,-0.8501132127071296,-0.23502573733689322,-0.031266334215738,-0.0010524046938876525,0.026257916838411284,0.21431431781496962,0.8322933358994845,262.55737704918033,0.11435265173493081,183.0,havuz
ear_3d,0.004937794848770033,0.08345349666852889,0.33765076284134937,2.8608581389595518,-0.2568455444314467,-0.12172439928757642,-0.03687190139434686,0.0018071467371870017,0.04325411433039482,0.14193127463074612,0.3193828577725475,272.4918032786885,0.080274980566879,183.0,havuz
ebit_ev,-0.02539944377918923,0.22199594670639458,-2.0403125307752243,22.015199292678663,-1.4054875171038874,-0.3068682177127663,-0.06582277271212118,0.021496241892673483,0.05907748781504619,0.14494402192638248,0.613859520261708,267.74863387978144,0.24541007389895533,183.0,havuz
gross_profitability,0.24851469090463957,0.19808994606245256,0.7482033508373995,2.691404237218535,-0.27430231498906693,0.02497541080829356,0.11599776840686155,0.20815474884313923,0.3436547946897084,0.6166824758040903,0.9202646274636613,151.15300546448088,0.15629153151139985,183.0,havuz
idio_vol_60d,0.44157787361313483,0.2848599416726568,2.3452328284193817,9.926344305075329,0.11929317953025545,0.1597464867660079,0.2477074316149042,0.3823739004258934,0.5479688283833982,0.9133355809322882,2.0178526876651004,296.94535519125685,0.38272156179307615,183.0,havuz
max_ret_21d,0.06475829035647303,0.06284627715917529,3.6786833221339346,20.359869726923314,0.010846423017746418,0.017853989969919205,0.030907471281417267,0.04870316626215905,0.07579901659290951,0.1576754149371678,0.4906303547109494,296.9890710382514,0.3049277587838468,183.0,havuz
mom_12_1,0.28997336135713725,0.8131711183969791,2.788539952998435,13.356115161659153,-0.6809887015857662,-0.43925139125623425,-0.12051492087123998,0.11144397439888071,0.4284264723720142,1.572118184609191,5.29417367918526,297.0382513661202,0.3540795674041892,183.0,havuz
net_debt_ebitda,2.7332647186623342,6.341528640613459,1.6183397366609968,12.470243181110476,-16.33948278027048,-4.442679579189385,0.1513922422319987,2.4761438584031334,4.661084130705338,9.689542373097634,35.85138481558256,164.13661202185793,0.09677340037657141,183.0,havuz
ocf_ev,0.025380144570917997,0.16475137503374768,-1.4739976091961917,11.338505489276642,-0.9507120070896921,-0.2086400808073987,-0.023489311643803745,0.04986848463801778,0.09244670730414843,0.2138685859203909,0.4633917949416721,290.6393442622951,0.22621612334994162,183.0,havuz
oil_beta_trend,-0.02436981150942617,0.3783576087733385,-0.3635466694865057,8.220075121453053,-1.594588885875921,-0.4430095717994213,-0.19958343914466545,-0.02443212927152751,0.16353360483941803,0.40935755120290707,0.9854182398641487,89.7103825136612,1.214061849247165,183.0,havuz
profitable_growth,1.0338906531792986,0.412357368272736,0.07201442360136158,-0.5833071813681805,0.16423457819468415,0.37020762103040433,0.7407323437191031,1.0191739147868248,1.3247239723081639,1.721404680702276,1.9288227145578811,183.36612021857923,0.03981002510035058,183.0,havuz
share_issuance,0.07625479760772606,0.20369222592759087,3.041821172164851,20.265707029584544,-0.39190315016962574,-0.04978769244797513,0.0009915037748460137,0.015751030699178964,0.09925351342189939,0.36397841402258335,1.3448086830090316,281.91803278688525,0.15893370155584047,183.0,havuz
sue,-0.06922359669733079,1.285502035434785,-0.27279194830416587,0.5663114916146423,-3.822794284291406,-2.329505936384248,-0.7675399236202883,-0.007702807092802195,0.6951518117085753,1.9718114967036553,3.1104700956323943,284.2896174863388,0.16810908464743066,183.0,havuz
sue_announce,0.2678741580483522,1.3081119043971217,0.39779208553620043,0.7766152524473903,-2.723352954641496,-1.7248053721420182,-0.5771100232851244,0.17883848775161112,1.0296842863704008,2.451412600596468,4.140762753720917,140.20765027322403,0.20014567801575422,183.0,havuz
asset_growth,0.18714015637558748,0.387076564234976,1.4588735807284483,3.844701232774108,-0.1473741066256804,-0.08347846076639959,0.006636319216708256,0.07961725822721316,0.20650202559207462,0.8008550034887506,1.342841961382899,12.586666666666666,0.41605787887377443,150.0,robotics
capex_at,0.026748130724970086,0.021147995261548702,1.227878090502293,1.3717538628121753,0.007634947460803092,0.008682570394232484,0.012333816335271242,0.01918361237228763,0.03381927584782265,0.06364987647255038,0.07557139499848647,12.013422818791947,0.3066257683896913,149.0,robotics
cash_runway_years,8.974225972772768,2.064856658231492,-1.438525988146853,2.6302433198922963,4.243752493013034,5.172337601066664,8.96921294849168,10.0,10.0,10.0,10.0,12.473333333333333,0.44352201681544345,150.0,robotics
cop_at,0.061551411307627445,0.11551247770411364,-0.7974402912975184,1.3389976493546611,-0.2135471003176607,-0.12354585990899893,0.031556888849626964,0.0830123249717909,0.12907124663337285,0.17779516567037118,0.20547532344411562,12.473333333333333,0.45804169471035516,150.0,robotics
dist_52w_high,-0.20337589954419594,0.1358610041473951,-0.7340085809390627,0.2852714891629888,-0.46804305669773444,-0.41269544165745004,-0.27551827045390176,-0.1798714595863211,-0.10610094430769998,-0.051591792829353084,-0.04035900795277492,12.606666666666667,0.7645896592429174,150.0,robotics
droe,0.003805334404979335,0.08574055335963061,0.06373566453681251,4.883327740830133,-0.1548929618991525,-0.08947126229144058,-0.012158420208665234,0.0008279582592443242,0.01645756115931571,0.0962267708559046,0.19314638430241346,12.348993288590604,0.409680479105549,149.0,robotics
ear_3d,0.01400432351706941,0.10617813043162824,0.4533122766731032,0.5949246038725273,-0.1349367967006596,-0.11179744805069392,-0.05216775930828654,0.0027029162838755633,0.06713953585531095,0.16882322596577543,0.22293567117687818,12.068493150684931,0.3317527199110285,146.0,robotics
ebit_ev,-0.03283429957314059,0.23756686155396958,-1.703692024091487,5.101144062823329,-0.9632426736895673,-0.16535969924504113,-0.0026096310132918145,0.023184605019044856,0.038687279504391596,0.06254560232019467,0.08006471915536718,12.393333333333333,0.8405368082691609,150.0,robotics
gross_profitability,0.243363678295609,0.1169219397155002,0.07630241379074396,0.5999637501295503,0.03349115518549764,0.08709662639056114,0.17730170054924502,0.2362522311163777,0.3099666946493844,0.40157788080170703,0.46683659227652446,13.4375,0.3842498744863019,128.0,robotics
idio_vol_60d,0.3825039587874691,0.17471034336030464,0.8055296425083404,0.622859020581957,0.1772299144064733,0.19994014458421888,0.2686647410687849,0.3441696048556505,0.45887383274449006,0.6555694264254767,0.7594281964795407,12.606666666666667,0.7058140134904557,150.0,robotics
max_ret_21d,0.061439717489312276,0.04030297431923282,1.260477163800039,2.3758986714589168,0.022656075263480617,0.026087398103984707,0.036477219597704925,0.05036224384486599,0.07158283429634583,0.12726641415192727,0.16081762926791865,12.606666666666667,0.646319063224586,150.0,robotics
mom_12_1,0.30661253401999083,0.567139559497199,0.9824740980751676,2.543395610648956,-0.3040519411205559,-0.21391814129083617,0.0024937608916922767,0.1977583966871563,0.44936835092751265,1.0661705737918128,1.8268152213991706,12.606666666666667,0.6030411074773999,150.0,robotics
net_debt_ebitda,-0.3509266014089768,4.557100702628054,-0.30426763716160593,1.5983133226534525,-8.585547834865785,-6.229930321676309,-1.9241351889983653,-0.357556428270427,1.5978117787470276,5.1666842483930004,6.339600627954565,9.406666666666666,0.3677471425615007,150.0,robotics
ocf_ev,0.028761818953987113,0.12016969981746409,-0.8780324534703569,4.615810620849591,-0.17978448765594976,-0.08552321466775387,0.013218107144028034,0.029793419925065744,0.04502292995487352,0.08303697276843308,0.3367823356913315,12.34,0.8532398104240055,150.0,robotics
profitable_growth,1.1546534280125196,0.4184425976676847,-0.24862777155606364,-0.3522150488629708,0.4846394814199049,0.5880432133723352,0.9114775244549721,1.1688197856229832,1.4209579154012635,1.6762187517161633,1.7472069173150395,10.181208053691275,0.20381960709396202,149.0,robotics
share_issuance,0.039501019028439416,0.1331139186410261,0.6682711651666783,5.190492633997733,-0.12461927897064723,-0.05604831572994132,-0.004368361054482483,0.012163857396725274,0.044108084528626086,0.22088252664522154,0.38690004659771465,12.5,0.4455698518594983,150.0,robotics
sue,0.3117337340253316,1.3273636021124833,0.2978274888366272,0.8254814199230044,-1.7329372356939003,-1.3847264708096578,-0.3834618853867805,0.21295164012402418,0.874025979428538,2.1617391783743316,2.726243722362682,12.342281879194632,0.45576263534529626,149.0,robotics
sue_announce,0.4438431649016289,1.2849922636011288,0.387236538137289,0.2947723990874219,-1.3039307406883824,-1.073955297971597,-0.33097892675645446,0.32738769582533345,1.0853047271514933,2.2395592397988557,2.6602507904048776,9.09433962264151,0.31309687315531864,106.0,robotics
asset_growth,0.39158781807157533,0.7802913802405053,2.7404301924286334,9.833212490807181,-0.4170536454485645,-0.24766299438993802,-0.028226552317205996,0.1509340196583571,0.5100433088251379,1.8902248449392864,4.015132358097353,140.4808743169399,0.2377952050724659,183.0,biotech
capex_at,0.01726095029538466,0.020256855222472826,2.277775754365467,6.772130227214166,0.00026973938080627395,0.0007770265223551009,0.003980546519825452,0.0103779791416838,0.02296638324155234,0.05578210798345697,0.10681608958479555,133.89071038251367,0.19743142668454466,183.0,biotech
cash_runway_years,6.017715642492046,3.783829935733727,-0.13950387694728839,-1.3793875679693715,0.3240342903628757,0.8533817013703686,2.4847638778093315,6.094785753512896,10.0,10.0,10.0,141.71038251366122,0.21320116364689526,183.0,biotech
cop_at,-0.12220811902582368,0.27836176750747155,-0.9355847809637341,1.534593060651523,-1.0835108278843488,-0.6067678524561053,-0.2792744919305396,-0.08528127100607946,0.09033190694531026,0.21991264763924323,0.3851392054045238,141.70491803278688,0.2284865759087573,183.0,biotech
dist_52w_high,-0.26849604495719276,0.18543695453960055,-0.7185648074750646,-0.019461891546290657,-0.7536181872550121,-0.6072995239741598,-0.3875775609231573,-0.23759929964258553,-0.11808443306158392,-0.03319074722393875,-0.010229177368004135,143.5792349726776,0.45783486601656065,183.0,biotech
droe,-0.005561632897093334,0.24175082445544385,-0.05372315521016974,7.337830914760243,-0.8720566993752683,-0.35754555295611207,-0.049264546347858824,-0.003077720290028503,0.0414180497787115,0.33576819688281156,0.8417286085024197,125.17486338797814,0.12468650006945219,183.0,biotech
ear_3d,0.006900076130694407,0.09912701352708206,0.46060625436733654,3.536103258533968,-0.2803780060745832,-0.1362300372745276,-0.04451940559699122,0.00174746235767179,0.0536875388091318,0.16468364278237294,0.37362856681589274,130.59016393442624,0.10425247769151849,183.0,biotech
ebit_ev,-0.10110952608074913,0.2937946595675753,-2.828338106388108,18.131266698318164,-2.295862944815071,-0.41358787580636563,-0.13695575360974863,-0.047521186731467754,0.02037281078183588,0.08984033073262171,0.31133463569522984,133.0054644808743,0.303151087070137,183.0,biotech
gross_profitability,0.3128074009327743,0.20882649658734898,0.8274694451060501,0.9491525611184682,-0.009360915181808212,0.04055527376487984,0.16616942230212972,0.2807347527851481,0.4296408980770063,0.6844152087332941,0.9730561659753107,74.72131147540983,0.209867597198965,183.0,biotech
idio_vol_60d,0.5462708000450782,0.3718753228725835,2.5125332386305974,11.289437962124302,0.13775858484000372,0.19312304656017246,0.3372222884967317,0.47900585844345916,0.6441877447909589,1.09561641622635,2.6394125861048585,143.5846994535519,0.296370422448966,183.0,biotech
max_ret_21d,0.0829501319145977,0.09278453420099274,3.828566481889657,20.87695879457188,0.013759250474488822,0.022683070214207273,0.0406414070548037,0.060410475325660046,0.09090408413618375,0.19890580504030697,0.6992401671874066,143.5846994535519,0.2343903987477962,183.0,biotech
mom_12_1,0.43607425874435773,1.1106971256239937,2.8230005176772854,13.545565943302433,-0.6712100369572279,-0.4540365445400579,-0.11110147738641243,0.16865308027334272,0.6058011223090477,2.0939544398648207,7.056940111324614,143.54644808743168,0.36416973733822067,183.0,biotech
net_debt_ebitda,0.46136010122971416,8.309314968974462,1.00501632596743,6.928656485541023,-17.187985772421346,-11.356882383304828,-2.11817885706642,0.040443692087059266,2.5664070737196596,12.170251322758666,31.84174067250791,43.41530054644809,0.16341378400507303,183.0,biotech
ocf_ev,-0.05921703367258859,0.23299421591325803,-2.4125373703781134,15.581514922949443,-1.684396575306203,-0.3156044140355929,-0.0970595042688725,-0.02129213449083891,0.03954590109137728,0.10627939928759005,0.35381742377237957,140.66120218579235,0.28444601775667805,183.0,biotech
profitable_growth,1.0755447586265603,0.4170157383291623,0.08200132015474258,-0.5244915912806749,0.2460286567872467,0.43061616961478105,0.7858718410903404,1.0616514822617824,1.3596889610330296,1.7648847247226518,1.9085398113811303,52.50819672131148,0.054497600561231097,183.0,biotech
share_issuance,0.10484306460211958,0.19116843578633774,2.7429463771835763,13.14421044418208,-0.18000929143103825,-0.03424412692889022,0.0072426715864864905,0.045192418008829234,0.1454094110380612,0.3949164970177911,1.1347340815173685,138.0054644808743,0.24823840390757881,183.0,biotech
sue,-0.26884213329683276,1.4152469179137186,-0.28844248176733434,0.29850106134801496,-4.0898798886148215,-2.7212914591931887,-1.091277875335991,-0.14043053771056632,0.578460026803006,1.959713681382401,2.908142263317972,137.94535519125682,0.15856124597681104,183.0,biotech
sue_announce,0.3776243347704245,1.4891757104404346,0.2632846796192686,0.5232101996515919,-2.7330631791769084,-1.8390377038503976,-0.494267234107596,0.24272851077308416,1.2323900500744158,2.814786747962367,3.9764853291769695,51.89071038251366,0.2204815892745237,183.0,biotech
asset_growth,0.39158781807157533,0.7802913802405053,2.7404301924286334,9.833212490807181,-0.4170536454485645,-0.24766299438993802,-0.028226552317205996,0.1509340196583571,0.5100433088251379,1.8902248449392864,4.015132358097353,140.4808743169399,0.2377952050724659,183.0,biotech/biotech_all
capex_at,0.01726095029538466,0.020256855222472826,2.277775754365467,6.772130227214166,0.00026973938080627395,0.0007770265223551009,0.003980546519825452,0.0103779791416838,0.02296638324155234,0.05578210798345697,0.10681608958479555,133.89071038251367,0.19743142668454466,183.0,biotech/biotech_all
cash_runway_years,6.017715642492046,3.783829935733727,-0.13950387694728839,-1.3793875679693715,0.3240342903628757,0.8533817013703686,2.4847638778093315,6.094785753512896,10.0,10.0,10.0,141.71038251366122,0.21320116364689526,183.0,biotech/biotech_all
cop_at,-0.12220811902582368,0.27836176750747155,-0.9355847809637341,1.534593060651523,-1.0835108278843488,-0.6067678524561053,-0.2792744919305396,-0.08528127100607946,0.09033190694531026,0.21991264763924323,0.3851392054045238,141.70491803278688,0.2284865759087573,183.0,biotech/biotech_all
dist_52w_high,-0.26849604495719276,0.18543695453960055,-0.7185648074750646,-0.019461891546290657,-0.7536181872550121,-0.6072995239741598,-0.3875775609231573,-0.23759929964258553,-0.11808443306158392,-0.03319074722393875,-0.010229177368004135,143.5792349726776,0.45783486601656065,183.0,biotech/biotech_all
droe,-0.005561632897093334,0.24175082445544385,-0.05372315521016974,7.337830914760243,-0.8720566993752683,-0.35754555295611207,-0.049264546347858824,-0.003077720290028503,0.0414180497787115,0.33576819688281156,0.8417286085024197,125.17486338797814,0.12468650006945219,183.0,biotech/biotech_all
ear_3d,0.006900076130694407,0.09912701352708206,0.46060625436733654,3.536103258533968,-0.2803780060745832,-0.1362300372745276,-0.04451940559699122,0.00174746235767179,0.0536875388091318,0.16468364278237294,0.37362856681589274,130.59016393442624,0.10425247769151849,183.0,biotech/biotech_all
ebit_ev,-0.10110952608074913,0.2937946595675753,-2.828338106388108,18.131266698318164,-2.295862944815071,-0.41358787580636563,-0.13695575360974863,-0.047521186731467754,0.02037281078183588,0.08984033073262171,0.31133463569522984,133.0054644808743,0.303151087070137,183.0,biotech/biotech_all
gross_profitability,0.3128074009327743,0.20882649658734898,0.8274694451060501,0.9491525611184682,-0.009360915181808212,0.04055527376487984,0.16616942230212972,0.2807347527851481,0.4296408980770063,0.6844152087332941,0.9730561659753107,74.72131147540983,0.209867597198965,183.0,biotech/biotech_all
idio_vol_60d,0.5462708000450782,0.3718753228725835,2.5125332386305974,11.289437962124302,0.13775858484000372,0.19312304656017246,0.3372222884967317,0.47900585844345916,0.6441877447909589,1.09561641622635,2.6394125861048585,143.5846994535519,0.296370422448966,183.0,biotech/biotech_all
max_ret_21d,0.0829501319145977,0.09278453420099274,3.828566481889657,20.87695879457188,0.013759250474488822,0.022683070214207273,0.0406414070548037,0.060410475325660046,0.09090408413618375,0.19890580504030697,0.6992401671874066,143.5846994535519,0.2343903987477962,183.0,biotech/biotech_all
mom_12_1,0.43607425874435773,1.1106971256239937,2.8230005176772854,13.545565943302433,-0.6712100369572279,-0.4540365445400579,-0.11110147738641243,0.16865308027334272,0.6058011223090477,2.0939544398648207,7.056940111324614,143.54644808743168,0.36416973733822067,183.0,biotech/biotech_all
net_debt_ebitda,0.46136010122971416,8.309314968974462,1.00501632596743,6.928656485541023,-17.187985772421346,-11.356882383304828,-2.11817885706642,0.040443692087059266,2.5664070737196596,12.170251322758666,31.84174067250791,43.41530054644809,0.16341378400507303,183.0,biotech/biotech_all
ocf_ev,-0.05921703367258859,0.23299421591325803,-2.4125373703781134,15.581514922949443,-1.684396575306203,-0.3156044140355929,-0.0970595042688725,-0.02129213449083891,0.03954590109137728,0.10627939928759005,0.35381742377237957,140.66120218579235,0.28444601775667805,183.0,biotech/biotech_all
profitable_growth,1.0755447586265603,0.4170157383291623,0.08200132015474258,-0.5244915912806749,0.2460286567872467,0.43061616961478105,0.7858718410903404,1.0616514822617824,1.3596889610330296,1.7648847247226518,1.9085398113811303,52.50819672131148,0.054497600561231097,183.0,biotech/biotech_all
share_issuance,0.10484306460211958,0.19116843578633774,2.7429463771835763,13.14421044418208,-0.18000929143103825,-0.03424412692889022,0.0072426715864864905,0.045192418008829234,0.1454094110380612,0.3949164970177911,1.1347340815173685,138.0054644808743,0.24823840390757881,183.0,biotech/biotech_all
sue,-0.26884213329683276,1.4152469179137186,-0.28844248176733434,0.29850106134801496,-4.0898798886148215,-2.7212914591931887,-1.091277875335991,-0.14043053771056632,0.578460026803006,1.959713681382401,2.908142263317972,137.94535519125682,0.15856124597681104,183.0,biotech/biotech_all
sue_announce,0.3776243347704245,1.4891757104404346,0.2632846796192686,0.5232101996515919,-2.7330631791769084,-1.8390377038503976,-0.494267234107596,0.24272851077308416,1.2323900500744158,2.814786747962367,3.9764853291769695,51.89071038251366,0.2204815892745237,183.0,biotech/biotech_all
asset_growth,0.12735620607491907,0.3415482759861962,3.697778075143051,19.971016205054994,-0.32507288179389654,-0.13407369159995133,-0.005801421198096149,0.05467448503598604,0.13228734831595124,0.6280888192296044,2.3420664866595944,140.1639344262295,0.17110947243128516,183.0,energy
capex_at,0.0815234073535416,0.06467938804537245,1.6577699477846075,3.994591396809883,0.000451738768296813,0.006986407760768128,0.038973006979981184,0.06851819887711509,0.10448384203324396,0.205920656781339,0.3424765551946891,131.28415300546447,0.2618258121842138,183.0,energy
cash_runway_years,6.64856394679646,4.419965753031912,-0.6418473247144031,-1.4778249286582175,0.008573595758511438,0.050991756576667845,1.1297853996732115,10.0,10.0,10.0,10.0,139.34972677595627,0.11396120960958171,183.0,energy
cop_at,0.096627630984553,0.07172817059432603,0.512696690669882,5.114969379055077,-0.12876976496629416,0.003440465009763587,0.05762538325874598,0.08208713538631703,0.1318857363353634,0.2208545605218861,0.3506045158456642,139.34972677595627,0.18109415119225647,183.0,energy
dist_52w_high,-0.1932521180208985,0.15863030194644903,-1.2001614579697713,1.3204175121562032,-0.6845823933281049,-0.5038273413937749,-0.28156706301578543,-0.15044677580179375,-0.0663777518119771,-0.02382273667428834,-0.010418449592978943,142.46994535519124,0.46873871027811165,183.0,energy
droe,-0.002759673763958393,0.1286931777995617,-0.6827820884911915,14.182401802450206,-0.5728584021831674,-0.15022540611181429,-0.022969590668847205,-0.0002563562313840326,0.0224018283498344,0.14171366610156658,0.4726759938950507,126.79234972677595,0.29512319676759485,183.0,energy
ear_3d,0.0024366568525541654,0.06599625153184775,0.18635106806056925,3.0927033696042887,-0.20120198924762722,-0.09858291733481032,-0.02950324051990898,0.0014972203723524374,0.03327954967218214,0.1055294500968864,0.23054990904620462,131.70491803278688,0.12934692855104254,183.0,energy
ebit_ev,0.05130592528473419,0.20020125003453448,-0.961363371893838,19.036116583778348,-0.5714295373462359,-0.11008900940501894,0.02033183387381675,0.0520431606566352,0.08404610978653165,0.17063337246562738,1.2137253151019334,124.06010928961749,0.310094809528309,183.0,energy
gross_profitability,0.17185404905029597,0.17644874084171422,0.1080689024099362,7.9078552450337405,-0.4046867275659022,0.013908999986191429,0.0911784041971249,0.14830158857891554,0.22974626312363886,0.4468794113772209,0.7114623568729355,66.10382513661202,0.2130703959439858,183.0,energy
idio_vol_60d,0.35718345066741114,0.24593254588536556,1.6846875121707812,6.510672365940705,0.11429297362734589,0.15529403130618333,0.19865669208660536,0.3134170481779875,0.4484087816383005,0.7028240469450955,1.7671241444879946,142.50273224043715,0.47659416916290037,183.0,energy
max_ret_21d,0.04957750847244634,0.03641478664819036,2.2409394656485193,8.217645616759583,0.011075118253199446,0.016858300169048636,0.025345390008426952,0.04014644049438589,0.06139596301693218,0.11389117899453845,0.2320418483384486,142.54644808743168,0.5672128255695934,183.0,energy
mom_12_1,0.20056052711519337,0.7109895162426244,2.2461319135885245,14.75984871035716,-0.581572852833746,-0.35206183047893524,-0.10240041346485972,0.0876833434391975,0.3213899410690843,0.9928761728771108,5.310905893489224,142.63387978142077,0.546858756631617,183.0,energy
net_debt_ebitda,3.8330240065450316,4.730374833625075,2.4098066597468257,13.20424046758299,-6.367974232863127,-0.8371554892759882,1.4692728662197936,3.3368585467251703,5.07840187840652,9.809139555843243,29.506707422653964,112.49180327868852,0.1951855192902793,183.0,energy
ocf_ev,0.10443800663736894,0.08744580822835743,1.2923523217732018,6.9780565620486055,-0.1432782902634754,0.006330373927050221,0.058790587194738356,0.08345619961093614,0.13780177535298743,0.2527007339984129,0.4754972908563646,139.33879781420765,0.19652320631514542,183.0,energy
oil_beta_trend,-0.02436981150942617,0.3783576087733385,-0.3635466694865057,8.220075121453053,-1.594588885875921,-0.4430095717994213,-0.19958343914466545,-0.02443212927152751,0.16353360483941803,0.40935755120290707,0.9854182398641487,89.7103825136612,1.214061849247165,183.0,energy
profitable_growth,1.007975494918645,0.40651727683253214,0.06961795458777068,-0.6324839875560452,0.18705172353755015,0.3640590228663618,0.7129513768747664,0.9978973909905487,1.2975779492906474,1.6752107994881662,1.867453710792991,122.02185792349727,0.055417681639738876,183.0,energy
share_issuance,0.04714195244370377,0.1908548262339493,2.6726091715593285,19.198553677864886,-0.4454904632666408,-0.060144599496968605,-0.002145456497107949,0.004754918756053326,0.03697547262996602,0.3066082421808764,1.1400123625719647,133.1584699453552,0.1276496781986149,183.0,energy
sue,0.10841833596284783,1.0684108824389043,0.05108343641357671,0.4302842427145584,-2.5082088450457505,-1.6530917412943498,-0.5157903509551314,0.07570322814352554,0.7532256490075143,1.877662718600491,2.8652762256307476,135.8087431693989,0.2904721666031999,183.0,energy
sue_announce,0.19886516240744065,1.1540531936428446,0.20654048402892441,0.2602747641573058,-2.347707286835474,-1.555886205866063,-0.5922973738156772,0.15083945025083223,0.9280633630660712,2.0722462519582394,3.1860950368357126,82.06010928961749,0.3053521595345018,183.0,energy
asset_growth,0.13643194315429824,0.380080513321609,3.471840221408866,18.199359186920393,-0.31139217926574186,-0.15520069147543772,-0.022248554617196967,0.05004412963042029,0.15571945617211355,0.6842511266991453,2.3821731806016015,89.31693989071039,0.22061847855814032,183.0,energy/oil_gas
capex_at,0.09277587392121359,0.07500081046303579,1.4880633215481875,2.910509065389016,0.0012531034923791676,0.00942823775046507,0.03900525006126344,0.07386551021855634,0.1260417727120388,0.2324312850592117,0.3612155068388464,84.65027322404372,0.3380615484886798,183.0,energy/oil_gas
cash_runway_years,7.390941676649073,3.906031454329071,-1.2534622481048618,0.49816908948268607,0.03106173352133717,0.18664672732581317,5.037314251839919,9.857665289955257,10.0,10.0,10.0,88.89617486338798,0.3247007475784442,183.0,energy/oil_gas
cop_at,0.11853747413252258,0.07633712466396603,0.5427602270518672,5.27746054654452,-0.08455485648801397,0.017918097456694378,0.07399955712284337,0.11077229694487085,0.15617007567550611,0.2417173151278814,0.37849086578691427,88.89617486338798,0.2979707770597353,183.0,energy/oil_gas
dist_52w_high,-0.22773747251869092,0.14471745915683573,-0.8333692341021536,0.5670712943760569,-0.6272596903846223,-0.49461991385424736,-0.3150246571974631,-0.20528580701413468,-0.11550046920302752,-0.043737729296690495,-0.02102443442079157,91.21311475409836,0.7380367176898733,183.0,energy/oil_gas
droe,-0.005463937134412006,0.14767254590325513,-0.8927809365920664,10.581338416388414,-0.5812597086059481,-0.1937559997577352,-0.034158298744485616,-0.0014174101278596127,0.03236962550176999,0.17609654520601337,0.4386986632606357,77.06010928961749,0.40369958565017616,183.0,energy/oil_gas
ear_3d,0.002616897622869008,0.06677308575947924,0.1541274117792308,2.275341574923271,-0.18052332627570997,-0.10252679816271533,-0.033112293490874516,0.0025413294585304555,0.0373061464219801,0.10458513832710735,0.21188206962574876,85.08196721311475,0.14698731273729115,183.0,energy/oil_gas
ebit_ev,0.06483622394911984,0.26987927475277945,-0.05999921215123294,7.395729677769834,-0.335556580406712,-0.1357074641287041,0.0004300788613887203,0.0526103706198295,0.10226780015777621,0.19841169914791243,1.6022959712381426,75.65573770491804,0.4462572723647953,183.0,energy/oil_gas
gross_profitability,0.17735396482437846,0.19968368494609967,0.03383408642335897,6.885662355883142,-0.42790958168993726,0.0038517981661129515,0.0936853461663733,0.15432056063115138,0.23787774965478217,0.47541602695873453,0.7227701399076695,46.30601092896175,0.2546444438547579,183.0,energy/oil_gas
idio_vol_60d,0.4134937951905607,0.2737079619342857,1.2506693419389843,4.075040605144538,0.15112622824854297,0.19493127718573175,0.2897856707898408,0.3752432396102792,0.4866237799717844,0.6765038479647543,2.0346791193479623,91.24590163934427,0.646683928446723,183.0,energy/oil_gas
max_ret_21d,0.056317652098347236,0.03274565200167849,2.0270154705152725,7.236629314438486,0.015590872479979003,0.022224160771590295,0.03553372631404012,0.04913897328972253,0.06825078316308203,0.11118049144980748,0.2056336446010141,91.2896174863388,0.795843765000022,183.0,energy/oil_gas
mom_12_1,0.22684809224971894,0.8613874728790839,1.8269005706061434,10.153879624261528,-0.5169444441822946,-0.3395214899408146,-0.10530582624547827,0.08865527103524072,0.33586919158633743,1.0230023133062827,6.149938676940841,91.38251366120218,0.6927932768956027,183.0,energy/oil_gas
net_debt_ebitda,3.3134921196163494,4.680672187947382,2.585884330110499,13.240611245979837,-4.395929885879941,-0.6005863995333113,0.831046301710811,2.2719927213470124,4.460207186612987,9.847408179498169,26.241585098175314,67.38251366120218,0.2759094557094378,183.0,energy/oil_gas
ocf_ev,0.12397407989839554,0.0871684285609707,1.1110266222623173,2.6573397875743554,-0.050758427272206,0.018140766175557103,0.06742857496910624,0.10611188231444743,0.16718903101140223,0.274562056701683,0.4426412066296152,88.89617486338798,0.3494488946583743,183.0,energy/oil_gas
oil_beta_trend,-0.02436981150942617,0.3783576087733385,-0.3635466694865057,8.220075121453053,-1.594588885875921,-0.4430095717994213,-0.19958343914466545,-0.02443212927152751,0.16353360483941803,0.40935755120290707,0.9854182398641487,89.7103825136612,1.214061849247165,183.0,energy/oil_gas
profitable_growth,1.0593672660283766,0.39458969073470646,-0.02187726194059001,-0.4590443749537096,0.22968411108571027,0.4203754632242718,0.7928348118677133,1.0526767240253607,1.3379080397408827,1.6935384642635338,1.8679000051094479,79.50273224043715,0.2483174445082465,183.0,energy/oil_gas
share_issuance,0.05294288877515587,0.18634401680119086,2.351512350771773,13.921962638971229,-0.3636553594845537,-0.06829025148861502,-0.009283279751686326,0.004849027319888894,0.04903210550600245,0.3511391636539482,0.9845799317816231,83.81420765027322,0.15919143166748426,183.0,energy/oil_gas
sue,0.08068228531801491,1.0648819056131777,0.14733956276750698,0.6798000365674534,-2.390428321848374,-1.6016145343010666,-0.5573083034519678,0.03906450814366104,0.7108131665183385,1.8376723796727579,2.846322870412481,86.06010928961749,0.4156889617837184,183.0,energy/oil_gas
sue_announce,0.17449580037020443,1.1644336374033284,0.24905436447305293,0.6532692456122797,-2.177787381997282,-1.4863578733173048,-0.5981553173778016,0.1023075639109524,0.8988749917525989,2.0373658939243198,3.040113834351169,47.666666666666664,0.47664189520523564,183.0,energy/oil_gas
asset_growth,0.06530772863034101,0.08625974606965486,0.5496344656395697,5.9599760479303985,-0.0900950072268291,-0.020467167533454286,0.03370448198809786,0.056969666193840945,0.08166137756133195,0.17682220160313813,0.3196240732817099,21.48633879781421,0.2924551411979467,183.0,energy/power_utilities
capex_at,0.07190641271824794,0.021604613042288435,-0.2454085461099739,1.2052968679541176,0.02453255184129533,0.040029425712709246,0.06139973075093505,0.07285200260942121,0.08344483222983737,0.10196695925219545,0.11393318424218765,18.89071038251366,0.28458880788100577,183.0,energy/power_utilities
cash_runway_years,4.5129276905622335,4.364616080180997,0.37040291535678316,-0.6340134227904884,0.09169492866209086,0.15638057090728513,0.797398094325767,4.242597085630222,7.770732173833482,9.986868882217177,10.0,21.25136612021858,0.432643479250398,183.0,energy/power_utilities
cop_at,0.06279489107048751,0.020234620799719057,-0.11314828674824753,3.4493163413047885,0.015528374111162849,0.03768786788294482,0.05464471862846127,0.06435088915375868,0.07154415939058027,0.08501814648202664,0.10386433952026082,21.25136612021858,0.5975436351797835,183.0,energy/power_utilities
dist_52w_high,-0.08817166283744242,0.06696361783149098,-1.7434871529977554,4.965201605234981,-0.29806242334914707,-0.1862242301634497,-0.10527881525076085,-0.07151084944589549,-0.04999082157785688,-0.027911713842654798,-0.020631379625932266,21.628415300546447,0.8285476887010763,183.0,energy/power_utilities
droe,0.0010289688605052319,0.03841983720303829,0.21016423195603756,8.225522834073455,-0.08332138938760608,-0.03208360670515798,-0.006239446259983128,-1.2331305574498459e-05,0.005679593580909152,0.04043438667741335,0.1018262588401484,21.56830601092896,0.3610888945801663,183.0,energy/power_utilities
ear_3d,-0.00012834021647490612,0.03628074028586006,-0.09243359798110073,1.478956035219365,-0.07518780498990957,-0.047240495298664864,-0.019444848706178873,-0.0006077379348118534,0.019568056935373442,0.049001176336963735,0.07046271811953304,19.37704918032787,0.40193955313904955,183.0,energy/power_utilities
ebit_ev,0.0397339205725021,0.06520562870497963,-1.5588296038037142,5.801307254070879,-0.22576550055550018,0.024295135408423627,0.045125728124070716,0.052056098911046234,0.059488627700506884,0.07034196835869343,0.07612641288935831,20.469945355191257,0.9237250119319856,183.0,energy/power_utilities
gross_profitability,0.15224945325309286,0.050623824701716634,0.37441501828567275,0.2122986801158913,0.0825583672603643,0.09367542782908676,0.12382795596426069,0.1454578808678709,0.17519373025534268,0.22063131424433838,0.23232449538663044,8.064,0.3331645654384842,125.0,energy/power_utilities
idio_vol_60d,0.19870527623917236,0.09468084878616975,2.01072659872133,7.422458422976015,0.1281734159118736,0.1469118081986398,0.16264404783219866,0.17548229975456558,0.1976675664417896,0.2680183154524495,0.5682854129835301,21.628415300546447,0.7396210820571064,183.0,energy/power_utilities
max_ret_21d,0.02696665464504223,0.01851780047358984,1.8056289420873832,5.663097596195558,0.013069717387303692,0.015746368768128616,0.019395595227086063,0.022707549408878147,0.027459013663501057,0.041781196901966786,0.09695977270764657,21.628415300546447,0.9829629323415052,183.0,energy/power_utilities
mom_12_1,0.10106190964430069,0.14255532262347154,0.1633235610696454,2.8823772252924513,-0.19261348301779102,-0.08320753551194411,0.03447469765918902,0.09900686849525936,0.16403552022591203,0.28258207200837937,0.43504123000552203,21.62295081967213,0.7079602400287018,183.0,energy/power_utilities
net_debt_ebitda,5.381401884811734,3.0486463548405474,2.3948151191022737,8.097999258089683,2.7971972185622014,3.470325384967609,4.12878941510206,4.561737854452117,5.304809712402251,9.621124728539641,16.173224208093945,20.21311475409836,0.4315569976257447,183.0,energy/power_utilities
ocf_ev,0.07616338981172247,0.04092115414388373,0.0803990306539895,3.9283273643857743,0.004126126657799251,0.04086602472738479,0.062355460290292784,0.07355809428560992,0.08638578766488858,0.10701537476584712,0.19070474222240633,21.24590163934426,0.6014209357948402,183.0,energy/power_utilities
profitable_growth,0.831786118686204,0.30713812889419423,0.6455366521550248,0.18555582299488335,0.37624979216380783,0.4503343113542148,0.6204619479215995,0.783808513937485,0.9953549647367474,1.3544484917529858,1.4757826653822201,19.273224043715846,0.5436251617317236,183.0,energy/power_utilities
share_issuance,0.02430785068588429,0.10132113023857658,1.1314985089349427,8.22024027984547,-0.1529566460518061,-0.03756420681427153,0.0016020033536977853,0.007925916937247623,0.026509517943714013,0.12976852199462313,0.32331132978482774,21.404371584699454,0.358982861950914,183.0,energy/power_utilities
sue,0.17821991686198413,0.9798539614982484,0.07499176321340362,0.5091742489842671,-1.723260433406746,-1.276982472618589,-0.3876074505818994,0.16299514482219143,0.7523888505746279,1.64401080565972,2.0989872897665753,21.131147540983605,0.29783314948801687,183.0,energy/power_utilities
sue_announce,0.1871687537253312,0.977556723449207,-0.02812647750087981,-0.021829666353440177,-1.5433064486225603,-1.2211728314605796,-0.4079673668444957,0.2103035987827069,0.7754502661575945,1.5633221776186899,1.8320690020489985,14.40983606557377,0.40702607924936024,183.0,energy/power_utilities
asset_growth,0.12864552436745097,0.23338553185441688,1.9018875832844129,6.484261891817427,-0.14562866672981756,-0.059537558500692915,0.028066305702907222,0.06519963075652958,0.13282728816628264,0.5044414652819058,0.9505641762525007,24.262295081967213,0.3280561641160608,183.0,energy/renewables
capex_at,0.05613553742935852,0.033435043732938534,0.08492700226534493,-0.28577756231121465,0.004858274850299827,0.008996588512160836,0.030979964450939125,0.05748132904720711,0.07704458647747806,0.10488697117165634,0.11968222532885674,22.726775956284154,0.16122775769504064,183.0,energy/renewables
cash_runway_years,6.196409348717642,4.409887055876357,-0.4852133937816117,-1.3255417748985094,0.12498898568236633,0.20886027272924756,2.2217610649621937,7.751600370759705,10.0,10.0,10.0,24.169398907103826,0.2654306929967029,183.0,energy/renewables
cop_at,0.062204711585049095,0.04958533548922772,0.2671020856592162,2.848770025417635,-0.054396262444967314,-0.012629174138061328,0.046198161544293945,0.061463706822615045,0.07715790902825816,0.13888682982666975,0.1802185751599507,24.169398907103826,0.28093891913892743,183.0,energy/renewables
dist_52w_high,-0.16167093781020406,0.14662904844427502,-1.3006835319186019,1.4670687374976155,-0.5257561832979293,-0.43604546438361824,-0.2252646810578051,-0.10744445334544911,-0.057795578608850116,-0.02654701455648908,-0.017029048805170435,24.40983606557377,0.5207928730568797,183.0,energy/renewables
droe,-0.0005011497675722608,0.08772319892395775,0.2832375917624853,8.71176855872537,-0.22592332769951512,-0.09728967480216205,-0.012383647680910832,-0.0006031494352810064,0.010495504402187928,0.0828274549379903,0.2524157818442693,23.51912568306011,0.23738936677217107,183.0,energy/renewables
ear_3d,0.0029270991862388606,0.07332677055174663,0.33653314874905915,2.5484257224371336,-0.14611916411871112,-0.10129984852902844,-0.029237193175704626,-0.00046798488416712136,0.03331852612848054,0.1112225203177289,0.18045326768928013,22.57377049180328,0.31043728850313973,183.0,energy/renewables
ebit_ev,0.025696548976774824,0.1166427942520232,-1.49274073155018,6.0484779996013645,-0.4694208083131597,-0.06813676549007669,0.03210002203906924,0.04980786004238722,0.06074054986308368,0.09252637280699531,0.11987196771360391,22.868852459016395,0.62359563628513,183.0,energy/renewables
gross_profitability,0.16915944231082955,0.13005895917842422,0.9568064516578357,0.5135891277255582,0.021052492452201622,0.04988052541476496,0.07857414297496312,0.1288264775516452,0.23661883961940325,0.3703066071827122,0.43303516122255065,11.587912087912088,0.2296842841750427,182.0,energy/renewables
idio_vol_60d,0.3042553167655767,0.19212717675201002,1.6631718218389802,2.7704072647189135,0.1206547992410906,0.1442070886875719,0.1754889745970106,0.22716862154631354,0.3749691151152361,0.6505462064671604,0.8523221164590884,24.40983606557377,0.5280629046245705,183.0,energy/renewables
max_ret_21d,0.044187222530576484,0.036678838383156685,1.9379542198629358,4.410340595873893,0.012980110647025521,0.01597984768919336,0.02176379367289082,0.030631894678212316,0.05295395149573414,0.10720001097898839,0.16169745818565495,24.40983606557377,0.5380101148243512,183.0,energy/renewables
mom_12_1,0.20911312842880828,0.6310477968198054,1.267326559061643,5.733434389700692,-0.38501328343734487,-0.27505302867804854,-0.037637046693789485,0.09998642868984245,0.23913863424523477,0.8924370124533012,2.7360403700146505,24.40983606557377,0.5392245061466024,183.0,energy/renewables
net_debt_ebitda,3.904285888712956,4.959499587853971,0.47955385877438644,4.99145964457641,-4.9770458331410845,-2.4113873394753083,2.282599913794111,4.032469703806277,5.200638849824801,9.79878050480656,18.500380108515884,20.934426229508198,0.24002101689464672,183.0,energy/renewables
ocf_ev,0.07228525332349878,0.10902243546207875,1.0089555234951384,8.75237272903777,-0.2235450779185502,-0.012594227635645263,0.04860194785235097,0.06612627280580369,0.08861198371707289,0.18755568202600764,0.3397994673405586,24.16393442622951,0.42769163701227314,183.0,energy/renewables
profitable_growth,0.9842054264226286,0.38083316699265457,0.3191143177680813,-0.5673793002307022,0.39044222769421405,0.48561802158775014,0.6996574059937332,0.9380140163475688,1.2431843291754694,1.5860811463368243,1.693906676477488,20.530054644808743,0.47250948000818005,183.0,energy/renewables
share_issuance,0.03129456740859579,0.15060242130081739,1.9076651782131258,10.690104817674616,-0.17896419208579617,-0.08924274626279621,-0.0005280097377914022,0.005157327653279835,0.028514991084195977,0.24276432438937065,0.5085617266144413,23.147540983606557,0.33776221271419465,183.0,energy/renewables
sue,0.16011043399330852,1.035247594523833,0.12148962074103695,0.34008977973148313,-1.8200453716460283,-1.3968250729906693,-0.4323519766012991,0.12876351438378036,0.7504086618700933,1.737070931501815,2.2179745742855586,23.69945355191257,0.2427995143722285,183.0,energy/renewables
sue_announce,0.2905786927417927,1.0898040624613075,0.14946020846040112,0.1542439334569982,-1.6021874320941252,-1.2420263511548932,-0.3650037207840409,0.2337491175770621,0.9122501964914269,1.9410030225749233,2.3661388806585495,16.972677595628415,0.29871811506010204,183.0,energy/renewables
