scope,kind,factor,horizon,ic_mean,ic_nw_t,ic_nonoverlap_t,ic_hit_rate,months
havuz,pooled,asset_growth,21,0.014132500283017225,1.7286926047620708,1.7558655124817233,0.510989010989011,182
havuz,pooled,asset_growth,63,0.01800362547584366,1.5077742590570813,1.17528236291752,0.5777777777777777,180
havuz,pooled,asset_growth,126,0.032505307890902724,2.2548370372904234,1.7521781002764358,0.6271186440677966,177
havuz,pooled,capex_at,21,-0.013113453239586688,-1.6716655518255639,-1.7886149343625652,0.4340659340659341,182
havuz,pooled,capex_at,63,-0.021491296658925508,-1.7811165064021823,-0.8996909740793808,0.4166666666666667,180
havuz,pooled,capex_at,126,-0.02442416536037967,-1.585860300126838,-1.097731909812464,0.4067796610169492,177
havuz,pooled,cash_runway_years,21,0.0073333936225982435,0.7389772190395556,0.7967085764391942,0.5229885057471264,174
havuz,pooled,cash_runway_years,63,0.002446410828973185,0.1762931349551306,-0.23096116904664601,0.5,172
havuz,pooled,cash_runway_years,126,0.008070475429733577,0.45528258657383175,0.33224948911391305,0.5443786982248521,169
havuz,pooled,cop_at,21,-0.004656545421412569,-0.3373274594412041,-0.3434943281767024,0.47802197802197804,182
havuz,pooled,cop_at,63,-0.021030849149918603,-1.022478860514678,-1.1815779623734217,0.4777777777777778,180
havuz,pooled,cop_at,126,-0.032702746991762184,-1.143877741910556,-1.1672128151662324,0.4463276836158192,177
havuz,pooled,dist_52w_high,21,0.0426854600096189,2.5542810256424486,2.5507655593739593,0.5769230769230769,182
havuz,pooled,dist_52w_high,63,0.06339077679915803,3.249765518481318,2.7371884219324856,0.6333333333333333,180
havuz,pooled,dist_52w_high,126,0.08674294437643568,3.3687371209464665,3.3318931062343196,0.7457627118644068,177
havuz,pooled,droe,21,-0.0006349101793170645,-0.06062697502522974,-0.059212121485196674,0.5027624309392266,181
havuz,pooled,droe,63,-0.005193272786798927,-0.3509613662577243,0.3755495284785631,0.4860335195530726,179
havuz,pooled,droe,126,-0.016905050009246157,-0.9428758197550376,-0.6889789181348751,0.4602272727272727,176
havuz,pooled,ear_3d,21,0.0020077751054626684,0.30762173923801067,0.29817477462398023,0.489010989010989,182
havuz,pooled,ear_3d,63,-0.0009264409922822969,-0.1305647088189761,0.06019001571595291,0.5166666666666667,180
havuz,pooled,ear_3d,126,-0.0005414096375723934,-0.0505221590460765,0.40342987664773444,0.4971751412429379,177
havuz,pooled,ebit_ev,21,0.0025506517211571996,0.13315636478841206,0.1442666550816325,0.5,182
havuz,pooled,ebit_ev,63,-0.017082734411301585,-0.6538162100550893,-0.9698397056697785,0.46111111111111114,180
havuz,pooled,ebit_ev,126,-0.019609730009733276,-0.5695792781415013,-0.4525157224311639,0.4915254237288136,177
havuz,pooled,gross_profitability,21,0.0009739082010281281,0.0751261488376417,0.07710834157931917,0.521978021978022,182
havuz,pooled,gross_profitability,63,-0.015880182013861585,-0.8107304062147521,-0.47362250168729403,0.3888888888888889,180
havuz,pooled,gross_profitability,126,-0.006837388347506036,-0.25106248453032287,-0.2535555529677916,0.4293785310734463,177
havuz,pooled,idio_vol_60d,21,0.05472941900804892,3.0495182317581055,3.0667172777874976,0.6043956043956044,182
havuz,pooled,idio_vol_60d,63,0.07945823716405642,3.5247892691751805,2.8375116698706893,0.65,180
havuz,pooled,idio_vol_60d,126,0.11536701843399497,3.8906408947424658,3.456796420137878,0.7401129943502824,177
havuz,pooled,max_ret_21d,21,0.04424376535182449,2.7365816058762142,2.7372858329819136,0.5879120879120879,182
havuz,pooled,max_ret_21d,63,0.0689496945886325,3.4129211658928758,2.4044702546683134,0.6111111111111112,180
havuz,pooled,max_ret_21d,126,0.09354039378362736,3.455174491520413,2.6183200921302383,0.7175141242937854,177
havuz,pooled,mom_12_1,21,0.006573482930500782,0.5587766335186827,0.5734301950453816,0.4945054945054945,182
havuz,pooled,mom_12_1,63,0.010748959364598862,0.7478695269909587,0.9151931656550071,0.5444444444444444,180
havuz,pooled,mom_12_1,126,0.015833483674363193,0.7713712457941819,0.837906959966884,0.576271186440678,177
havuz,pooled,net_debt_ebitda,21,-0.013352589057538292,-0.6675101040397364,-0.7185261946502032,0.5054945054945055,182
havuz,pooled,net_debt_ebitda,63,-0.033991717992732116,-1.2868272499708422,-1.2633158909782412,0.48333333333333334,180
havuz,pooled,net_debt_ebitda,126,-0.05338945676629168,-1.554843199269502,-1.2925783798568657,0.4463276836158192,177
havuz,pooled,ocf_ev,21,0.013027798802662962,0.6347981664492693,0.6777572752028767,0.510989010989011,182
havuz,pooled,ocf_ev,63,0.007884468064170114,0.2739849399893627,-0.25656120536431865,0.5166666666666667,180
havuz,pooled,ocf_ev,126,0.009049083342660812,0.21232903694323288,0.015360677265564414,0.559322033898305,177
havuz,pooled,oil_beta_trend,21,0.008002990455915881,0.34173950774346384,0.34005003783628734,0.5439560439560439,182
havuz,pooled,oil_beta_trend,63,-0.01876194824544451,-0.5657178292147191,-0.005228099362254061,0.48333333333333334,180
havuz,pooled,oil_beta_trend,126,-0.015282841464054515,-0.40665939578426413,-0.6612686185260429,0.480225988700565,177
havuz,pooled,profitable_growth,21,,,-0.44237511261970136,0.4,5
havuz,pooled,profitable_growth,63,,,,0.4,5
havuz,pooled,profitable_growth,126,,,,0.2,5
havuz,pooled,share_issuance,21,0.03659517879120297,3.996004755075591,4.014222221319794,0.5879120879120879,182
havuz,pooled,share_issuance,63,0.050524836819654015,4.163571448052918,2.821888701332798,0.6555555555555556,180
havuz,pooled,share_issuance,126,0.07037398118627572,4.836219215130892,3.2223289105381236,0.7740112994350282,177
havuz,pooled,sue,21,7.613396069915529e-05,0.007336312448403766,0.00731356537800203,0.5056179775280899,178
havuz,pooled,sue,63,-0.0043215867752921695,-0.33913475493060385,0.44657413503020127,0.4943181818181818,176
havuz,pooled,sue,126,0.0011865680011239172,0.07182861007423329,0.565193247537581,0.48554913294797686,173
havuz,pooled,sue_announce,21,0.01901548680981896,1.8827718858119913,1.8432770020016451,0.554945054945055,182
havuz,pooled,sue_announce,63,0.02902221823403831,2.280160072529148,1.7063784462869085,0.5722222222222222,180
havuz,pooled,sue_announce,126,0.03870837015000151,2.5377321028768782,2.3872643607349664,0.6440677966101694,177
robotics,theme,asset_growth,21,0.0015219612103445745,0.04498467521632512,0.04137575635854921,0.5238095238095238,63
robotics,theme,asset_growth,63,0.023704875484895728,0.5085102798549185,-0.006504774488370484,0.5573770491803278,61
robotics,theme,asset_growth,126,0.05574902127160052,0.9324942160709243,0.17818279941480883,0.6206896551724138,58
robotics,theme,capex_at,21,-0.07391913125188129,-2.171758828414173,-2.1704931275324713,0.35185185185185186,54
robotics,theme,capex_at,63,-0.11252992055505852,-1.9732481895617484,-1.966322655290998,0.3076923076923077,52
robotics,theme,capex_at,126,-0.15086357851411242,-2.0802037368869035,-1.21471834716571,0.32653061224489793,49
robotics,theme,cop_at,21,,,3.363880873033633,1.0,5
robotics,theme,cop_at,63,,,,1.0,5
robotics,theme,cop_at,126,,,,0.8,5
robotics,theme,dist_52w_high,21,0.02663799310723527,0.6914736370621334,0.7300289304911438,0.5757575757575758,66
robotics,theme,dist_52w_high,63,0.008620351939923047,0.1859568180532543,0.7807418404155495,0.546875,64
robotics,theme,dist_52w_high,126,0.04947949451958993,0.9932035349778424,0.17267480569846727,0.6721311475409836,61
robotics,theme,droe,21,,,0.9352639828439441,0.8,5
robotics,theme,droe,63,,,,0.8,5
robotics,theme,droe,126,,,,1.0,5
robotics,theme,ear_3d,21,0.018380290688000966,0.43191918161129117,0.4953562572740198,0.5102040816326531,49
robotics,theme,ear_3d,63,0.0021070478215851583,0.043321511919758825,0.08419429910440435,0.44680851063829785,47
robotics,theme,ear_3d,126,0.012023952686772837,0.29142865317902517,-0.18617945226776578,0.5454545454545454,44
robotics,theme,gross_profitability,21,,,2.488179507934622,1.0,5
robotics,theme,gross_profitability,63,,,,1.0,5
robotics,theme,gross_profitability,126,,,,0.8,5
robotics,theme,idio_vol_60d,21,0.0492721783445177,1.3559276635246837,1.376541214871293,0.6060606060606061,66
robotics,theme,idio_vol_60d,63,0.08231822171608398,1.6996773873207802,2.088736109047146,0.65625,64
robotics,theme,idio_vol_60d,126,0.12453178620259774,2.160391794461998,0.9296103615400243,0.7049180327868853,61
robotics,theme,max_ret_21d,21,0.03354693088537114,0.9061270575825789,0.9644652242877666,0.5,66
robotics,theme,max_ret_21d,63,0.08692619883271595,1.831033687382124,1.770761767658249,0.59375,64
robotics,theme,max_ret_21d,126,0.09581655001007386,1.8917282803130773,0.24212394557786737,0.6557377049180327,61
robotics,theme,mom_12_1,21,0.03203469317576809,0.7961796357984375,0.8151296287339378,0.6060606060606061,66
robotics,theme,mom_12_1,63,0.015176667582989103,0.34511761150414333,-0.4625681131878857,0.5625,64
robotics,theme,mom_12_1,126,0.04139814448016245,0.7819653334890484,0.23161513133992503,0.5737704918032787,61
robotics,theme,profitable_growth,21,,,-0.44237511261970136,0.4,5
robotics,theme,profitable_growth,63,,,,0.4,5
robotics,theme,profitable_growth,126,,,,0.2,5
robotics,theme,share_issuance,21,0.09836597276730535,2.3086245688229416,2.5052410080513545,0.6166666666666667,60
robotics,theme,share_issuance,63,0.1276243919373593,2.333813817076038,2.286402243767452,0.7068965517241379,58
robotics,theme,share_issuance,126,0.13312439460342637,1.8485804414375233,0.7026978680990107,0.6727272727272727,55
robotics,theme,sue,21,,,0.6162050706550167,0.6,5
robotics,theme,sue,63,,,,0.6,5
robotics,theme,sue,126,,,,0.8,5
biotech,theme,asset_growth,21,0.006293669569132784,0.6726064144990368,0.6742622867756904,0.5027624309392266,181
biotech,theme,asset_growth,63,0.0036219465804026795,0.2673858425778299,0.4956320019639672,0.5083798882681564,179
biotech,theme,asset_growth,126,0.01281690505618478,0.759111766246499,1.095831386068105,0.4715909090909091,176
biotech,theme,capex_at,21,-0.0031546934784961477,-0.34011113089197387,-0.32690348257960317,0.5384615384615384,182
biotech,theme,capex_at,63,0.0009663182630652331,0.07766699094747538,0.11926767921575457,0.5166666666666667,180
biotech,theme,capex_at,126,-0.0162717941785559,-0.9828012865464735,-0.958436147444075,0.4519774011299435,177
biotech,theme,cash_runway_years,21,0.006080470597041121,0.5942907165617823,0.623263116309103,0.5380116959064327,171
biotech,theme,cash_runway_years,63,0.010750843607422619,0.7736724320250434,-0.004443441099479336,0.5502958579881657,169
biotech,theme,cash_runway_years,126,0.016945273558620005,0.9853516278520751,0.29492126236086147,0.572289156626506,166
biotech,theme,cop_at,21,0.0033750509066201753,0.26700709217575447,0.2657815846895987,0.489010989010989,182
biotech,theme,cop_at,63,-0.006921274831258664,-0.4146185979379657,-0.4840143118450412,0.45555555555555555,180
biotech,theme,cop_at,126,0.002875499484313761,0.12573602219453542,-0.4504166913499159,0.480225988700565,177
biotech,theme,dist_52w_high,21,0.04191267103372553,2.973016102552089,2.854222300165906,0.6098901098901099,182
biotech,theme,dist_52w_high,63,0.07039075377935657,4.10544777799407,3.6870991074431054,0.6333333333333333,180
biotech,theme,dist_52w_high,126,0.0975219214747351,5.017534702823733,5.693156977840614,0.7627118644067796,177
biotech,theme,droe,21,0.001244703005268953,0.11163183833911972,0.10703910950074229,0.4972375690607735,181
biotech,theme,droe,63,0.00016197447824259158,0.009853817760641499,0.5540629093933996,0.4972067039106145,179
biotech,theme,droe,126,-0.020821933590014684,-1.0090049325445563,-0.6685285873095228,0.5,176
biotech,theme,ear_3d,21,-0.013990722668170847,-1.555029407953687,-1.5889885005891689,0.46153846153846156,182
biotech,theme,ear_3d,63,-0.01940573486521481,-1.8473016285653383,-0.8003062609998861,0.45,180
biotech,theme,ear_3d,126,-0.012050650326650944,-1.1180723708281137,0.3870856343262876,0.4406779661016949,177
biotech,theme,gross_profitability,21,-0.01015810718501686,-0.7841115820232694,-0.762898439748646,0.47802197802197804,182
biotech,theme,gross_profitability,63,-0.02537449338927738,-1.2715124091171937,-1.2924416381956139,0.42777777777777776,180
biotech,theme,gross_profitability,126,-0.014232099348377481,-0.4580950618511418,-0.3768617008792197,0.4293785310734463,177
biotech,theme,idio_vol_60d,21,0.054989289923812475,3.7539675858778114,3.6735815598008763,0.5769230769230769,182
biotech,theme,idio_vol_60d,63,0.0874732235564792,4.737896493871875,3.7245388922679314,0.6833333333333333,180
biotech,theme,idio_vol_60d,126,0.13355651235034394,6.0458887907387435,5.700144366796625,0.7966101694915254,177
biotech,theme,max_ret_21d,21,0.03990791817458776,2.9947951346330313,2.95782595801589,0.5714285714285714,182
biotech,theme,max_ret_21d,63,0.06862863830423027,3.93166785051857,2.534101235202635,0.6333333333333333,180
biotech,theme,max_ret_21d,126,0.1048857215866077,5.128184563703173,3.750282489535466,0.7231638418079096,177
biotech,theme,mom_12_1,21,0.00818902980404537,0.7170156317041831,0.7456526889880892,0.489010989010989,182
biotech,theme,mom_12_1,63,0.005127158579728223,0.34340816982666494,0.3655023311288116,0.4777777777777778,180
biotech,theme,mom_12_1,126,0.006612145679007586,0.37728431858548533,0.5777414659243872,0.4971751412429379,177
biotech,theme,share_issuance,21,0.037284805259078464,2.626259723174114,2.603351347888631,0.5524861878453039,181
biotech,theme,share_issuance,63,0.05051921435995155,2.789581378570035,2.558965669981901,0.5977653631284916,179
biotech,theme,share_issuance,126,0.07271524547924148,3.0476438786364897,2.241074273629822,0.6022727272727273,176
biotech,theme,sue,21,0.00010490914732111686,0.009570737039648974,0.00939764854021612,0.47191011235955055,178
biotech,theme,sue,63,-0.002861341255215428,-0.2124522391158349,0.42108230588826817,0.4659090909090909,176
biotech,theme,sue,126,0.0008283304797406688,0.04722009596335996,0.3885973732290469,0.5317919075144508,173
biotech,theme,sue_announce,21,0.017421369176239668,1.3676486632869689,1.245262968381714,0.521978021978022,182
biotech,theme,sue_announce,63,0.037879884732699896,2.3972642398025186,2.1734902252129578,0.5611111111111111,180
biotech,theme,sue_announce,126,0.05931487236946319,2.8898947984563295,1.5651239310613085,0.672316384180791,177
biotech/biotech_all,subtheme,asset_growth,21,0.006293669569132784,0.6726064144990368,0.6742622867756904,0.5027624309392266,181
biotech/biotech_all,subtheme,asset_growth,63,0.0036219465804026795,0.2673858425778299,0.4956320019639672,0.5083798882681564,179
biotech/biotech_all,subtheme,asset_growth,126,0.01281690505618478,0.759111766246499,1.095831386068105,0.4715909090909091,176
biotech/biotech_all,subtheme,capex_at,21,-0.0031546934784961477,-0.34011113089197387,-0.32690348257960317,0.5384615384615384,182
biotech/biotech_all,subtheme,capex_at,63,0.0009663182630652331,0.07766699094747538,0.11926767921575457,0.5166666666666667,180
biotech/biotech_all,subtheme,capex_at,126,-0.0162717941785559,-0.9828012865464735,-0.958436147444075,0.4519774011299435,177
biotech/biotech_all,subtheme,cash_runway_years,21,0.006080470597041121,0.5942907165617823,0.623263116309103,0.5380116959064327,171
biotech/biotech_all,subtheme,cash_runway_years,63,0.010750843607422619,0.7736724320250434,-0.004443441099479336,0.5502958579881657,169
biotech/biotech_all,subtheme,cash_runway_years,126,0.016945273558620005,0.9853516278520751,0.29492126236086147,0.572289156626506,166
biotech/biotech_all,subtheme,cop_at,21,0.0033750509066201753,0.26700709217575447,0.2657815846895987,0.489010989010989,182
biotech/biotech_all,subtheme,cop_at,63,-0.006921274831258664,-0.4146185979379657,-0.4840143118450412,0.45555555555555555,180
biotech/biotech_all,subtheme,cop_at,126,0.002875499484313761,0.12573602219453542,-0.4504166913499159,0.480225988700565,177
biotech/biotech_all,subtheme,dist_52w_high,21,0.04191267103372553,2.973016102552089,2.854222300165906,0.6098901098901099,182
biotech/biotech_all,subtheme,dist_52w_high,63,0.07039075377935657,4.10544777799407,3.6870991074431054,0.6333333333333333,180
biotech/biotech_all,subtheme,dist_52w_high,126,0.0975219214747351,5.017534702823733,5.693156977840614,0.7627118644067796,177
biotech/biotech_all,subtheme,droe,21,0.001244703005268953,0.11163183833911972,0.10703910950074229,0.4972375690607735,181
biotech/biotech_all,subtheme,droe,63,0.00016197447824259158,0.009853817760641499,0.5540629093933996,0.4972067039106145,179
biotech/biotech_all,subtheme,droe,126,-0.020821933590014684,-1.0090049325445563,-0.6685285873095228,0.5,176
biotech/biotech_all,subtheme,ear_3d,21,-0.013990722668170847,-1.555029407953687,-1.5889885005891689,0.46153846153846156,182
biotech/biotech_all,subtheme,ear_3d,63,-0.01940573486521481,-1.8473016285653383,-0.8003062609998861,0.45,180
biotech/biotech_all,subtheme,ear_3d,126,-0.012050650326650944,-1.1180723708281137,0.3870856343262876,0.4406779661016949,177
biotech/biotech_all,subtheme,gross_profitability,21,-0.01015810718501686,-0.7841115820232694,-0.762898439748646,0.47802197802197804,182
biotech/biotech_all,subtheme,gross_profitability,63,-0.02537449338927738,-1.2715124091171937,-1.2924416381956139,0.42777777777777776,180
biotech/biotech_all,subtheme,gross_profitability,126,-0.014232099348377481,-0.4580950618511418,-0.3768617008792197,0.4293785310734463,177
biotech/biotech_all,subtheme,idio_vol_60d,21,0.054989289923812475,3.7539675858778114,3.6735815598008763,0.5769230769230769,182
biotech/biotech_all,subtheme,idio_vol_60d,63,0.0874732235564792,4.737896493871875,3.7245388922679314,0.6833333333333333,180
biotech/biotech_all,subtheme,idio_vol_60d,126,0.13355651235034394,6.0458887907387435,5.700144366796625,0.7966101694915254,177
biotech/biotech_all,subtheme,max_ret_21d,21,0.03990791817458776,2.9947951346330313,2.95782595801589,0.5714285714285714,182
biotech/biotech_all,subtheme,max_ret_21d,63,0.06862863830423027,3.93166785051857,2.534101235202635,0.6333333333333333,180
biotech/biotech_all,subtheme,max_ret_21d,126,0.1048857215866077,5.128184563703173,3.750282489535466,0.7231638418079096,177
biotech/biotech_all,subtheme,mom_12_1,21,0.00818902980404537,0.7170156317041831,0.7456526889880892,0.489010989010989,182
biotech/biotech_all,subtheme,mom_12_1,63,0.005127158579728223,0.34340816982666494,0.3655023311288116,0.4777777777777778,180
biotech/biotech_all,subtheme,mom_12_1,126,0.006612145679007586,0.37728431858548533,0.5777414659243872,0.4971751412429379,177
biotech/biotech_all,subtheme,share_issuance,21,0.037284805259078464,2.626259723174114,2.603351347888631,0.5524861878453039,181
biotech/biotech_all,subtheme,share_issuance,63,0.05051921435995155,2.789581378570035,2.558965669981901,0.5977653631284916,179
biotech/biotech_all,subtheme,share_issuance,126,0.07271524547924148,3.0476438786364897,2.241074273629822,0.6022727272727273,176
biotech/biotech_all,subtheme,sue,21,0.00010490914732111686,0.009570737039648974,0.00939764854021612,0.47191011235955055,178
biotech/biotech_all,subtheme,sue,63,-0.002861341255215428,-0.2124522391158349,0.42108230588826817,0.4659090909090909,176
biotech/biotech_all,subtheme,sue,126,0.0008283304797406688,0.04722009596335996,0.3885973732290469,0.5317919075144508,173
biotech/biotech_all,subtheme,sue_announce,21,0.017421369176239668,1.3676486632869689,1.245262968381714,0.521978021978022,182
biotech/biotech_all,subtheme,sue_announce,63,0.037879884732699896,2.3972642398025186,2.1734902252129578,0.5611111111111111,180
biotech/biotech_all,subtheme,sue_announce,126,0.05931487236946319,2.8898947984563295,1.5651239310613085,0.672316384180791,177
energy,theme,asset_growth,21,0.024106910263488195,1.5968799768406936,1.6703303870112258,0.5494505494505495,182
energy,theme,asset_growth,63,0.04424869210772382,2.167226925187035,2.2097956931575533,0.6222222222222222,180
energy,theme,asset_growth,126,0.07136471350816607,2.733066471257118,2.3169733984190697,0.6836158192090396,177
energy,theme,capex_at,21,0.017756587701102642,1.38967793739883,1.4059910881864273,0.5,182
energy,theme,capex_at,63,0.025931482227954862,1.2866615734698748,1.5597251019312828,0.55,180
energy,theme,capex_at,126,0.04695942393095776,1.564729761370919,1.5675839148095927,0.632768361581921,177
energy,theme,cash_runway_years,21,-0.16950696924539774,-1.2828180009033954,-1.2714307805448635,0.2222222222222222,9
energy,theme,cash_runway_years,63,-0.13878796512564356,-2.3152824200443654,-2.140998779467313,0.25,8
energy,theme,cash_runway_years,126,-0.33897140440966267,-6.030087005677953,,0.14285714285714285,7
energy,theme,cop_at,21,-0.010567770417926071,-0.5264517964224997,-0.5535830073155226,0.5,182
energy,theme,cop_at,63,-0.028055296050212765,-0.9987273492552062,-1.2270497766486714,0.48333333333333334,180
energy,theme,cop_at,126,-0.04873700292688274,-1.2279317664604577,-1.1995590704861,0.4576271186440678,177
energy,theme,dist_52w_high,21,0.03885500955729959,1.488283759551262,1.5190189960521436,0.5714285714285714,182
energy,theme,dist_52w_high,63,0.04203405460151291,1.194684838943016,1.0515833239345906,0.5222222222222223,180
energy,theme,dist_52w_high,126,0.05193637262446193,1.0238931408830685,0.8893878290111533,0.536723163841808,177
energy,theme,ear_3d,21,0.024307694311269196,2.415838237991036,2.3219155442349417,0.5604395604395604,182
energy,theme,ear_3d,63,0.018800289594814373,1.5237599790597853,0.7622131391335732,0.6,180
energy,theme,ear_3d,126,0.022086319529300794,1.368325274925383,0.9439711344616452,0.559322033898305,177
energy,theme,ebit_ev,21,0.0025506517211571996,0.13315636478841206,0.1442666550816325,0.5,182
energy,theme,ebit_ev,63,-0.017082734411301585,-0.6538162100550893,-0.9698397056697785,0.46111111111111114,180
energy,theme,ebit_ev,126,-0.019609730009733276,-0.5695792781415013,-0.4525157224311639,0.4915254237288136,177
energy,theme,gross_profitability,21,-0.0004230012000851332,-0.02729233451479805,-0.03134946406853039,0.4835164835164835,182
energy,theme,gross_profitability,63,-0.02012126115088123,-0.8383505314473509,-0.7163271288226943,0.4722222222222222,180
energy,theme,gross_profitability,126,-0.023378147733866015,-0.8170927992201672,-0.9045982680250491,0.3898305084745763,177
energy,theme,idio_vol_60d,21,0.04028406678003332,1.3296266142155218,1.366330249821873,0.5274725274725275,182
energy,theme,idio_vol_60d,63,0.052360951587037914,1.2870340344566276,1.19373767861116,0.5444444444444444,180
energy,theme,idio_vol_60d,126,0.07581712467829121,1.3274898125730679,1.1063014984146913,0.5141242937853108,177
energy,theme,max_ret_21d,21,0.030973596904097324,1.150909204626393,1.168181458724416,0.5384615384615384,182
energy,theme,max_ret_21d,63,0.046954318226231626,1.3676376181918488,1.293444912200729,0.5222222222222223,180
energy,theme,max_ret_21d,126,0.055228871150881265,1.1367217838405135,0.8516135311030846,0.536723163841808,177
energy,theme,mom_12_1,21,0.012600500770958525,0.561422880839329,0.5629033712307088,0.5054945054945055,182
energy,theme,mom_12_1,63,0.02721667624846253,0.9125785715057421,0.8034074932072138,0.5222222222222223,180
energy,theme,mom_12_1,126,0.033238253213487466,0.755442944463722,0.7479478529577673,0.5423728813559322,177
energy,theme,net_debt_ebitda,21,-0.013352589057538292,-0.6675101040397364,-0.7185261946502032,0.5054945054945055,182
energy,theme,net_debt_ebitda,63,-0.033991717992732116,-1.2868272499708422,-1.2633158909782412,0.48333333333333334,180
energy,theme,net_debt_ebitda,126,-0.05338945676629168,-1.554843199269502,-1.2925783798568657,0.4463276836158192,177
energy,theme,ocf_ev,21,0.013027798802662962,0.6347981664492693,0.6777572752028767,0.510989010989011,182
energy,theme,ocf_ev,63,0.007884468064170114,0.2739849399893627,-0.25656120536431865,0.5166666666666667,180
energy,theme,ocf_ev,126,0.009049083342660812,0.21232903694323288,0.015360677265564414,0.559322033898305,177
energy,theme,oil_beta_trend,21,0.008002990455915881,0.34173950774346384,0.34005003783628734,0.5439560439560439,182
energy,theme,oil_beta_trend,63,-0.01876194824544451,-0.5657178292147191,-0.005228099362254061,0.48333333333333334,180
energy,theme,oil_beta_trend,126,-0.015282841464054515,-0.40665939578426413,-0.6612686185260429,0.480225988700565,177
energy,theme,share_issuance,21,0.021849411172324404,2.0346390413535227,2.076963827397899,0.5824175824175825,182
energy,theme,share_issuance,63,0.027825213808834792,1.8298027645058186,1.1726060858151321,0.6277777777777778,180
energy,theme,share_issuance,126,0.040928403136986126,1.9454275556928753,0.9367544151667853,0.6610169491525424,177
energy,theme,sue_announce,21,0.02073069158532971,1.4914574795615412,1.4706325116563164,0.521978021978022,182
energy,theme,sue_announce,63,0.023806135410223344,1.1783296344554166,0.607586546755976,0.5111111111111111,180
energy,theme,sue_announce,126,0.023670046471646063,0.9815630077788272,1.2919217380660664,0.5649717514124294,177
energy/oil_gas,subtheme,asset_growth,21,0.028727775834591594,2.3114595049620643,2.3727672457038067,0.532967032967033,182
energy/oil_gas,subtheme,asset_growth,63,0.04421243351776174,2.623300553253507,2.3127861349982455,0.5888888888888889,180
energy/oil_gas,subtheme,asset_growth,126,0.0645458161533557,2.8968421240847952,2.1291385563351986,0.6779661016949152,177
energy/oil_gas,subtheme,capex_at,21,0.020106638322370283,1.3803645399559399,1.4082259969384083,0.5164835164835165,182
energy/oil_gas,subtheme,capex_at,63,0.02612633668575643,1.147019742717571,1.1589218449640282,0.5444444444444444,180
energy/oil_gas,subtheme,capex_at,126,0.04168609713944994,1.1959249618558208,1.3103321332561646,0.576271186440678,177
energy/oil_gas,subtheme,cop_at,21,-0.01575085452992819,-1.2040309922605577,-1.2439057876859232,0.4835164835164835,182
energy/oil_gas,subtheme,cop_at,63,-0.030755995720833186,-1.6207415783304446,-1.5750284910806787,0.4666666666666667,180
energy/oil_gas,subtheme,cop_at,126,-0.05312166369022146,-2.1566036359103644,-1.8303363589432216,0.3728813559322034,177
energy/oil_gas,subtheme,dist_52w_high,21,0.04071326633870392,1.889010455346204,1.963897345483629,0.5989010989010989,182
energy/oil_gas,subtheme,dist_52w_high,63,0.04852631273070242,1.5262308438604588,1.3979509166170008,0.5777777777777777,180
energy/oil_gas,subtheme,dist_52w_high,126,0.052455656474654666,1.1741799331712206,0.941439381350016,0.6045197740112994,177
energy/oil_gas,subtheme,ear_3d,21,0.019722754905404326,1.7959182914831484,1.8336665413829532,0.5439560439560439,182
energy/oil_gas,subtheme,ear_3d,63,0.008652595194783692,0.6925682040797463,0.08307497723014723,0.5333333333333333,180
energy/oil_gas,subtheme,ear_3d,126,0.008602117629454292,0.4636821596703107,0.31007340851072834,0.5310734463276836,177
energy/oil_gas,subtheme,ebit_ev,21,-0.015193602357750562,-0.8663041963473302,-0.9363634541755822,0.5,182
energy/oil_gas,subtheme,ebit_ev,63,-0.029974142813072122,-1.2531729312788302,-1.510717805001376,0.4222222222222222,180
energy/oil_gas,subtheme,ebit_ev,126,-0.03533333354452147,-1.2462058529182878,-0.8319822052161601,0.5084745762711864,177
energy/oil_gas,subtheme,gross_profitability,21,-0.012325904309536307,-0.7269040094336989,-0.8357096162323058,0.4692737430167598,179
energy/oil_gas,subtheme,gross_profitability,63,-0.031467177888682064,-1.2004948129811812,-1.0002106059820088,0.4293785310734463,177
energy/oil_gas,subtheme,gross_profitability,126,-0.04451435099132994,-1.2977638462284307,-1.0449640140817422,0.367816091954023,174
energy/oil_gas,subtheme,idio_vol_60d,21,0.030586340825649684,1.2738340645025314,1.3355167991408055,0.532967032967033,182
energy/oil_gas,subtheme,idio_vol_60d,63,0.04369877350076156,1.2714162443068648,1.0815073517095461,0.55,180
energy/oil_gas,subtheme,idio_vol_60d,126,0.07641613147385459,1.555794675331259,1.4931863595238852,0.6045197740112994,177
energy/oil_gas,subtheme,max_ret_21d,21,0.025990601592346337,1.2769217665214563,1.3225882063589194,0.5384615384615384,182
energy/oil_gas,subtheme,max_ret_21d,63,0.03795066910652574,1.4681726477897772,1.327775456236706,0.5944444444444444,180
energy/oil_gas,subtheme,max_ret_21d,126,0.05205345807910114,1.3947315204570296,1.1640319467481894,0.5819209039548022,177
energy/oil_gas,subtheme,mom_12_1,21,0.023122967739344084,1.16312763783571,1.20148912316704,0.5824175824175825,182
energy/oil_gas,subtheme,mom_12_1,63,0.026000955955136403,0.9488256301348208,0.7226648893279064,0.5666666666666667,180
energy/oil_gas,subtheme,mom_12_1,126,0.012959060216830935,0.317731952475549,1.2283998124553075,0.536723163841808,177
energy/oil_gas,subtheme,net_debt_ebitda,21,-0.024667632251864333,-1.411069830195926,-1.5506878686027574,0.44505494505494503,182
energy/oil_gas,subtheme,net_debt_ebitda,63,-0.04319417219187807,-1.7374450282508085,-1.4916053011265928,0.45555555555555555,180
energy/oil_gas,subtheme,net_debt_ebitda,126,-0.05681444595754812,-1.8755281418192962,-0.9736197673618174,0.384180790960452,177
energy/oil_gas,subtheme,ocf_ev,21,-0.008088440036833693,-0.46424490187910955,-0.4985864676451514,0.47802197802197804,182
energy/oil_gas,subtheme,ocf_ev,63,-0.016577326060440933,-0.7016742915264267,-1.1261528625565538,0.5111111111111111,180
energy/oil_gas,subtheme,ocf_ev,126,-0.02504686131833902,-0.7818279220671024,-0.8399784463161614,0.4971751412429379,177
energy/oil_gas,subtheme,oil_beta_trend,21,0.008002990455915881,0.34173950774346384,0.34005003783628734,0.5439560439560439,182
energy/oil_gas,subtheme,oil_beta_trend,63,-0.01876194824544451,-0.5657178292147191,-0.005228099362254061,0.48333333333333334,180
energy/oil_gas,subtheme,oil_beta_trend,126,-0.015282841464054515,-0.40665939578426413,-0.6612686185260429,0.480225988700565,177
energy/oil_gas,subtheme,share_issuance,21,0.023321139054756666,1.8984455867185488,1.9228934081205116,0.5604395604395604,182
energy/oil_gas,subtheme,share_issuance,63,0.030545172139942376,1.7696147071889694,1.556985446936386,0.6166666666666667,180
energy/oil_gas,subtheme,share_issuance,126,0.04956691755460955,2.083934592911864,1.4328373901275355,0.655367231638418,177
energy/oil_gas,subtheme,sue_announce,21,0.01264429825115707,0.8360874102074497,0.8343648658583399,0.5274725274725275,182
energy/oil_gas,subtheme,sue_announce,63,0.003800000376102682,0.19738531050073074,0.009715537419677879,0.46111111111111114,180
energy/oil_gas,subtheme,sue_announce,126,-0.007964468169101874,-0.36101255630391454,0.06569232633207486,0.4180790960451977,177
energy/power_utilities,subtheme,asset_growth,21,0.002815197193672552,0.17256984327748506,0.1623654803779343,0.5027624309392266,181
energy/power_utilities,subtheme,asset_growth,63,0.015969373530961152,0.6419476358893385,0.62293407091298,0.553072625698324,179
energy/power_utilities,subtheme,asset_growth,126,2.6163227577515677e-05,0.0008235874196398019,-0.09363028125754351,0.5056818181818182,176
energy/power_utilities,subtheme,capex_at,21,-0.005039034479546848,-0.28999243272049946,-0.28356856869659336,0.46703296703296704,182
energy/power_utilities,subtheme,capex_at,63,-0.014409665494870163,-0.5161861350476655,-0.0497945051118409,0.46111111111111114,180
energy/power_utilities,subtheme,capex_at,126,-0.03755467932646118,-1.006029763874569,-1.754646855796599,0.4406779661016949,177
energy/power_utilities,subtheme,cop_at,21,-0.026626745359258745,-1.5798018607878188,-1.5512316396801735,0.4230769230769231,182
energy/power_utilities,subtheme,cop_at,63,-0.01768930202426084,-0.7126636498138824,-1.1081928575874624,0.4388888888888889,180
energy/power_utilities,subtheme,cop_at,126,-0.03600754038686152,-1.0747960836011505,-1.3248901572055214,0.4463276836158192,177
energy/power_utilities,subtheme,dist_52w_high,21,-0.015245507553694984,-0.6907694733817927,-0.6910625420827994,0.510989010989011,182
energy/power_utilities,subtheme,dist_52w_high,63,-0.020186389994745948,-0.746021310921276,-1.3432530095057527,0.4777777777777778,180
energy/power_utilities,subtheme,dist_52w_high,126,0.0071993217026301804,0.20566324029809163,-0.19888712266969538,0.5310734463276836,177
energy/power_utilities,subtheme,ear_3d,21,-0.0001239051648021193,-0.007114895451804085,-0.007112902956617372,0.5058823529411764,170
energy/power_utilities,subtheme,ear_3d,63,-0.018876249705901356,-0.7930686984831042,-1.0748615616837658,0.5059523809523809,168
energy/power_utilities,subtheme,ear_3d,126,0.01026007691122291,0.2978962362959357,-0.1270601824889124,0.5212121212121212,165
energy/power_utilities,subtheme,ebit_ev,21,0.05153489409397723,2.794611099242967,2.8042544654987047,0.5714285714285714,182
energy/power_utilities,subtheme,ebit_ev,63,0.05709919788362378,1.9303471736717033,1.8272839178173452,0.5388888888888889,180
energy/power_utilities,subtheme,ebit_ev,126,0.08173813016983734,2.4454330224877205,1.5478792247098208,0.576271186440678,177
energy/power_utilities,subtheme,idio_vol_60d,21,0.03235091376967807,1.6694344534785022,1.6339305349850672,0.5494505494505495,182
energy/power_utilities,subtheme,idio_vol_60d,63,0.00864299582949468,0.3146437488924368,-0.051307378514001634,0.5166666666666667,180
energy/power_utilities,subtheme,idio_vol_60d,126,-0.0014950800103807906,-0.041148908567831564,-0.1779626575990003,0.4971751412429379,177
energy/power_utilities,subtheme,max_ret_21d,21,0.007756226556488083,0.35623000310927483,0.36453593797323364,0.532967032967033,182
energy/power_utilities,subtheme,max_ret_21d,63,0.0238690886196607,1.0493520101215277,0.2786988466453428,0.5444444444444444,180
energy/power_utilities,subtheme,max_ret_21d,126,0.022039680273012313,0.8466209681348726,-0.8179358989955653,0.536723163841808,177
energy/power_utilities,subtheme,mom_12_1,21,0.032040919198487026,1.4260152365695422,1.453465684085666,0.5824175824175825,182
energy/power_utilities,subtheme,mom_12_1,63,0.06647833351494678,2.1004691891690483,1.078333259459119,0.6,180
energy/power_utilities,subtheme,mom_12_1,126,0.04212895405929575,0.9569207752669948,0.16003685700627968,0.6101694915254238,177
energy/power_utilities,subtheme,net_debt_ebitda,21,-0.005758393684405767,-0.3122663645829672,-0.29740487161666973,0.5,182
energy/power_utilities,subtheme,net_debt_ebitda,63,-0.01488693481710789,-0.5801024146858224,-0.5625602166938761,0.48333333333333334,180
energy/power_utilities,subtheme,net_debt_ebitda,126,-0.00723150413013504,-0.21047106918078953,-0.7343671416399059,0.536723163841808,177
energy/power_utilities,subtheme,ocf_ev,21,0.023311787405589677,1.2737532830709593,1.3710045005054892,0.5384615384615384,182
energy/power_utilities,subtheme,ocf_ev,63,0.02559534696619096,0.8863797948557668,0.44230132673420886,0.5055555555555555,180
energy/power_utilities,subtheme,ocf_ev,126,0.025027012503324973,0.6653889474879899,0.46130158777049435,0.519774011299435,177
energy/power_utilities,subtheme,share_issuance,21,-0.004904212915963735,-0.2996445720655231,-0.28517419379771414,0.4835164835164835,182
energy/power_utilities,subtheme,share_issuance,63,0.0038504284591945885,0.17787548040676218,0.3209029244417485,0.5222222222222223,180
energy/power_utilities,subtheme,share_issuance,126,0.002737177978816265,0.08382039968878652,-0.2097890142406097,0.5028248587570622,177
energy/power_utilities,subtheme,sue_announce,21,0.009672308248910418,0.34458575186859486,0.3234972268967164,0.5308641975308642,81
energy/power_utilities,subtheme,sue_announce,63,-0.012172997315062769,-0.3133174534311219,0.17227641664707635,0.4810126582278481,79
energy/power_utilities,subtheme,sue_announce,126,-0.007949233948036006,-0.19911128807202957,-0.6831250738382085,0.4605263157894737,76
energy/renewables,subtheme,asset_growth,21,0.019891445505793463,0.8397116530951317,0.8389899108898864,0.5666666666666667,150
energy/renewables,subtheme,asset_growth,63,0.03181336969806581,1.0110144237407666,1.0474167757985293,0.5472972972972973,148
energy/renewables,subtheme,asset_growth,126,0.03369317084707444,0.6991122335386445,0.4826585752662577,0.6137931034482759,145
energy/renewables,subtheme,capex_at,21,0.007249794005415862,0.30475604480216234,0.31454053262129456,0.5352112676056338,142
energy/renewables,subtheme,capex_at,63,0.02183410483610114,0.7257807846806208,0.5234505078677779,0.5,140
energy/renewables,subtheme,capex_at,126,0.050689004123131404,1.1605459920190684,1.6233757097634882,0.5036496350364964,137
energy/renewables,subtheme,cop_at,21,0.016731624089228615,0.8571321218412251,0.8706358295898067,0.47619047619047616,147
energy/renewables,subtheme,cop_at,63,-7.569715926377406e-05,-0.0026746358026541214,-0.25592319298307864,0.5448275862068965,145
energy/renewables,subtheme,cop_at,126,0.0020528323859712954,0.061767397809846324,-0.1796787275225569,0.5070422535211268,142
energy/renewables,subtheme,dist_52w_high,21,-0.001811322627487546,-0.06045040483169866,-0.06112685402819301,0.5,150
energy/renewables,subtheme,dist_52w_high,63,0.013916871231660308,0.35129913774952215,0.7053260851667452,0.5608108108108109,148
energy/renewables,subtheme,dist_52w_high,126,-0.011552097903625434,-0.2329799915644508,0.3815538438751048,0.4896551724137931,145
energy/renewables,subtheme,ear_3d,21,0.02175227722624785,0.9628398965752084,0.9585394762190921,0.5492957746478874,142
energy/renewables,subtheme,ear_3d,63,0.06413380329926115,2.6464599709886976,1.9942455141313,0.5714285714285714,140
energy/renewables,subtheme,ear_3d,126,0.07350726823039633,2.9839386613239216,0.8051809414248898,0.6204379562043796,137
energy/renewables,subtheme,ebit_ev,21,-0.003362750309084482,-0.14118543804800093,-0.143803470842659,0.4755244755244755,143
energy/renewables,subtheme,ebit_ev,63,0.001081343300263176,0.031582439316825334,-0.31692625903808963,0.48936170212765956,141
energy/renewables,subtheme,ebit_ev,126,0.0278955768495848,0.6332298657308607,0.5379178198297636,0.5579710144927537,138
energy/renewables,subtheme,gross_profitability,21,-0.036272525666767065,-0.7744508364840664,-0.6593386935207994,0.4583333333333333,24
energy/renewables,subtheme,gross_profitability,63,-0.023277950468413775,-0.37245848455554553,-0.8764699526231856,0.3333333333333333,24
energy/renewables,subtheme,gross_profitability,126,-0.06602250054424048,-1.274751910601803,-3.2294589481767155,0.34782608695652173,23
energy/renewables,subtheme,idio_vol_60d,21,0.0196108956862307,0.5511009366426498,0.567050674146225,0.5066666666666667,150
energy/renewables,subtheme,idio_vol_60d,63,0.023850258417982072,0.48374248263734326,0.8855316308412227,0.5135135135135135,148
energy/renewables,subtheme,idio_vol_60d,126,0.014474971243856584,0.222110230609515,0.23504367630251843,0.5517241379310345,145
energy/renewables,subtheme,max_ret_21d,21,0.021589608674164595,0.6514046217139748,0.6814217552577004,0.5466666666666666,150
energy/renewables,subtheme,max_ret_21d,63,0.015447262064565107,0.34639203500615723,0.3158312025114831,0.4864864864864865,148
energy/renewables,subtheme,max_ret_21d,126,0.005061017540973097,0.08548035209698267,0.07536029264215723,0.5379310344827586,145
energy/renewables,subtheme,mom_12_1,21,-0.01037317514586966,-0.3878132639331256,-0.39906596010449025,0.5133333333333333,150
energy/renewables,subtheme,mom_12_1,63,-0.015733699181578843,-0.39701618206588374,-0.8421407915230621,0.5743243243243243,148
energy/renewables,subtheme,mom_12_1,126,-0.05352839875882911,-1.0865698290499883,-0.3696280466759652,0.47586206896551725,145
energy/renewables,subtheme,net_debt_ebitda,21,0.01474301163223896,0.617632434218536,0.6641656528529036,0.5664335664335665,143
energy/renewables,subtheme,net_debt_ebitda,63,-0.016077127198092775,-0.48868532761809974,0.14096647690059608,0.49645390070921985,141
energy/renewables,subtheme,net_debt_ebitda,126,-0.01425098529844564,-0.35110595657303256,0.02124170870197327,0.5,138
energy/renewables,subtheme,ocf_ev,21,0.02849785957068988,1.370124447845923,1.3712903171250121,0.4897959183673469,147
energy/renewables,subtheme,ocf_ev,63,0.035822474633387835,1.256729369002304,1.9116392368769728,0.5310344827586206,145
energy/renewables,subtheme,ocf_ev,126,0.050685468957348136,1.234127662749229,1.1609386271650948,0.6267605633802817,142
energy/renewables,subtheme,share_issuance,21,0.0006805628546910084,0.030336236162843783,0.030840371243405017,0.46,150
energy/renewables,subtheme,share_issuance,63,0.015383447118526329,0.5285732805011696,1.4735353896834038,0.4594594594594595,148
energy/renewables,subtheme,share_issuance,126,0.028724656307417693,0.5986881794554973,0.6747284858453696,0.5586206896551724,145
energy/renewables,subtheme,sue_announce,21,-0.01022559089965185,-0.4227087318199118,-0.4427451282060989,0.44036697247706424,109
energy/renewables,subtheme,sue_announce,63,-0.000615169811790503,-0.018520027528037827,-1.392683147082229,0.48598130841121495,107
energy/renewables,subtheme,sue_announce,126,-0.033429811982714094,-0.9049300273393382,-0.7953900817867132,0.47115384615384615,104
