theme,subtheme,configured,exact_match,n_firms,closest
robotics,industrial_automation,Industrial - Machinery,True,93,
robotics,industrial_automation,Electrical Equipment & Parts,True,60,
robotics,industrial_automation,Industrial - Specialties,True,4,
robotics,surgical_medical,Medical - Devices,True,114,
robotics,surgical_medical,Medical - Instruments & Supplies,True,43,
robotics,autonomous_drone,Auto - Manufacturers,True,33,
robotics,autonomous_drone,Auto - Parts,True,46,
robotics,autonomous_drone,Aerospace & Defense,True,88,
robotics,autonomous_drone,Software - Application,True,273,
robotics,autonomous_drone,Software - Infrastructure,True,142,
robotics,components,Semiconductors,True,110,
robotics,components,"Hardware, Equipment & Parts",True,63,
robotics,components,Electrical Equipment & Parts,True,60,
biotech,biotech_all,Biotechnology,True,584,
biotech,biotech_all,Drug Manufacturers - Specialty & Generic,True,64,
energy,oil_gas,Oil & Gas Exploration & Production,True,68,
energy,oil_gas,Oil & Gas Integrated,True,16,
energy,oil_gas,Oil & Gas Midstream,True,47,
energy,oil_gas,Oil & Gas Equipment & Services,True,49,
energy,oil_gas,Oil & Gas Refining & Marketing,True,18,
energy,power_utilities,Regulated Electric,True,66,
energy,power_utilities,Independent Power Producers,True,12,
energy,power_utilities,Diversified Utilities,True,9,
energy,nuclear_uranium,Uranium,True,8,
energy,grid_equipment,Electrical Equipment & Parts,True,60,
energy,renewables,Solar,True,20,
energy,renewables,Renewable Utilities,True,20,
