sector,industry,n_total,n_nasdaq,n_nyse,n_us_domiciled,in_available_industries
Basic Materials,Agricultural Inputs,16,4,12,11,True
Basic Materials,Aluminum,4,2,2,3,True
Basic Materials,Chemicals,16,4,12,11,True
Basic Materials,Chemicals - Specialty,58,22,36,50,True
Basic Materials,Construction Materials,40,12,28,28,True
Basic Materials,Copper,5,0,5,2,True
Basic Materials,Gold,35,12,23,9,True
Basic Materials,Industrial Materials,30,18,12,10,True
Basic Materials,Other Precious Metals,23,15,8,8,True
Basic Materials,"Paper, Lumber & Forest Products",11,4,7,7,True
Basic Materials,Silver,4,2,2,0,True
Basic Materials,Steel,20,6,14,11,True
Communication Services,Advertising Agencies,37,33,4,22,True
Communication Services,Broadcasting,19,14,5,19,True
Communication Services,Entertainment,41,27,14,31,True
Communication Services,Internet Content & Information,61,44,17,38,True
Communication Services,Publishing,11,6,5,9,True
Communication Services,Telecommunications Services,64,34,30,35,True
Consumer Cyclical,Apparel - Footwear & Accessories,16,8,8,13,True
Consumer Cyclical,Apparel - Manufacturers,20,8,12,15,True
Consumer Cyclical,Apparel - Retail,31,15,16,29,True
Consumer Cyclical,Auto - Dealerships,22,9,13,15,True
Consumer Cyclical,Auto - Manufacturers,33,24,9,14,True
Consumer Cyclical,Auto - Parts,46,27,19,32,True
Consumer Cyclical,Auto - Recreational Vehicles,13,7,6,10,True
Consumer Cyclical,Department Stores,5,1,4,4,True
Consumer Cyclical,"Furnishings, Fixtures & Appliances",28,18,10,26,True
Consumer Cyclical,"Gambling, Resorts & Casinos",27,15,12,22,True
Consumer Cyclical,Home Improvement,6,2,4,6,True
Consumer Cyclical,Leisure,30,20,10,23,True
Consumer Cyclical,Luxury Goods,8,3,5,4,True
Consumer Cyclical,Packaging & Containers,18,4,14,14,True
Consumer Cyclical,Personal Products & Services,12,7,5,9,True
Consumer Cyclical,Residential Construction,21,5,16,20,True
Consumer Cyclical,Restaurants,50,34,16,42,True
Consumer Cyclical,Specialty Retail,85,50,35,58,True
Consumer Cyclical,Travel Lodging,11,4,7,7,True
Consumer Cyclical,Travel Services,19,12,7,12,True
Consumer Defensive,Agricultural Farm Products,21,13,8,14,True
Consumer Defensive,Beverages - Alcoholic,9,1,8,4,True
Consumer Defensive,Beverages - Non-Alcoholic,16,12,4,13,True
Consumer Defensive,Beverages - Wineries & Distilleries,8,7,1,4,True
Consumer Defensive,Discount Stores,9,5,4,8,True
Consumer Defensive,Education & Training Services,35,18,17,18,True
Consumer Defensive,Food Confectioners,6,4,2,5,True
Consumer Defensive,Food Distribution,9,5,4,8,True
Consumer Defensive,Grocery Stores,13,8,5,12,True
Consumer Defensive,Household & Personal Products,31,16,15,23,True
Consumer Defensive,Packaged Foods,52,30,22,41,True
Consumer Defensive,Tobacco,11,5,6,8,True
Energy,Coal,10,4,6,10,True
Energy,Oil & Gas Drilling,10,1,9,6,True
Energy,Oil & Gas Energy,1,0,1,1,True
Energy,Oil & Gas Equipment & Services,49,16,33,41,True
Energy,Oil & Gas Exploration & Production,68,16,52,60,True
Energy,Oil & Gas Integrated,16,2,14,5,True
Energy,Oil & Gas Midstream,47,11,36,34,True
Energy,Oil & Gas Refining & Marketing,18,5,13,16,True
Energy,Solar,20,18,2,14,True
Energy,Uranium,8,5,3,5,True
Financial Services,Asset Management,155,67,88,144,True
Financial Services,Asset Management - Cryptocurrency,2,2,0,2,True
Financial Services,Asset Management - Global,1,1,0,1,True
Financial Services,Asset Management - Income,1,0,1,1,True
Financial Services,Banks,4,1,3,3,True
Financial Services,Banks - Diversified,20,1,19,5,True
Financial Services,Banks - Regional,327,242,85,299,True
Financial Services,Financial - Capital Markets,75,55,20,47,True
Financial Services,Financial - Conglomerates,133,122,11,116,True
Financial Services,Financial - Credit Services,77,39,38,59,True
Financial Services,Financial - Data & Stock Exchanges,12,6,6,12,True
Financial Services,Financial - Mortgages,11,2,9,10,True
Financial Services,Insurance - Brokers,21,12,9,14,True
Financial Services,Insurance - Diversified,19,3,16,10,True
Financial Services,Insurance - Life,26,4,22,24,True
Financial Services,Insurance - Property & Casualty,54,19,35,52,True
Financial Services,Insurance - Reinsurance,9,3,6,2,True
Financial Services,Insurance - Specialty,15,6,9,13,True
Financial Services,Investment - Banking & Investment Services,10,3,7,8,True
Financial Services,Shell Companies,471,426,45,417,True
Healthcare,Biotechnology,584,575,9,479,True
Healthcare,Drug Manufacturers - General,19,8,11,12,True
Healthcare,Drug Manufacturers - Specialty & Generic,64,53,11,34,True
Healthcare,Medical - Care Facilities,50,28,22,43,True
Healthcare,Medical - Devices,114,94,20,101,True
Healthcare,Medical - Diagnostics & Research,43,32,11,38,True
Healthcare,Medical - Distribution,10,6,4,6,True
Healthcare,Medical - Equipment & Services,1,1,0,1,True
Healthcare,Medical - Healthcare Information Services,34,27,7,31,True
Healthcare,Medical - Healthcare Plans,11,3,8,11,True
Healthcare,Medical - Instruments & Supplies,43,32,11,38,True
Healthcare,Medical - Pharmaceuticals,20,19,1,12,True
Healthcare,Medical - Specialties,20,17,3,14,True
Industrials,Aerospace & Defense,88,46,42,75,True
Industrials,Agricultural - Commodities/Milling,1,1,0,0,True
Industrials,Agricultural - Machinery,12,3,9,10,True
Industrials,"Airlines, Airports & Air Services",25,11,14,15,True
Industrials,Business Equipment & Supplies,3,2,1,2,True
Industrials,Conglomerates,18,12,6,16,True
Industrials,Construction,1,0,1,1,True
Industrials,Consulting Services,18,15,3,10,True
Industrials,Electrical Equipment & Parts,60,40,20,44,True
Industrials,Engineering & Construction,51,30,21,38,True
Industrials,General Transportation,2,2,0,0,True
Industrials,Industrial - Distribution,27,12,15,21,True
Industrials,Industrial - Infrastructure Operations,1,1,0,1,True
Industrials,Industrial - Machinery,93,40,53,79,True
Industrials,Industrial - Pollution & Treatment Controls,13,12,1,10,True
Industrials,Industrial - Specialties,4,2,2,4,True
Industrials,Integrated Freight & Logistics,30,23,7,17,True
Industrials,Manufacturing - Metal Fabrication,18,7,11,12,True
Industrials,Manufacturing - Miscellaneous,1,0,1,1,True
Industrials,Manufacturing - Textiles,5,3,2,3,True
Industrials,Manufacturing - Tools & Accessories,10,4,6,9,True
Industrials,Marine Shipping,52,23,29,6,True
Industrials,Railroads,11,4,7,8,True
Industrials,Rental & Leasing Services,17,7,10,15,True
Industrials,Security & Protection Services,20,11,9,15,True
Industrials,Specialty Business Services,56,34,22,36,True
Industrials,Staffing & Employment Services,22,12,10,18,True
Industrials,Trucking,16,10,6,14,True
Industrials,Waste Management,19,12,7,13,True
Real Estate,REIT - Diversified,29,7,22,29,True
Real Estate,REIT - Healthcare Facilities,17,4,13,17,True
Real Estate,REIT - Hotel & Motel,14,3,11,14,True
Real Estate,REIT - Industrial,16,2,14,16,True
Real Estate,REIT - Mortgage,47,6,41,47,True
Real Estate,REIT - Office,18,2,16,18,True
Real Estate,REIT - Residential,18,0,18,18,True
Real Estate,REIT - Retail,29,4,25,29,True
Real Estate,REIT - Specialty,18,8,10,18,True
Real Estate,Real Estate - Development,19,9,10,14,True
Real Estate,Real Estate - Diversified,1,0,1,0,True
Real Estate,Real Estate - Services,35,23,12,24,True
Technology,Communication Equipment,44,37,7,34,True
Technology,Computer Hardware,44,36,8,31,True
Technology,Consumer Electronics,17,14,3,10,True
Technology,Electronic Gaming & Multimedia,20,18,2,11,True
Technology,"Hardware, Equipment & Parts",63,42,21,48,True
Technology,Information Technology Services,81,55,26,52,True
Technology,Media & Entertainment,2,1,1,2,True
Technology,Semiconductors,110,95,15,82,True
Technology,Software - Application,273,214,59,190,True
Technology,Software - Infrastructure,142,116,26,108,True
Technology,Software - Services,6,6,0,5,True
Technology,Technology Distributors,8,6,2,7,True
Utilities,Diversified Utilities,9,0,9,6,True
Utilities,Independent Power Producers,12,6,6,9,True
Utilities,Regulated Electric,66,11,55,53,True
Utilities,Regulated Gas,17,1,16,17,True
Utilities,Regulated Water,13,8,5,11,True
Utilities,Renewable Utilities,20,12,8,10,True
