symbol,name,theme,subtheme,method,hits,density,matched_keywords,fmp_industry,sic,evidence,filing,label,label_evidence
AIRO,"AIRO Group Holdings, Inc. Common Stock",robotics,autonomous_drone,keywords,137,95.3,"{""autonomous vehicle"": 1, ""drone"": 127, ""unmanned aerial"": 4, ""unmanned aircraft"": 5}",Aerospace & Defense,3721,"We leverage decades of industry expertise and connections across the drone, aviation, and avionics markets to provide leading solutions to the aerospace and defense market. | Our business is organized into four operating segments, each of which represents a critical growth vector in the aerospace and defense market: Drones, Avionics, Training, and Electric Air Mobility.",0001493152-26-014116,correct,"drone, unmanned"
AZIO,"Azio AI Holdings, Inc.",robotics,autonomous_drone,keywords,91,105.43,"{""drone"": 85, ""unmanned aerial"": 2, ""unmanned aircraft"": 4}",Software - Infrastructure,3714,"Our operating and development initiatives are organized around a common foundation of power management, electrification, and integrated hardware know-how, with current focus areas including commercial EVs, electric drone platforms, and medical supplies. | Our drone segment is focused on the development of heavy-lift, industrial-grade drone platforms designed for agricultural, fire suppression, and forestry applications.",0001437749-26-012170,wrong,no validation term in FMP description
ARAI,Arrive AI Inc.,robotics,autonomous_drone,keywords,41,76.97,"{""drone"": 39, ""unmanned aerial"": 2}",Software - Application,7340,"Corporate History We were incorporated on April 30, 2020, in the State of Delaware under the name of Dronedek Corporation. | We are an early-stage technology company with a focus on designing and implementing a commercially viable smart mailbox and platform system for smart, secure, and seamless exchange of packages, goods, supplies, food, and medications between people, through the use of robots and drones.",0001493152-26-016808,correct,drone
XTIA,"XTI Aerospace, Inc.",robotics,autonomous_drone,keywords,54,108.81,"{""drone"": 51, ""unmanned aerial"": 2, ""unmanned aircraft"": 1}",Aerospace & Defense,7371,"ITEM 1: BUSINESS Overview XTI Aerospace is a provider of unmanned aerial systems (“UAS”) solutions operating through two business divisions: a commercial drone solutions business and an advanced systems and defense division. | The Company’s commercial drone solutions business, conducted primarily through its majority owned subsidiary, XTI Drones Holdings, LLC, which owns Drone Nerds, LLC and Anzu Robotics, LLC (collectively, “Drone Nerds”), constitutes substantially all of the Company’s revenues.",0001213900-26-043785,correct,"drone, unmanned"
VIA,"Via Transportation, Inc.",robotics,autonomous_drone,keywords,14,16.33,"{""autonomous vehicle"": 14}",Software - Application,7372,•Autonomous vehicles: Our software seamlessly integrates autonomous shuttles into the broader transportation landscape. | We Serve as the Conduit to Connect Autonomous Vehicles to Public Transportation Networks We firmly believe that our platform has a pivotal role to play to enable adoption of modern technology solutions by cities and government agencies.,0001603015-26-000008,wrong,no validation term in FMP description
LCID,"Lucid Group, Inc.",robotics,autonomous_drone,keywords,18,14.81,"{""autonomous vehicle"": 7, ""autonomous driving"": 3, ""self-driving"": 2, ""lidar"": 1, ""robotaxi"": 5}",Auto - Manufacturers,3711,"Lucid (i) designs, engineers and manufactures EVs, EV powertrains, and battery systems in-house, using our equipment and factories, (ii) designs and develops proprietary software in-house for Lucid vehicles that is continuously enhanced through over-the-air (“OTA”) software updates, (iii) offers an  | More recently, we have entered the robotaxi market to further leverage our technologies and capabilities and position ourselves in a fast- growing market.",0001628280-26-011053,wrong,no validation term in FMP description
KTOS,"Kratos Defense & Security Solutions, Inc.",robotics,autonomous_drone,keywords,31,29.81,"{""drone"": 20, ""unmanned aerial"": 10, ""unmanned aircraft"": 1}",Aerospace & Defense,3760,"Kratos’ primary business areas include, virtualized ground systems for satellites and space vehicles including software for command & control (C2) and telemetry, tracking and control (TT&C), jet powered unmanned aerial drone systems, hypersonic vehicles and rocket systems, propulsion systems for dro | These investments include unmanned jet powered aircraft such as Kratos Valkyrie ahead of potential contract award; a hypersonic system fabrication and integration facility including for Kratos Zeus solid rocket missiles (SRMs) and Erinyes hypersonic flight systems in Indiana; the procurement of long",0001069258-26-000013,correct,"autonomous, unmanned"
AEVA,"Aeva Technologies, Inc.",robotics,autonomous_drone,keywords,84,183.17,"{""autonomous vehicle"": 3, ""autonomous driving"": 4, ""self-driving"": 1, ""lidar"": 76}",Semiconductors,3714,"Through our Frequency Modulated Continuous Wave (“FMCW”) sensing technology, we believe we are introducing the world’s first 4D LiDAR-on-chip that, along with our proprietary software applications, have the potential to enable the adoption of LiDAR across broad applications. | Our 4D LiDAR-on-chip combines silicon photonics technology that is proven in the telecom industry with precise instant velocity measurements and long-range performance for commercialization.",0001193125-26-116518,correct,"autonomous, lidar"
VWAV,"VisionWave Holdings, Inc.",robotics,autonomous_drone,keywords,12,61.73,"{""drone"": 8, ""unmanned aerial"": 2, ""unmanned aircraft"": 2}",Aerospace & Defense,7372,"(a Nevada corporation, “VisionWave Technologies”), we design, prototype, and deploy technologies including high-resolution radars, advanced vision systems, radio frequency (“RF”) sensing innovations, unmanned aerial systems (“UAS”), unmanned ground vehicles (“UGVs”), remote weapon stations (“RWS”),  | 1 The following table summarizes our key product lines as of the date hereof: Product Line Description Domain Status and Key Features C-UAS (Counter-Unmanned Aircraft System) Autonomous detection, tracking, and neutralization of aerial threats using onboard AI-driven sensors and effectors.",0001731122-25-001750,correct,autonomous
CYN,Cyngn Inc.,robotics,autonomous_drone,keywords,32,46.37,"{""autonomous vehicle"": 18, ""autonomous driving"": 8, ""self-driving"": 5, ""lidar"": 1}",Software - Application,7371,"is an autonomous vehicle (“AV”) technology company that is focused on addressing industrial uses for autonomous vehicles. | We integrate our full-stack autonomous driving software, DriveMod, onto vehicles manufactured by Original Equipment Manufacturers (“OEM”) by integration directly into vehicle assembly.",0001213900-26-034900,correct,"autonomous, self-driving"
SPAI,Safe Pro Group Inc. Common Stock,robotics,autonomous_drone,keywords,60,84.58,"{""drone"": 60}",Aerospace & Defense,7372,"Our strategic emphasis is on the development of a software-based ecosystem for analyzing drone imagery and data utilizing proprietary artificial intelligence (“AI”), machine learning, deep learning, and applied computer vision software for hyper scalable processing, analysis, and reporting. | Our core capabilities include artificial intelligence/machine learning, mission critical drone services and manufacturing of high performance ballistic protective products.",0001493152-26-014181,correct,"drone, unmanned"
RCAT,"Red Cat Holdings, Inc.",robotics,autonomous_drone,keywords,32,81.42,"{""drone"": 26, ""unmanned aerial"": 2, ""unmanned aircraft"": 4}",Aerospace & Defense,7372,"BUSINESS Overview  We are a U.S.-based provider of advanced all-domain drone and robotic solutions for defense, national security, and commercial applications. | Our family of systems delivers tactical capabilities in small, unmanned aircraft systems (sUAS) and uncrewed surface vessels (USVs), delivering integrated platforms designed to enhance safety and multi-domain mission effectiveness.",0001628280-26-019861,correct,"drone, unmanned"
NKTX,"Nkarta, Inc.",biotech,biotech_all,stage_a,0,0.0,{},Biotechnology,2834,,0001787400-26-000006,correct,"biotech, pharmaceutical, therapeut, clinical"
CTMX,"CytomX Therapeutics, Inc.",biotech,biotech_all,stage_a,0,0.0,{},Biotechnology,2834,,0001193125-26-107146,correct,"biotech, pharmaceutical, therapeut, drug"
KRRO,"Korro Bio, Inc.",biotech,biotech_all,stage_a,0,0.0,{},Biotechnology,2834,,0001193125-26-104156,correct,"biotech, pharmaceutical, therapeut, therap"
IMCR,Immunocore Holdings plc,biotech,biotech_all,stage_a,0,0.0,{},Biotechnology,2836,,0001671927-26-000005,correct,"biotech, therapeut, clinical, therap"
SPRO,"Spero Therapeutics, Inc.",biotech,biotech_all,stage_a,0,0.0,{},Biotechnology,2834,,0001193125-26-126192,correct,"biotech, pharmaceutical, therapeut, drug"
DWTX,"Dogwood Therapeutics, Inc.",biotech,biotech_all,stage_a,0,0.0,{},Biotechnology,2834,,0001104659-26-031061,correct,"biotech, therapeut, therap"
NBIX,"Neurocrine Biosciences, Inc.",biotech,biotech_all,stage_a,0,0.0,{},Biotechnology,2836,,0000914475-26-000007,correct,"biotech, pharmaceutical, therapeut, drug"
COYA,"Coya Therapeutics, Inc.",biotech,biotech_all,stage_a,0,0.0,{},Biotechnology,2834,,0001193125-26-107281,correct,"biotech, therapeut, drug, clinical"
NRXP,"NRx Pharmaceuticals, Inc.",biotech,biotech_all,stage_a,0,0.0,{},Biotechnology,2834,,0001437749-26-009418,correct,"biotech, pharmaceutical, therapeut, clinical"
LQDA,Liquidia Corporation,biotech,biotech_all,stage_a,0,0.0,{},Medical - Pharmaceuticals,2834,,0001104659-26-023804,correct,pharmaceutical
KYNB,"Kyntra Bio, Inc.",biotech,biotech_all,stage_a,0,0.0,{},Biotechnology,2834,,0001193125-26-108346,correct,"biotech, pharmaceutical, biolog, therap"
SKYE,"Skye Bioscience, Inc.",biotech,biotech_all,stage_a,0,0.0,{},Biotechnology,2834,,0001628280-26-016394,correct,"biotech, clinical"
NOVT,Novanta Inc.,robotics,components,keywords,12,15.06,"{""robot"": 12}","Hardware, Equipment & Parts",3690,"We combine deep proprietary technology expertise and competencies in precision medicine, precision manufacturing, robotics and automation, and advanced surgery with a proven ability to solve complex technical challenges. | Strategy  Our strategy is to drive sustainable, profitable growth through short-term and long-term initiatives, including:  • disciplined focus on our diversified business model of providing proprietary technology solutions to long life-cycle OEM customer platforms in attractive medical and advanced",0001193125-26-064230,correct,"robot, motion, servo, machine vision"
TER,"Teradyne, Inc.",robotics,components,keywords,34,71.4,"{""robot"": 34}",Semiconductors,3825,"(“Teradyne”) was founded in 1960 and is a leading global provider of automated test equipment and robotics solutions. | Teradyne's robotics product offerings consist primarily of collaborative robotic arms and autonomous mobile robots used by global manufacturing, logistics and industrial customers to improve quality, increase manufacturing and material handling efficiency while reducing costs.",0001193125-26-059002,correct,"robot, automation"
ALGM,"Allegro MicroSystems, Inc.",robotics,components,keywords,28,26.66,"{""robot"": 28}",Semiconductors,3674,"Our Mission Our mission is to be the leader in global semiconductor technology with sensing and power solutions that drive electrification, automation, AI, and robotics forward. | We primarily serve automotive and industrial markets, including advanced industrial markets such as AI data centers, robotics, and energy infrastructure, where our solutions enable customers to sense, move, and manage power with efficiency, precision, and reliability.",0001193125-26-233537,correct,"motion, sensor"
CEVA,"CEVA, Inc.",robotics,components,keywords,9,17.19,"{""robot"": 9}",Semiconductors,7370,"Sense - rich perception from audio, imaging, inertial, and RF sensors  The rise of sensor‑rich products such as wearables, XR devices, smart cameras, robotics, and advanced automotive systems is driving demand for sophisticated sensor‑fusion algorithms, advanced audio processing, spatial awareness,  | This expansion is being propelled by sustained advancements in mobile computing, industrial automation, automotive sensing, robotics, and the rapid adoption of both generative AI and embedded AI across a wide range of end markets.",0001437749-26-006091,correct,"robot, sensor, machine vision"
AMBA,"Ambarella, Inc.",robotics,components,keywords,21,24.2,"{""robot"": 21}",Semiconductors,3674,"Our products are used in a wide variety of human viewing, computer vision for edge and physical AI applications, including a variety of video security cameras, automotive camera systems, fixed robots, autonomous mobile robots (AMRs), industrial applications, intelligent transportation systems, and c | It delivers exceptional AI performance for sophisticated computer vision and multi-modal processing in next-generation automotive, security, and robotics systems.",0001193125-26-119321,correct,robot
OUST,"Ouster, Inc.",robotics,components,keywords,17,26.34,"{""robot"": 17}",Semiconductors,3569,"•Robotics. | Our robotics customers are pioneering an automated future that can affect many aspects of our daily lives as they take on tasks that are redundant, cumbersome, expensive or dangerous for humans.",0001628280-26-013313,correct,"robot, motion, sensor"
FPS,"Forgent Power Solutions, Inc.",energy,grid_equipment,keywords,20,48.17,"{""switchgear"": 5, ""transformer"": 11, ""power grid"": 1, ""data center power"": 1, ""electrical infrastructure"": 2}",Electrical Equipment & Parts,3620,"Overview Forgent is a leading designer and manufacturer of electrical distribution equipment used in data centers, the power grid and energy-intensive industrial facilities. | Major product categories of electrical distribution equipment that we manufacture and sell include automatic transfer switches (“ATS”), dry type transformers, electrical houses (“eHouse”), generator connection cabinets, liquid filled transformers, panelboards, power distribution units (“PDU”), power",0002080126-26-000035,correct,"transformer, switchgear, grid, electrical"
SMR,NuScale Power Corporation,energy,grid_equipment,keywords,7,7.9,"{""transmission"": 7}",Electrical Equipment & Parts,3443,"Furthermore, SMRs can be sited closer to the end-user, significantly reducing the need for transmission infrastructure while also providing ancillary benefits such as process heat to end users. | The NuScale SMR-based plant is the only commercial nuclear power plant approved by the NRC without requiring any connections to the transmission grid for safety.",0001822966-26-000018,correct,"electrical, power"
AMSC,American Superconductor Corporation,energy,grid_equipment,keywords,54,62.97,"{""transmission"": 16, ""switchgear"": 1, ""transformer"": 17, ""power grid"": 19, ""electrical infrastructure"": 1}",Electrical Equipment & Parts,3621,"Our voltage compensators, capacitors, transformers and rectifiers can power the energy-intensive factories of the future while reducing the risk of costly power interruptions that could hinder this journey to a better future. | Our power grid and wind products and services provide exceptional reliability, security, efficiency, and affordability to our customers.",0001437749-26-018542,correct,"transmission, transformer, grid, electrical"
FCEL,"FuelCell Energy, Inc.",energy,grid_equipment,keywords,6,4.23,"{""transmission"": 6}",Electrical Equipment & Parts,3620,"We focus our expansion on markets and regions that value clean distributed generation, have poor grid reliability and/or challenged transmission and distribution lines, and can benefit from the value streams our products provide. | 9 Table of Contents This macro trend is creating a number of challenges that we believe can be addressed with solutions such as our carbonate fuel cell platform: Demand surge from AI/Cloud: The exponential rise of AI and cloud workloads is driving electricity demand far beyond what current transmiss",0001104659-25-122302,correct,"grid, electrical, power"
BE,Bloom Energy Corporation,energy,grid_equipment,keywords,7,6.43,"{""transmission"": 6, ""electrical infrastructure"": 1}",Electrical Equipment & Parts,3620,"Extended permitting timelines and supply chain constraints dictate that transmission additions remain limited, and generator interconnection queues at the end of 2024 totaled 2,300 gigawatts, with typical timelines extending multiple years and further delays. | In addition, because electrical output is delivered directly to the customer’s main electrical feed, the system avoids transmission and distribution losses associated with centralized grid delivery, improving the effective efficiency at the point of use.",0001628280-26-006516,correct,"electrical, power"
PPSI,Pioneer Pow,energy,grid_equipment,keywords,6,22.3,"{""power grid"": 4, ""data center power"": 1, ""electrical infrastructure"": 1}",Electrical Equipment & Parts,3690,"Our Industry The market for Electrical Infrastructure equipment and Critical Power solutions is very fragmented due to the range of equipment types, electrical and mechanical properties, technological standards and service parameters required by different categories of end users for their specific a | We believe that several of the key industry trends supporting future growth in our industry are as follows: ● Aging  and Overburdened North American Power Grid — The aging and overburdened North American power grid is expected to require  significant capital expenditures to upgrade the existing infr",0001493152-26-015715,correct,"transformer, electrical, power"
SYM,Symbotic Inc.,robotics,industrial_automation,keywords,31,30.93,"{""robotic"": 27, ""warehouse automation"": 4}",Industrial - Machinery,3569,"Our robotic based automation systems, which include hardware and essential software, move, store and sort cases and eaches in warehouses. | Our systems are designed to increase efficiency, speed and flexibility of the supply chain by using proprietary robotics and A.I.-powered software for the movement and storage of goods.",0001837240-25-000278,correct,"robot, automation, automated"
RR,Richtech Robotics Inc. Class B Common Stock,robotics,industrial_automation,keywords,92,89.68,"{""industrial robot"": 1, ""robotic"": 91}",Industrial - Machinery,3569,Business Overview Richtech is a robotics and artificial intelligence (“AI”) technology company focused on developing advanced embodied AI systems that aims to improve the efficiency and productivity of U.S. | Richtech trains proprietary artificial intelligence models on in-house data to operate advanced robotic systems in the real world.,0001213900-26-005343,correct,"robot, automation, automated"
CGNX,Cognex Corporation,robotics,industrial_automation,keywords,34,79.85,"{""robotic"": 3, ""factory automation"": 1, ""machine vision"": 30}","Hardware, Equipment & Parts",3823,"ITEM 1: BUSINESS Our Company Founded in 1981, Cognex Corporation (the ""Company” or “Cognex”) makes advanced machine vision easy, paving the way for manufacturing and distribution companies to become faster, smarter, and more efficient through automation. | We are a global technology leader in industrial machine vision systems that seek to improve efficiency and help solve critical manufacturing and distribution challenges, providing support across a diverse set of industrial end markets.",0000851205-26-000012,correct,"robot, machine vision, automated"
HURC,"Hurco Companies, Inc.",robotics,industrial_automation,keywords,15,19.78,"{""motion control"": 2, ""collaborative robot"": 3, ""cobot"": 10}",Industrial - Machinery,3823,"Hurco is the technology and innovation brand for customers who seek to increase productivity and profitability by selecting a brand with the latest software and motion control technology. | ProCobots, LLC (“ProCobots”) is our wholly-owned subsidiary that provides automation solutions, such as feeders, machine tending systems, and collaborative robots (cobots).",0001104659-26-002512,correct,automation
CMCO,Columbus McKinnon Corporation,robotics,industrial_automation,keywords,6,11.18,"{""robotic"": 1, ""motion control"": 5}",Industrial - Machinery,3531,"Key products include hoists, crane components, precision conveyor systems, rigging tools, light rail workstations and digital power and motion control systems. | Our products include a broad variety of offerings for customers, including hoists, crane components, precision conveyor systems, rigging tools, light rail workstations and digital power and motion control systems in a $35 billion Total Addressable Market (“TAM”).",0001005229-26-000022,correct,automation
TEX,Terex Corporation,robotics,industrial_automation,keywords,6,8.81,"{""robotic"": 6}",Industrial - Machinery,3537,"We market our MP products principally under the following brand names and business lines: Terex®, Powerscreen®, Fuchs®, EvoQuip®, Canica®, Cedarapids®, CBI®, Simplicity®, Franna®, Terex Ecotec®, Finlay®, ProAll®, ZenRobotics®, Terex Washing Systems, Terex MPS, Terex Jaques®, Advance®, ProStack®, Bid | Robotic waste sorting equipment consists of smart robots, powered by AI software, designed to pick, sort and recycle waste.",0000097216-26-000035,wrong,no validation term in FMP description
SERV,Serve Robotics Inc.,robotics,industrial_automation,keywords,23,49.96,"{""robotic"": 23}",Industrial - Machinery,3569,"Business Unless otherwise stated or the context otherwise indicates, all references to “Serve,” the “Company,” “we,” “our,” “us,” or similar terms refer to Serve Robotics Inc. | Glossary of Terms and Abbreviations The following is a glossary of technical terms used in this Annual Report on Form 10-K: GPU — Graphical Processing Unit LiDAR — A digital sensor for measuring distance to objects which uses the principle of radar, but uses light from a laser ODD — Operating Design",0001832483-26-000010,correct,robot
KITT,"Nauticus Robotics, Inc.",robotics,industrial_automation,keywords,40,72.28,"{""robotic"": 40}",Aerospace & Defense,3569,"Business Nauticus Robotics, Inc. | (“Nauticus,” “Nauticus Robotics™,” the ""Company"", ""our"", ""us"" or ""we"") is a technology-driven company specializing in the development of advanced fully electric autonomous robotic solutions for subsea applications.",0001849820-26-000051,correct,robot
RRX,Regal Rexnord Corporation,robotics,industrial_automation,keywords,10,21.82,"{""robotic"": 1, ""factory automation"": 3, ""motion control"": 6}",Industrial - Machinery,3569,"The Company's automation offering, comprised of controllers, drives, precision motors, and actuators, controls motion in applications ranging from factory automation to precision tools used in surgical applications. | The Company is comprised of three operating segments: Automation & Motion Control (""AMC""), Industrial Powertrain Solutions (""IPS""), and Power Efficiency Solutions (""PES"").",0000082811-26-000054,correct,motion control
LASE,Laser Photonics Corporation,robotics,industrial_automation,keywords,9,12.74,"{""robotic"": 9}",Industrial - Machinery,3690,"Our CleanTech™ line scales with customer needs, starting with low price-point handheld Laser Blasters™ designed to tackle simple cleaning and surface predation jobs, to high-end AI-controlled, user-programmable C-Robotics™ made for complex, precision production environments. | Since our founding in 2019, we have developed an extensive portfolio of proprietary equipment and technologies that formed the base for our broad product offering, starting from relatively simple handheld devices to fully automatic and operated by AI robotic systems.",0001493152-26-018110,correct,robot
FISN,"Deep Fission, Inc.",energy,nuclear_uranium,keywords,24,23.17,"{""uranium"": 2, ""nuclear fuel"": 7, ""small modular reactor"": 2, ""nuclear reactor"": 13}",Industrial - Machinery,4911,"Business 1.Company Overview We are a nuclear energy technology company developing a small modular reactor (“SMR”) based on established pressurized water reactor (“PWR”) technology, with novel emplacement in deep boreholes approximately one mile below the Earth’s surface. | The Company’s approach to subsurface reactor deployment is supported by its intellectual property portfolio, which includes issued patents and pending patent applications relating to reactor configuration, deep subsurface emplacement, drilling and casing techniques, thermal-hydraulic performance, in",0001104659-26-043870,correct,nuclear
OKLO,Oklo Inc.,energy,nuclear_uranium,keywords,24,40.22,"{""uranium"": 1, ""nuclear fuel"": 22, ""nuclear reactor"": 1}",Independent Power Producers,4911,"Our business addresses this demand by producing electricity and heat from our Aurora powerhouses which can run on fresh, recycled, or down-blended nuclear fuel. | We are also commercializing nuclear fuel recycling technology that can convert used nuclear fuel into usable fuel for our powerhouses and those of others.",0001628280-26-018698,correct,nuclear
EIX,Edison International,energy,nuclear_uranium,keywords,14,6.72,"{""nuclear fuel"": 12, ""nuclear reactor"": 2}",Regulated Electric,4911,"Some of the risks, uncertainties and other important factors that could cause results to differ from those currently expected, or that otherwise could impact Edison International and SCE, include, but are not limited to the: •ability of SCE to recover its costs through regulated rates, timely or at  | Clean firm resources, such as next-generation geothermal, small modular nuclear reactors, natural gas with carbon capture and storage, and clean hydrogen, produce constant power through any weather condition or season with little or no greenhouse gas emissions.",0000827052-26-000012,wrong,no validation term in FMP description
TLN,Talen Energy Corporation,energy,nuclear_uranium,keywords,3,3.42,"{""uranium"": 1, ""nuclear fuel"": 1, ""nuclear reactor"": 1}",Independent Power Producers,4911,"Susquehanna has a portfolio of supply contracts for raw uranium, conversion, enrichment, and fabrication. | Our nuclear fuel cycle is fully contracted through the 2028 fuel load, more than 50% contracted through 2029, and over 20% contracted through 2030.",0001622536-26-000017,correct,nuclear
LEU,Centrus Energy Corp.,energy,nuclear_uranium,keywords,110,109.87,"{""uranium"": 89, ""nuclear fuel"": 16, ""nuclear reactor"": 5}",Uranium,1400,"Business Overview Centrus Energy Corp., a Delaware corporation, is a trusted supplier of nuclear fuel components for the nuclear power industry, which provides a reliable source of carbon-free energy, and provides enrichment and technical services for public and private customers. | Centrus operates two business segments: (a) LEU, which supplies various components of nuclear fuel to commercial customers from our global network of suppliers, and (b) Technical Solutions, which provides advanced uranium enrichment for the nuclear industry and the U.S.",0001628280-26-007117,correct,"uranium, nuclear"
EU,enCore Energy Corp.,energy,nuclear_uranium,keywords,240,109.21,"{""uranium"": 239, ""nuclear fuel"": 1}",Uranium,1090,"The Company is an “Exploration Stage Issuer” as defined by S-K 1300, as it has not established proven or probable Mineral Reserves, through the completion of a pre-feasibility or feasibility study for any of our uranium projects as required by the SEC is defined as a Development Stage Issuer. | Even though we commenced extraction of uranium at our Rosita Uranium Project and our Alta Mesa Uranium Project, the Company remains classified as an Exploration Stage Issuer and will continue to remain an Exploration Stage Issuer until such time as Proven or Probable Mineral Reserves have been estab",0001628280-26-022507,correct,uranium
NNE,Nano Nuclear Energy Inc.,energy,nuclear_uranium,keywords,83,44.25,"{""uranium"": 37, ""nuclear fuel"": 23, ""small modular reactor"": 2, ""nuclear reactor"": 21}",Electrical Equipment & Parts,4911,"Our dedication extends further, encompassing ambitions within the commercial nuclear fuel transportation sector, the nuclear energy fuel supply chain, technology development, and nuclear consulting services. | Currently, we are in the pre-revenue stage and are principally focused on four business lines as part of our development strategy: ● Nuclear Reactor Business.",0001493152-25-028285,correct,"uranium, nuclear"
UROY,Uranium Royalty Corp.,energy,nuclear_uranium,keywords,141,139.74,"{""uranium"": 129, ""nuclear fuel"": 8, ""nuclear reactor"": 4}",Uranium,6221,"GRR may also be referred to as a “gross value royalty”, or GVR, a “gross proceeds royalty”, or GPR, or a “gross overriding royalty”, or “GORR”; • references to “ISR” mean in-situ recovery, a uranium extraction method; • references to “lbs” mean pounds; • references to “LOM” or “life of mine” mean th | NPI may also be referred to as “net proceeds royalties”, or NPR; • references to “NSR” mean net smelter returns royalty, a form of royalty based on the value of production or net proceeds received by the operator from a smelter or refinery; • references to “ppm” mean parts per million; • references ",0001193125-26-321135,correct,uranium
NFG,National Fuel Gas Company,energy,oil_gas,stage_a,0,0.0,{},Oil & Gas Integrated,4924,,0000070145-25-000039,correct,"oil, natural gas, pipeline, gas"
SOC,Sable Offshore Corp.,energy,oil_gas,stage_a,0,0.0,{},Oil & Gas Drilling,1311,,0001831481-26-000026,correct,"oil, natural gas, drilling, gas"
ET,Energy Transfer LP,energy,oil_gas,stage_a,0,0.0,{},Oil & Gas Midstream,4922,,0001276187-26-000013,correct,"oil, natural gas, petroleum, crude"
BOOM,DMC Global Inc.,energy,oil_gas,stage_a,0,0.0,{},Oil & Gas Equipment & Services,3390,,0000034067-26-000009,correct,"oil, gas"
GEL,"Genesis Energy, L.P.",energy,oil_gas,stage_a,0,0.0,{},Oil & Gas Midstream,4610,,0001022321-26-000008,correct,"oil, natural gas, petroleum, crude"
SUNC,SunocoCorp LLC,energy,oil_gas,stage_a,0,0.0,{},Oil & Gas Midstream,2911,,0002089661-26-000016,correct,"oil, midstream, gas"
SAFX,"XCF Global, Inc. Class A Common Stock",energy,oil_gas,stage_a,0,0.0,{},Oil & Gas Refining & Marketing,2860,,0001493152-26-014280,correct,"oil, refin, gas"
KGS,"Kodiak Gas Services, Inc.",energy,oil_gas,stage_a,0,0.0,{},Oil & Gas Equipment & Services,4922,,0001767042-26-000012,correct,"oil, natural gas, gas"
DWSN,Dawson Geophysical Company,energy,oil_gas,stage_a,0,0.0,{},Oil & Gas Equipment & Services,1382,,0001104659-26-037886,correct,"oil, petroleum, gas"
WKC,World Kinect Corporation,energy,oil_gas,stage_a,0,0.0,{},Oil & Gas Refining & Marketing,5172,,0000789460-26-000015,correct,"oil, natural gas, refin, gas"
WFRD,Weatherford International plc,energy,oil_gas,stage_a,0,0.0,{},Oil & Gas Equipment & Services,3533,,0001603923-26-000014,correct,"oil, natural gas, drilling, gas"
EOG,"EOG Resources, Inc.",energy,oil_gas,stage_a,0,0.0,{},Oil & Gas Exploration & Production,1311,,0000821189-26-000054,correct,"oil, natural gas, crude, gas"
DTB,DTE Energy Company 2020 Series,energy,power_utilities,stage_a,0,0.0,{},Regulated Electric,4911,,0000936340-26-000054,correct,"electric, utility, generation, energy"
ED,"Consolidated Edison, Inc.",energy,power_utilities,stage_a,0,0.0,{},Regulated Electric,4931,,0001047862-26-000031,correct,"electric, power, energy"
NI,NiSource Inc,energy,power_utilities,stage_a,0,0.0,{},Regulated Gas,4931,,0001111711-26-000027,correct,"electric, utility, energy"
WEC,"WEC Energy Group, Inc.",energy,power_utilities,stage_a,0,0.0,{},Regulated Electric,4931,,0000783325-26-000018,correct,"electric, utility, power, generation"
DTW,DTE Energy Company 5.25 % Debentures 2017-01.12.77 Global,energy,power_utilities,stage_a,0,0.0,{},Regulated Electric,4911,,0000936340-26-000054,correct,"electric, utility, power, generation"
HNRG,Hallador Energy Company,energy,power_utilities,stage_a,0,0.0,{},Independent Power Producers,4911,,0001104659-26-027174,correct,"electric, power, generation, energy"
ENJ,"Entergy New Orleans, LLC",energy,power_utilities,stage_a,0,0.0,{},Regulated Gas,4931,,0000065984-26-000174,correct,"electric, utility"
AEP,"American Electric Power Company, Inc.",energy,power_utilities,stage_a,0,0.0,{},Regulated Electric,4911,,0000004904-26-000013,correct,"electric, utility, power, generation"
NKLR,Terra Innovatum Global N.V. Ordinary shares,energy,power_utilities,stage_a,0,0.0,{},Regulated Electric,3443,,0001213900-26-068933,correct,"electric, power, energy"
AVA,Avista Corporation,energy,power_utilities,stage_a,0,0.0,{},Diversified Utilities,4931,,0001193125-26-067872,correct,"electric, utility, power, energy"
UTL,Unitil Corporation,energy,power_utilities,stage_a,0,0.0,{},Diversified Utilities,4931,,0001193125-26-042983,correct,"electric, utility, energy"
EVRG,"Evergy, Inc.",energy,power_utilities,stage_a,0,0.0,{},Regulated Electric,4931,,0001711269-26-000017,correct,"electric, utility, power, generation"
IDA,"IDACORP, Inc.",energy,renewables,keywords,14,17.99,"{""solar"": 6, ""energy storage"": 1, ""battery storage"": 5, ""hydrogen"": 1, ""geothermal"": 1}",Regulated Electric,4911,"Alternative methods of generation, including customer-owned solar and other forms of distributed generation, have the potential to decrease Idaho Power sales to customers. | Alternative methods of generation, including customer-owned solar and other forms of distributed generation, and energy efficiency measures, also have the potential to decrease Idaho Power sales to existing customers.",0001057877-26-000028,wrong,no validation term in FMP description
GPJA,Georgia Power Company 5% JR SUB NT 77,energy,renewables,keywords,9,8.74,"{""solar"": 4, ""energy storage"": 5}",Regulated Electric,4911,"Southern Power develops, constructs, acquires, owns, operates, and manages power generation assets, including battery energy storage projects, and sells electricity at market-based rates in the wholesale market. | Through the 2022 IRP and the 2023 IRP Update, the Georgia PSC has certified resources totaling approximately 13 GWs, approximately nine GWs of which are new generation and battery energy storage facilities that are being, or are expected to be, constructed by Georgia Power.",0000092122-26-000006,correct,"solar, wind"
POR,Portland General Electric Company,energy,renewables,keywords,31,32.4,"{""solar"": 23, ""photovoltaic"": 1, ""energy storage"": 6, ""geothermal"": 1}",Regulated Electric,4911,"Energy efficiency, demand response, conservation measures, and the advancement of technology around distributed generation, including rooftop solar, and storage resources also have an influence on customer demand. | Residential demand is also impacted by energy efficiency measures and increased rooftop solar penetration in the service territory.",0001193125-26-052750,correct,wind
ELC,"Entergy Louisiana, LLC COLLATERAL TR MT",energy,renewables,keywords,108,40.78,"{""solar"": 79, ""photovoltaic"": 23, ""wind turbine"": 1, ""energy storage"": 3, ""battery storage"": 1, ""hydrogen"": 1}",Regulated Electric,4911,"The Utility has a diverse power generation portfolio including nuclear, hydroelectric, solar, and highly efficient natural gas. | The APSC has approved offerings of 280 MW of solar capacity to be made available under this tariff.",0000065984-26-000174,wrong,no validation term in FMP description
PPL,PPL Corporation,energy,renewables,keywords,14,16.01,"{""solar"": 11, ""photovoltaic"": 1, ""energy storage"": 1, ""battery storage"": 1}",Regulated Electric,4911,"During 2025, LG&E's and KU's power plants generated the following amounts of electricity: GWh Fuel Source LG&E KU Coal 10,331  14,738  Gas 1,613  4,899  Hydro 220  105  Solar 8  12  Total (a) 12,172  19,754  (a)This generation represents an increase for LG&E of 3% and an increase for KU of 5% from 2 | LG&E and KU received approval from the KPSC to develop a 4 MW Solar Share facility to service a Solar Share program.",0000922224-26-000008,correct,solar
ENPH,"Enphase Energy, Inc.",energy,renewables,keywords,95,134.39,"{""solar"": 79, ""photovoltaic"": 1, ""energy storage"": 8, ""battery storage"": 7}",Solar,3674,"We deliver smart, easy-to-use solutions that manage solar generation, storage and communication on one platform. | Our intelligent microinverters work with virtually every solar panel made, and when paired with our smart technology, result in one of the industry’s best-performing clean energy systems.",0001463101-26-000013,correct,"solar, storage"
SOMN,The Southern Company,energy,renewables,keywords,9,8.74,"{""solar"": 4, ""energy storage"": 5}",Regulated Electric,4911,"Southern Power develops, constructs, acquires, owns, operates, and manages power generation assets, including battery energy storage projects, and sells electricity at market-based rates in the wholesale market. | Through the 2022 IRP and the 2023 IRP Update, the Georgia PSC has certified resources totaling approximately 13 GWs, approximately nine GWs of which are new generation and battery energy storage facilities that are being, or are expected to be, constructed by Georgia Power.",0000092122-26-000006,correct,"renewable, storage"
FLNC,"Fluence Energy, Inc.",energy,renewables,keywords,153,144.08,"{""solar"": 6, ""energy storage"": 143, ""battery storage"": 4}",Renewable Utilities,3690,Overview  Fluence is a global market leader delivering intelligent energy storage and optimization software for renewables and storage. | Our energy storage solutions and operational services are designed to help create a more resilient grid and unlock the full potential of renewable portfolios.,0001868941-25-000081,correct,"solar, renewable, storage"
SHLS,"Shoals Technologies Group, Inc.",energy,renewables,keywords,45,121.29,"{""solar"": 37, ""photovoltaic"": 1, ""energy storage"": 6, ""battery storage"": 1}",Solar,3674,"Overview Shoals Technologies Group is a leading design-engineering company and manufacturer of advanced electrical infrastructure solutions for mission‑critical applications across solar photovoltaic (PV), BESS, and data center power systems. | In the solar industry, electrical infrastructure is referred to as electrical balance of systems (EBOS).",0001831651-26-000021,correct,solar
TE,T1 Energy Inc,energy,renewables,keywords,138,212.08,"{""solar"": 134, ""photovoltaic"": 1, ""energy storage"": 3}",Electrical Equipment & Parts,3674,"solar supply chain for solar modules to invigorate the United States with scalable, reliable, and low-cost energy. | We currently manufacture and sell photovoltaic (“PV”) solar modules in Texas and are constructing our PV solar cell fab in Texas.",0001992243-26-000007,correct,storage
RUN,Sunrun Inc.,energy,renewables,keywords,57,99.13,"{""solar"": 49, ""energy storage"": 4, ""battery storage"": 4}",Solar,1700,"Sunrun transformed the solar industry in 2007 by removing financial barriers and democratizing access to locally-generated, renewable energy. | Today, Sunrun is the nation’s leading provider of clean energy as a subscription service, offering residential solar and storage with no upfront costs.",0001628280-26-012289,correct,"solar, storage"
ES,Eversource Energy,energy,renewables,keywords,16,13.55,"{""solar"": 12, ""energy storage"": 1, ""fuel cell"": 1, ""geothermal"": 2}",Regulated Electric,4911,"We are engaged primarily in the energy delivery business through the following wholly-owned utility subsidiaries: •The Connecticut Light and Power Company (CL&P), a regulated electric utility that serves residential, commercial and industrial customers in parts of Connecticut; •NSTAR Electric Compan | ELECTRIC DISTRIBUTION SEGMENT Eversource's electric distribution segment consists of the distribution businesses of CL&P, NSTAR Electric and PSNH, which are engaged in the distribution of electricity to retail customers in Connecticut, Massachusetts and New Hampshire, respectively, and the solar pow",0001628280-26-008461,correct,solar
ISRG,"Intuitive Surgical, Inc.",robotics,surgical_medical,keywords,26,15.57,"{""surgical robot"": 1, ""robotic-assisted"": 24, ""robotic system"": 1}",Medical - Instruments & Supplies,3842,"We do so by providing a comprehensive ecosystem that includes robotic-assisted systems, instruments and accessories, customer learning, and customer support services all connected by a digital portfolio that enables actionable insights across the care continuum. | Products Systems Our robotic-assisted platforms extend the care teams’ capabilities to deliver minimally invasive care.",0001035267-26-000010,correct,"surgical, minimally invasive"
SSII,"SS Innovations International, Inc.",robotics,surgical_medical,keywords,100,68.88,"{""surgical robot"": 50, ""robotic surgery"": 9, ""robotic-assisted"": 14, ""robotic assisted"": 3, ""robotic system"": 22, ""robotic platform"": 2}",Medical - Devices,3841,"Overview We are a commercial-stage surgical robotics company focused on transforming patient lives by democratizing access to advanced surgical robotics technologies. | We design, manufacture and market an advanced, next-generation and affordable surgical robotic system called the SSi Mantra Surgical Robotic System (the “SSi Mantra”) intended for use in urology, general, gynecology, colorectal, gastroenterology, head and neck, thoracic and cardiac surgeries.",0001213900-26-025440,correct,"surgical, surgery, robot"
FOCL,EDAP TMS S.A. American Depositary Shares,robotics,surgical_medical,keywords,3,3.86,"{""robotic-assisted"": 2, ""robotic system"": 1}",Medical - Devices,3845,"Our long-term roadmap includes: ● Progressively integrating AI-driven automation; ● Expanding theranostic capabilities through multi-modal imaging integration; ● Developing next-generation probes with improved depth, speed, and acoustic efficiency; and ● Enabling broader interoperability with hospit | Current standard therapies for localized prostate cancer include radical prostatectomy (including robotic-assisted approaches), external beam radiation therapy, brachytherapy, cryotherapy, and active surveillance.",0001104659-26-034528,correct,"surgical, minimally invasive"
TELA,"TELA Bio, Inc.",robotics,surgical_medical,keywords,12,6.15,"{""robotic-assisted"": 12}",Medical - Devices,3841,"In addition, we have also designed an OviTex product specifically for use in laparoscopic and robotic-assisted hernia repair, which we market as OviTex LPR and began commercializing in November 2018. | Surgical hernia repair is performed either through open repair, which uses a single incision to open the abdomen or groin across the hernia, or minimally invasive repair, which  10 Table of Contents involves laparoscopic or robotic-assisted techniques.",0001104659-26-034507,correct,"surgical, surgery, robot"
PRCT,PROCEPT BioRobotics Corporation,robotics,surgical_medical,keywords,35,24.4,"{""surgical robot"": 4, ""robotic system"": 31}",Medical - Devices,3841,"Business Overview We are a surgical robotics company focused on advancing patient care by developing transformative solutions in urology. | We develop, manufacture and sell the AquaBeam Robotic System and HYDROS Robotic System, which are advanced, image-guided, surgical robotic systems for use in minimally invasive urologic surgery, with an initial focus on treating benign prostatic hyperplasia, or BPH.",0001588978-26-000009,correct,"surgical, robot, minimally invasive"
GMED,"Globus Medical, Inc.",robotics,surgical_medical,keywords,4,3.31,"{""robotic surgery"": 1, ""robotic system"": 3}",Medical - Devices,3841,"During the fourth quarter of 2021, the Company acquired Capstone Surgical Technologies, LLC, a company that engages in the business of creating advanced drill and robotic surgery platforms. | The Excelsius® robotic systems are assembled in our facility in Methuen, Massachusetts.",0001628280-26-011209,wrong,no validation term in FMP description
PROF,Profound Medical Corp.,robotics,surgical_medical,keywords,3,1.92,"{""robotic surgery"": 2, ""robotic-assisted"": 1}",Medical - Devices,3841,"Over time, surgery has evolved from an ‘open’ technique, to laparoscopic, to robotic surgery. | Recently, robotic surgery systems have become more common in the market.",0001104659-26-024153,wrong,no validation term in FMP description
TPST,"Tempest Therapeutics, Inc.",biotech,biotech_all,stage_a,0,0.0,{},Biotechnology,2834,,0001193125-26-130490,correct,"biotech, therapeut, drug, clinical"
TECH,Bio-Techne Corporation,biotech,biotech_all,stage_a,0,0.0,{},Biotechnology,2836,,0001104659-26-100322,correct,"biotech, clinical, biolog, therap"
MNR,Mach Natural Resources LP,energy,oil_gas,stage_a,0,0.0,{},Oil & Gas Exploration & Production,1311,,0001628280-26-017249,correct,"oil, natural gas, crude, gas"
GRNT,"Granite Ridge Resources, Inc",energy,oil_gas,stage_a,0,0.0,{},Oil & Gas Exploration & Production,1311,,0001928446-26-000007,correct,"oil, natural gas, gas"
MANE,"Veradermics, Incorporated",biotech,biotech_all,stage_a,0,0.0,{},Biotechnology,2834,,0001827635-26-000013,correct,"biotech, pharmaceutical, therapeut, therap"
TARA,"Protara Therapeutics, Inc.",biotech,biotech_all,stage_a,0,0.0,{},Biotechnology,2836,,0001213900-26-025433,correct,"biotech, therapeut, clinical, therap"
CSBR,"Champions Oncology, Inc.",biotech,biotech_all,stage_a,0,0.0,{},Biotechnology,2836,,0001628280-26-049834,correct,"biotech, pharmaceutical, drug, clinical"
CODX,"Co-Diagnostics, Inc.",biotech,biotech_all,stage_a,0,0.0,{},Biotechnology,3841,,0001493152-26-014158,correct,"biotech, diagnostic"
CAMP,CAMP4 Therapeutics Corporation,biotech,biotech_all,stage_a,0,0.0,{},Biotechnology,2834,,0001736730-26-000016,correct,"biotech, therapeut, therap"
CNP,"CenterPoint Energy, Inc.",energy,renewables,keywords,6,5.25,"{""solar"": 6}",Regulated Electric,4911,"On March 7, 2025, SIGECO acquired 100% of the equity interests in Posey Solar, which was constructing a 191 MW solar array in Posey County, Indiana, for approximately $357 million. | Solar and Wind Indiana Electric has entered into various PPAs to purchase solar power and wind power to meet its future generation needs as reported in the table below: Power Type Counterparty Location Date in Service/Expected Date in Service Capacity (MW) Term (in Years) Wind NextEra Energy, Inc.",0001130310-26-000008,correct,storage
XIFR,"XPLR Infrastructure, LP",energy,renewables,keywords,32,98.86,"{""solar"": 18, ""wind turbine"": 1, ""energy storage"": 1, ""battery storage"": 12}",Renewable Utilities,4911,"XPLR's portfolio is diversified across generation technologies including wind, solar and battery storage projects. | electricity demand will create opportunities for XPLR to invest in its existing portfolio, including through additional investments in renewable energy repowering projects and co-located battery storage and through renewing, extending or recontracting existing PPAs.",0001603145-26-000007,correct,"solar, wind, renewable"
SNDX,"Syndax Pharmaceuticals, Inc.",biotech,biotech_all,stage_a,0,0.0,{},Biotechnology,2834,,0001193125-26-076536,correct,"biotech, pharmaceutical, clinical, therap"
LTRN,Lantern Pharma Inc.,biotech,biotech_all,stage_a,0,0.0,{},Biotechnology,2834,,0001493152-26-013612,correct,"biotech, drug, clinical, therap"
EYPT,"EyePoint Pharmaceuticals, Inc.",biotech,biotech_all,stage_a,0,0.0,{},Biotechnology,3826,,0001193125-26-093917,correct,"biotech, pharmaceutical, therapeut, therap"
VOR,Vor Biopharma Inc.,biotech,biotech_all,stage_a,0,0.0,{},Biotechnology,2836,,0001193125-26-130451,correct,"biotech, drug, clinical, therap"
DFTX,"Definium Therapeutics, Inc.",biotech,biotech_all,stage_a,0,0.0,{},Biotechnology,2833,,0001193125-26-076742,correct,"biotech, pharmaceutical, therapeut, drug"
PRAX,"Praxis Precision Medicines, Inc.",biotech,biotech_all,stage_a,0,0.0,{},Biotechnology,2834,,0001689548-26-000029,correct,"biotech, pharmaceutical, drug, clinical"
ALNY,"Alnylam Pharmaceuticals, Inc.",biotech,biotech_all,stage_a,0,0.0,{},Biotechnology,2834,,0001628280-26-007497,correct,"biotech, pharmaceutical, therapeut, clinical"
QCLS,"Q/C Technologies, Inc.",biotech,biotech_all,stage_a,0,0.0,{},Computer Hardware,2835,,0001493152-26-016872,wrong,no validation term in FMP description
SOJD,Southern Company (The) Series 2,energy,renewables,keywords,9,8.74,"{""solar"": 4, ""energy storage"": 5}",Regulated Electric,4911,"Southern Power develops, constructs, acquires, owns, operates, and manages power generation assets, including battery energy storage projects, and sells electricity at market-based rates in the wholesale market. | Through the 2022 IRP and the 2023 IRP Update, the Georgia PSC has certified resources totaling approximately 13 GWs, approximately nine GWs of which are new generation and battery energy storage facilities that are being, or are expected to be, constructed by Georgia Power.",0000092122-26-000006,correct,renewable
TRAW,"Traws Pharma, Inc.",biotech,biotech_all,stage_a,0,0.0,{},Biotechnology,2834,,0001104659-26-043832,correct,"biotech, pharmaceutical, therapeut, drug"
CLDX,"Celldex Therapeutics, Inc.",biotech,biotech_all,stage_a,0,0.0,{},Biotechnology,2835,,0001104659-26-019652,correct,"biotech, pharmaceutical, therapeut, clinical"
AES,The AES Corporation,energy,renewables,keywords,222,86.56,"{""solar"": 145, ""photovoltaic"": 1, ""energy storage"": 74, ""battery storage"": 1, ""hydrogen"": 1}",Diversified Utilities,4991,"In full year 2025, we: ◦Completed the construction of 3.2 GW of solar, energy storage, and wind; and ◦Signed or were awarded new long-term PPAs for 4.0 GW of renewables. | 54% of the capacity of our generation plants is fueled by renewables, including solar, hydro, wind, energy storage, and landfill gas, which do not have significant fuel costs.",0000874761-26-000063,correct,"solar, wind, renewable, storage"
