sic,sic_description,n_total,n_nasdaq,n_nyse
0.0,,12,0,12
100.0,Agricultural Production-Crops,13,7,6
200.0,Agricultural Prod-Livestock & Animal Specialties,3,3,0
700.0,Agricultural Services,5,4,1
900.0,"Fishing, Hunting and Trapping",1,1,0
1000.0,Metal Mining,45,16,29
1040.0,Gold and Silver Ores,76,15,61
1090.0,Miscellaneous Metal Ores,11,5,6
1220.0,Silver Ores,4,2,2
1221.0,Bituminous Coal & Lignite Surface Mining,5,1,4
1311.0,Crude Petroleum & Natural Gas,88,14,74
1381.0,Drilling Oil & Gas Wells,12,3,9
1382.0,Oil & Gas Field Exploration Services,2,1,1
1389.0,"Oil & Gas Field Services, NEC",20,5,15
1400.0,Mining & Quarrying of  Nonmetallic Minerals (No Fuels),24,10,14
1520.0,General Bldg Contractors - Residential Bldgs,7,4,3
1531.0,Operative Builders,17,2,15
1540.0,General Bldg Contractors - Nonresidential Bldgs,2,1,1
1600.0,Heavy Construction Other Than Bldg Const - Contractors,12,6,6
1623.0,"Water, Sewer, Pipeline, Comm & Power Line Construction",8,5,3
1700.0,Construction - Special Trade Contractors,20,17,3
1731.0,Electrical Work,6,3,3
2000.0,Food and Kindred Products,22,14,8
2011.0,Meat Packing Plants,3,1,2
2013.0,Sausages & Other Prepared Meat Products,3,3,0
2015.0,Poultry Slaughtering and Processing,2,1,1
2020.0,Dairy Products,1,1,0
2024.0,Ice Cream & Frozen Desserts,1,0,1
2030.0,"Canned, Frozen & Preservd Fruit, Veg & Food Specialties",5,2,3
2033.0,"Canned, Fruits, Veg, Preserves, Jams & Jellies",3,2,1
2040.0,Grain Mill Products,5,2,3
2052.0,Cookies & Crackers,1,1,0
2060.0,Sugar & Confectionery Products,4,2,2
2070.0,Fats & Oils,4,1,3
2080.0,Beverages,21,11,10
2082.0,Malt Beverages,4,0,4
2086.0,Bottled & Canned Soft Drinks & Carbonated Waters,10,5,5
2090.0,Miscellaneous Food Preparations & Kindred Products,5,2,3
2100.0,Tobacco Products,2,1,1
2111.0,Cigarettes,6,2,4
2200.0,Textile Mill Products,1,0,1
2211.0,"Broadwoven Fabric Mills, Cotton",2,2,0
2221.0,"Broadwoven Fabric Mills, Man Made Fiber & Silk",1,0,1
2273.0,Carpets & Rugs,2,1,1
2300.0,Apparel & Other Finishd Prods of  Fabrics & Similar Matl,17,7,10
2320.0,"Men's & Boys' Furnishgs, Work Clothg, & Allied Garments",6,1,5
2330.0,"Women's, Misses':  and Juniors Outerwear",2,0,2
2390.0,Miscellaneous Fabricated Textile Products,1,1,0
2400.0,Lumber & Wood Products (No Furniture),4,1,3
2421.0,"Sawmills & Planting Mills, General",2,1,1
2430.0,"Millwood, Veneer, Plywood, & Structural Wood Members",2,0,2
2451.0,Mobile Homes,3,2,1
2510.0,Household Furniture,7,4,3
2511.0,"Wood Household Furniture, (No Upholstered)",3,1,2
2520.0,Office Furniture,1,1,0
2522.0,Office Furniture (No Wood),1,0,1
2531.0,Public Bldg & Related Furniture,1,1,0
2540.0,"Partitions, Shelvg, Lockers, & of fice & Store Fixtures",1,1,0
2611.0,Pulp Mills,2,1,1
2621.0,Paper Mills,5,0,5
2631.0,Paperboard Mills,1,0,1
2650.0,Paperboard Containers & Boxes,5,0,5
2670.0,Converted Paper & Paperboard Prods (No Contaners/Boxes),5,2,3
2673.0,"Plastics, Foil & Coated Paper Bags",1,1,0
2711.0,Newspapers: Publishing or  Publishing & Printing,5,3,2
2721.0,Periodicals: Publishing or  Publishing & Printing,1,0,1
2731.0,Books: Publishing or  Publishing & Printing,3,1,2
2741.0,Miscellaneous Publishing,3,2,1
2750.0,Commercial Printing,6,5,1
2761.0,Manifold Business Forms,1,0,1
2780.0,"Blankbooks, Looseleaf Binders & Bookbindg & Relatd Work",2,0,2
2800.0,Chemicals & Allied Products,16,7,9
2810.0,Industrial Inorganic Chemicals,12,2,10
2820.0,"Plastic Material, Synth Resin/Rubber, Cellulos (No Glass)",2,0,2
2821.0,"Plastic Materials, Synth Resins & Nonvulcan Elastomers",9,1,8
2833.0,Medicinal Chemicals & Botanical Products,19,16,3
2834.0,Pharmaceutical Preparations,503,455,48
2835.0,In Vitro & In Vivo Diagnostic Substances,18,17,1
2836.0,"Biological Products, (No Diagnostic Substances)",160,151,9
2840.0,"Soap, Detergents, Cleang Preparations, Perfumes, Cosmetics",7,2,5
2842.0,"Specialty Cleaning, Polishing and Sanitation Preparations",2,0,2
2844.0,"Perfumes, Cosmetics & Other Toilet Preparations",18,8,10
2851.0,"Paints, Varnishes, Lacquers, Enamels & Allied Prods",3,0,3
2860.0,Industrial Organic Chemicals,22,12,10
2870.0,Agricultural Chemicals,12,5,7
2890.0,Miscellaneous Chemical Products,8,3,5
2891.0,Adhesives & Sealants,2,0,2
2911.0,Petroleum Refining,18,2,16
2990.0,Miscellaneous Products of  Petroleum & Coal,2,0,2
3011.0,Tires & Inner Tubes,1,1,0
3021.0,Rubber & Plastics Footwear,4,1,3
3050.0,"Gaskets, Packg & Sealg Devices & Rubber & Plastics Hose",1,0,1
3060.0,"Fabricated Rubber Products, NEC",2,1,1
3080.0,Miscellaneous Plastics Products,1,1,0
3086.0,Plastics Foam Products,1,0,1
3089.0,"Plastics Products, NEC",9,5,4
3100.0,Leather & Leather Products,5,3,2
3140.0,"Footwear, (No Rubber)",5,2,3
3211.0,Flat Glass,1,0,1
3221.0,Glass Containers,1,0,1
3231.0,"Glass Products, Made of  Purchased Glass",1,1,0
3241.0,"Cement, Hydraulic",6,0,6
3260.0,Pottery & Related Products,1,1,0
3272.0,"Concrete Products, Except Block & Brick",3,2,1
3281.0,Cut Stone & Stone Products,1,1,0
3290.0,"Abrasive, Asbestos & Misc Nonmetallic Mineral Prods",2,1,1
3310.0,"Steel Works, Blast Furnaces & Rolling & Finishing Mills",7,2,5
3312.0,"Steel Works, Blast Furnaces & Rolling Mills (Coke Ovens)",13,2,11
3317.0,Steel Pipe & Tubes,4,2,2
3330.0,Primary Smelting & Refining of  Nonferrous Metals,2,1,1
3334.0,Primary Production of  Aluminum,2,1,1
3341.0,Secondary Smelting & Refining of  Nonferrous Metals,3,2,1
3350.0,Rolling Drawing & Extruding of  Nonferrous Metals,5,1,4
3357.0,Drawing & Insulating of  Nonferrous Wire,4,2,2
3360.0,Nonferrous Foundries (Castings),4,3,1
3390.0,Miscellaneous Primary Metal Products,2,1,1
3411.0,Metal Cans,4,0,4
3412.0,"Metal Shipping Barrels, Drums, Kegs & Pails",2,1,1
3420.0,"Cutlery, Handtools & General Hardware",9,4,5
3430.0,"Heating Equip, Except Elec & Warm Air; & Plumbing Fixtures",3,2,1
3433.0,"Heating Equipment, Except Electric & Warm Air Furnaces",2,1,1
3440.0,Fabricated Structural Metal Products,5,1,4
3442.0,"Metal Doors, Sash, Frames, Moldings & Trim",3,1,2
3443.0,Fabricated Plate Work (Boiler Shops),6,5,1
3452.0,"Bolts, Nuts, Screws, Rivets & Washers",1,1,0
3460.0,Metal Forgings & Stampings,4,2,2
3470.0,"Coating, Engraving & Allied Services",3,2,1
3480.0,"Ordnance & Accessories, (No Vehicles/Guided Missiles)",6,4,2
3490.0,Miscellaneous Fabricated Metal Products,10,4,6
3510.0,Engines & Turbines,7,3,4
3523.0,Farm Machinery & Equipment,5,1,4
3524.0,Lawn & Garden Tractors & Home Lawn & Gardens Equip,1,0,1
3530.0,"Construction, Mining & Materials Handling Machinery & Equip",2,1,1
3531.0,Construction Machinery & Equip,8,3,5
3533.0,Oil & Gas Field Machinery & Equipment,18,8,10
3537.0,"Industrial Trucks, Tractors, Trailors & Stackers",2,0,2
3540.0,Metalworkg Machinery & Equipment,4,2,2
3541.0,"Machine Tools, Metal Cutting Types",1,0,1
3550.0,Special Industry Machinery (No Metalworking Machinery),4,0,4
3555.0,Printing Trades Machinery & Equipment,1,1,0
3559.0,"Special Industry Machinery, NEC",13,13,0
3560.0,General Industrial Machinery & Equipment,9,3,6
3561.0,Pumps & Pumping Equipment,7,0,7
3562.0,Ball & Roller Bearings,2,0,2
3564.0,Industrial & Commercial Fans & Blowers & Air Purifing Equip,5,3,2
3569.0,"General Industrial Machinery & Equipment, NEC",16,13,3
3570.0,Computer & office Equipment,3,0,3
3571.0,Electronic Computers,8,6,2
3572.0,Computer Storage Devices,6,5,1
3576.0,Computer Communications Equipment,17,15,2
3577.0,"Computer Peripheral Equipment, NEC",18,17,1
3578.0,Calculating & Accounting Machines (No Electronic Computers),4,0,4
3579.0,"Office Machines, NEC",1,0,1
3580.0,Refrigeration & Service Industry Machinery,7,3,4
3585.0,Air-Cond & Warm Air Heatg Equip & Comm & Indl Refrig Equip,7,2,5
3590.0,Misc Industrial & Commercial Machinery & Equipment,11,7,4
3600.0,Electronic & Other Electrical Equipment (No Computer Equip),7,3,4
3613.0,Switchgear & Switchboard Apparatus,2,2,0
3620.0,Electrical Industrial Apparatus,9,4,5
3621.0,Motors & Generators,6,5,1
3630.0,Household Appliances,6,2,4
3634.0,Electric Housewares & Fans,4,3,1
3640.0,Electric Lighting & Wiring Equipment,7,6,1
3651.0,Household Audio & Video Equipment,9,5,4
3661.0,Telephone & Telegraph Apparatus,9,7,2
3663.0,Radio & Tv Broadcasting & Communications Equipment,21,14,7
3669.0,"Communications Equipment, NEC",12,11,1
3670.0,Electronic Components & Accessories,7,3,4
3672.0,Printed Circuit Boards,12,8,4
3674.0,Semiconductors & Related Devices,100,85,15
3677.0,"Electronic Coils, Transformers & Other Inductors",1,1,0
3678.0,Electronic Connectors,3,1,2
3679.0,"Electronic Components, NEC",13,8,5
3690.0,"Miscellaneous Electrical Machinery, Equipment & Supplies",44,33,11
3711.0,Motor Vehicles & Passenger Car Bodies,27,17,10
3713.0,Truck & Bus Bodies,5,3,2
3714.0,Motor Vehicle Parts & Accessories,36,17,19
3715.0,Truck Trailers,1,0,1
3716.0,Motor Homes,2,0,2
3720.0,Aircraft & Parts,2,0,2
3721.0,Aircraft,15,6,9
3724.0,Aircraft Engines & Engine Parts,7,3,4
3728.0,"Aircraft Parts & Auxiliary Equipment, NEC",14,6,8
3730.0,Ship & Boat Building & Repairing,7,4,3
3743.0,Railroad Equipment,5,2,3
3751.0,"Motorcycles, Bicycles & Parts",5,3,2
3760.0,Guided Missiles & Space Vehicles & Parts,10,4,6
3790.0,Miscellaneous Transportation Equipment,3,2,1
3812.0,"Search, Detection, Navigation, Guidance, Aeronautical Sys",11,6,5
3821.0,Laboratory Apparatus & Furniture,1,1,0
3822.0,Auto Controls For Regulating Residential & Comml Environments,1,0,1
3823.0,"Industrial Instruments For Measurement, Display, and Control",16,9,7
3824.0,Totalizing Fluid Meters & Counting Devices,2,0,2
3825.0,Instruments For Meas & Testing of  Electricity & Elec Signals,10,8,2
3826.0,Laboratory Analytical Instruments,22,16,6
3827.0,Optical Instruments & Lenses,7,6,1
3829.0,"Measuring & Controlling Devices, NEC",10,4,6
3841.0,Surgical & Medical Instruments & Apparatus,121,99,22
3842.0,"Orthopedic, Prosthetic & Surgical Appliances & Supplies",26,15,11
3843.0,Dental Equipment & Supplies,2,1,1
3844.0,X-Ray Apparatus & Tubes & Related Irradiation Apparatus,4,2,2
3845.0,Electromedical & Electrotherapeutic Apparatus,26,20,6
3851.0,Ophthalmic Goods,8,5,3
3861.0,Photographic Equipment & Supplies,4,1,3
3873.0,"Watches, Clocks, Clockwork Operated Devices/Parts",2,1,1
3910.0,"Jewelry, Silverware & Plated Ware",1,1,0
3942.0,Dolls & Stuffed Toys,1,1,0
3944.0,"Games, Toys & Children's Vehicles (No Dolls & Bicycles)",4,4,0
3949.0,"Sporting & Athletic Goods, NEC",13,10,3
3990.0,Miscellaneous Manufacturing Industries,10,6,4
4011.0,"Railroads, Line-Haul Operating",6,2,4
4100.0,Local & Suburban Transit & Interurban Hwy Passenger Trans,1,1,0
4210.0,Trucking & Courier Services (No Air),8,4,4
4213.0,Trucking (No Local),13,10,3
4220.0,Public Warehousing & Storage,1,1,0
4400.0,Water Transportation,23,6,17
4412.0,Deep Sea Foreign Transportation of  Freight,44,21,23
4512.0,"Air Transportation, Scheduled",17,8,9
4513.0,Air Courier Services,3,1,2
4522.0,"Air Transportation, Nonscheduled",6,1,5
4581.0,"Airports, Flying Fields & Airport Terminal Services",4,1,3
4610.0,Pipe Lines (No Natural Gas),8,2,6
4700.0,Transportation Services,18,9,9
4731.0,Arrangement of  Transportation of  Freight & Cargo,17,13,4
4812.0,Radiotelephone Communications,13,8,5
4813.0,Telephone Communications (No Radiotelephone),23,8,15
4822.0,Telegraph & Other Message Communications,3,3,0
4832.0,Radio Broadcasting Stations,9,6,3
4833.0,Television Broadcasting Stations,12,7,5
4841.0,Cable & Other Pay Television Services,13,9,4
4899.0,"Communications Services, NEC",20,17,3
4900.0,"Electric, Gas & Sanitary Services",1,1,0
4911.0,Electric Services,63,15,48
4922.0,Natural Gas Transmission,18,0,18
4923.0,Natural Gas Transmisison & Distribution,7,2,5
4924.0,Natural Gas Distribution,14,3,11
4931.0,Electric & Other Services Combined,21,8,13
4932.0,Gas & Other Services Combined,5,3,2
4941.0,Water Supply,13,8,5
4950.0,Sanitary Services,2,2,0
4953.0,Refuse Systems,11,5,6
4955.0,Hazardous Waste Management,3,2,1
4991.0,Cogeneration Services & Small Power Producers,1,0,1
5000.0,Wholesale-Durable Goods,2,1,1
5010.0,Wholesale-Motor Vehicles & Motor Vehicle Parts & Supplies,3,3,0
5013.0,Wholesale-Motor Vehicle Supplies & New Parts,1,0,1
5030.0,Wholesale-Lumber & Other Construction Materials,6,2,4
5031.0,"Wholesale-Lumber, Plywood, Millwork & Wood Panels",1,0,1
5040.0,Wholesale-Professional & Commercial Equipment & Supplies,2,1,1
5045.0,Wholesale-Computers & Peripheral Equipment & Software,8,6,2
5047.0,"Wholesale-Medical, Dental & Hospital Equipment & Supplies",2,1,1
5050.0,Wholesale-Metals & Minerals (No Petroleum),1,1,0
5051.0,Wholesale-Metals Service Centers & of fices,4,2,2
5063.0,"Wholesale-Electrical Apparatus & Equipment, Wiring Supplies ",1,0,1
5064.0,"Wholesale-Electrical Appliances, Tv & Radio Sets",1,1,0
5065.0,"Wholesale-Electronic Parts & Equipment, NEC",6,3,3
5070.0,Wholesale-Hardware & Plumbing & Heating Equipment & Supplies,2,0,2
5072.0,Wholesale-Hardware,2,0,2
5080.0,"Wholesale-Machinery, Equipment & Supplies",6,5,1
5084.0,Wholesale-Industrial Machinery & Equipment,4,1,3
5090.0,Wholesale-Misc Durable Goods,2,2,0
5094.0,"Wholesale-Jewelry, Watches, Precious Stones & Metals",2,1,1
5099.0,"Wholesale-Durable Goods, NEC",4,3,1
5122.0,"Wholesale-Drugs, Proprietaries & Druggists' Sundries",9,4,5
5130.0,"Wholesale-Apparel, Piece Goods & Notions",1,1,0
5140.0,Wholesale-Groceries & Related Products,5,3,2
5141.0,"Wholesale-Groceries, General Line",5,2,3
5150.0,Wholesale-Farm Product Raw Materials,4,2,2
5160.0,Wholesale-Chemicals & Allied Products,3,2,1
5171.0,Wholesale-Petroleum Bulk Stations & Terminals,2,1,1
5172.0,Wholesale-Petroleum & Petroleum Products (No Bulk Stations),8,5,3
5180.0,"Wholesale-Beer, Wine & Distilled Alcoholic Beverages",3,3,0
5190.0,Wholesale-Miscellaneous Nondurable Goods,5,4,1
5200.0,"Retail-Building Materials, Hardware, Garden Supply",6,4,2
5211.0,Retail-Lumber & Other Building Materials Dealers,5,1,4
5311.0,Retail-Department Stores,4,0,4
5331.0,Retail-Variety Stores,10,6,4
5400.0,Retail-Food Stores,1,1,0
5411.0,Retail-Grocery Stores,12,6,6
5412.0,Retail-Convenience Stores,1,1,0
5500.0,Retail-Auto Dealers & Gasoline Stations,20,8,12
5531.0,Retail-Auto & Home Supply Stores,6,3,3
5600.0,Retail-Apparel & Accessory Stores,9,7,2
5621.0,Retail-Women's Clothing Stores,2,0,2
5651.0,Retail-Family Clothing Stores,10,5,5
5661.0,Retail-Shoe Stores,4,1,3
5700.0,"Retail-Home Furniture, Furnishings & Equipment Stores",2,1,1
5712.0,Retail-Furniture Stores,6,3,3
5731.0,"Retail-Radio, Tv & Consumer Electronics Stores",2,1,1
5734.0,Retail-Computer & Computer Software Stores,1,0,1
5810.0,Retail-Eating & Drinking Places,8,5,3
5812.0,Retail-Eating  Places,45,30,15
5900.0,Retail-Miscellaneous Retail,13,11,2
5912.0,Retail-Drug Stores and Proprietary Stores,5,3,2
5940.0,Retail-Miscellaneous Shopping Goods Stores,5,2,3
5944.0,Retail-Jewelry Stores,2,0,2
5945.0,"Retail-Hobby, Toy & Game Shops",2,1,1
5960.0,Retail-Nonstore Retailers,3,3,0
5961.0,Retail-Catalog & Mail-Order Houses,30,17,13
5990.0,"Retail-Retail Stores, NEC",20,14,6
6021.0,National Commercial Banks,83,53,30
6022.0,State Commercial Banks,164,122,42
6029.0,"Commercial Banks, NEC",35,5,30
6035.0,"Savings Institution, Federally Chartered",35,30,5
6036.0,"Savings Institutions, Not Federally Chartered",23,19,4
6099.0,"Functions Related To Depository Banking, NEC",3,3,0
6111.0,Federal & Federally-Sponsored Credit Agencies,1,0,1
6141.0,Personal Credit Institutions,12,7,5
6153.0,Short-Term Business Credit Institutions,5,5,0
6159.0,Miscellaneous Business Credit Institution,4,2,2
6162.0,Mortgage Bankers & Loan Correspondents,6,1,5
6163.0,Loan Brokers,5,3,2
6189.0,Asset-Backed Securities,11,0,11
6199.0,Finance Services,142,103,39
6200.0,"Security & Commodity Brokers, Dealers, Exchanges & Services",14,12,2
6211.0,"Security Brokers, Dealers & Flotation Companies",33,19,14
6221.0,Commodity Contracts Brokers & Dealers,92,21,71
6282.0,Investment Advice,49,20,29
6311.0,Life Insurance,20,2,18
6321.0,Accident & Health Insurance,5,2,3
6324.0,Hospital & Medical Service Plans,10,3,7
6331.0,"Fire, Marine & Casualty Insurance",58,21,37
6351.0,Surety Insurance,8,1,7
6361.0,Title Insurance,4,1,3
6399.0,"Insurance Carriers, NEC",3,1,2
6411.0,"Insurance Agents, Brokers & Service",31,19,12
6500.0,Real Estate,35,12,23
6510.0,Real Estate Operators (No Developers) & Lessors,3,0,3
6512.0,Opeators of  Nonresidential Buildings,4,2,2
6513.0,Operators of  Apartment Buildings,2,1,1
6519.0,"Lessors of  Real Property, NEC",2,2,0
6531.0,Real Estate Agents & Managers (For Others),16,10,6
6552.0,Land Subdividers & Developers (No Cemeteries),3,0,3
6770.0,Blank Checks,293,243,50
6792.0,Oil Royalty Traders,10,1,9
6794.0,Patent Owners & Lessors,11,9,2
6795.0,Mineral Royalty Traders,6,3,3
6798.0,Real Estate Investment Trusts,179,29,150
6799.0,"Investors, NEC",1,0,1
7000.0,"Hotels, Rooming Houses, Camps & Other Lodging Places",3,1,2
7011.0,Hotels & Motels,28,13,15
7200.0,Services-Personal Services,11,5,6
7310.0,Services-Advertising,15,10,5
7311.0,Services-Advertising Agencies,9,7,2
7320.0,"Services-Consumer Credit Reporting, Collection Agencies",4,0,4
7330.0,"Services-Mailing, Reproduction, Commercial Art & Photography",1,1,0
7331.0,Services-Direct Mail Advertising Services,1,1,0
7340.0,Services-To Dwellings & Other Buildings,7,4,3
7350.0,Services-Miscellaneous Equipment Rental & Leasing,4,2,2
7359.0,"Services-Equipment Rental & Leasing, NEC",11,5,6
7361.0,Services-Employment Agencies,4,2,2
7363.0,Services-Help Supply Services,17,9,8
7370.0,"Services-Computer Programming, Data Processing, Etc.",79,62,17
7371.0,Services-Computer Programming Services,36,30,6
7372.0,Services-Prepackaged Software,236,178,58
7373.0,Services-Computer Integrated Systems Design,48,37,11
7374.0,Services-Computer Processing & Data Preparation,79,60,19
7377.0,Services-Computer Rental & Leasing,1,1,0
7380.0,Services-Miscellaneous Business Services,7,4,3
7381.0,"Services-Detective, Guard & Armored Car Services",6,3,3
7389.0,"Services-Business Services, NEC",105,66,39
7500.0,"Services-Automotive Repair, Services & Parking",7,6,1
7510.0,Services-Auto Rental & Leasing (No Drivers),6,3,3
7600.0,Services-Miscellaneous Repair Services,2,1,1
7812.0,Services-Motion Picture & Video Tape Production,8,3,5
7819.0,Services-Allied To Motion Picture Production,1,1,0
7830.0,Services-Motion Picture Theaters,4,1,3
7841.0,Services-Video Tape Rental,3,3,0
7900.0,Services-Amusement & Recreation Services,19,10,9
7948.0,"Services-Racing, Including Track Operation",2,2,0
7990.0,Services-Miscellaneous Amusement & Recreation,24,9,15
7997.0,Services-Membership Sports & Recreation Clubs,4,2,2
8000.0,Services-Health Services,13,12,1
8011.0,Services-Offices & Clinics of  Doctors of  Medicine,10,6,4
8050.0,Services-Nursing & Personal Care Facilities,3,1,2
8051.0,Services-Skilled Nursing Care Facilities,3,1,2
8060.0,Services-Hospitals,2,0,2
8062.0,"Services-General Medical & Surgical Hospitals, NEC",6,1,5
8071.0,Services-Medical Laboratories,27,24,3
8082.0,Services-Home Health Care Services,6,5,1
8090.0,"Services-Misc Health & Allied Services, NEC",12,8,4
8093.0,"Services-Specialty Outpatient Facilities, NEC",2,1,1
8111.0,Services-Legal Services,1,1,0
8200.0,Services-Educational Services,42,25,17
8351.0,Services-Child Day Care Services,2,0,2
8700.0,"Services-Engineering, Accounting, Research, Management",3,3,0
8711.0,Services-Engineering Services,9,6,3
8731.0,Services-Commercial Physical & Biological Research,13,11,2
8734.0,Services-Testing Laboratories,3,2,1
8741.0,Services-Management Services,5,1,4
8742.0,Services-Management Consulting Services,34,25,9
8744.0,Services-Facilities Support Management Services,3,2,1
8880.0,American Depositary Receipts,1,1,0
