symbol,fmp_date,eps_actual,k8_acceptance_et,k8_accession,gap_days,agree_same_day,agree_within_1,after_close
GMED,2019-08-01,0.41,2019-08-01 16:23:44,0001237831-19-000040,0,True,True,True
PHIN,2025-04-25,0.94,2025-04-25 07:32:18,0001968915-25-000028,0,True,True,False
ACIW,2022-02-24,0.93,2022-02-24 09:19:22,0000935036-22-000007,0,True,True,False
ERAS,2026-03-12,-0.1,2026-03-12 16:05:28,0001193125-26-104105,0,True,True,True
LUNG,2021-03-02,-0.27,2021-03-02 16:03:44,0001127537-21-000002,0,True,True,True
VTOL,2023-11-02,0.15,2023-11-01 16:25:58,0001525221-23-000058,-1,False,True,True
NXXT,2023-08-22,-17.8,2023-08-24 16:01:28,0001493152-23-030092,2,False,False,True
MIND,2022-04-20,-4.3,2022-04-20 16:38:02,0001437749-22-009347,0,True,True,True
TXN,2020-01-22,1.12,2020-01-22 16:03:31,0000097476-20-000006,0,True,True,True
AMRX,2023-05-05,0.12,2023-05-05 06:17:47,0001723128-23-000017,0,True,True,False
EGY,2023-08-09,0.11,2023-08-09 16:46:50,0001437749-23-022814,0,True,True,True
FLUX,2022-05-12,-0.23,2022-05-12 16:06:36,0001493152-22-013025,0,True,True,True
SEI,2022-10-31,0.22,2022-10-31 16:59:34,0001697500-22-000040,0,True,True,True
CSW,2014-09-30,0.529,2015-11-16 16:09:58,0001193125-15-378406,412,False,False,True
THRM,2012-11-01,0.15,2012-11-02 15:35:03,0001193125-12-448969,1,False,True,False
SGU,2021-02-03,0.74,2021-02-03 16:30:13,0001171843-21-000718,0,True,True,True
ITRI,2023-05-04,0.49,2023-05-04 08:35:23,0001157523-23-000731,0,True,True,False
MCHP,2024-02-01,1.08,2024-02-01 16:12:25,0000827054-24-000022,0,True,True,True
MOG-A,2016-04-29,0.85,2016-04-29 08:49:57,0000067887-16-000181,0,True,True,False
INTU,2019-05-23,5.55,2019-05-23 16:02:22,0000896878-19-000076,0,True,True,True
