date,ai/ai_compute,ai/ai_infrastructure,biotech/biotech_all,biotech/biotech_tools,cyber_cloud/cloud_saas,cyber_cloud/cybersecurity,defense_space/defense,defense_space/space,energy/grid_equipment,energy/nuclear_uranium,energy/oil_gas,energy/power_utilities,energy/renewables,robotics/components,robotics/industrial_automation,robotics/surgical_medical,semiconductors/semi_equipment,semiconductors/semis_all,robotics/autonomous_drone,ai/ai_software,defense_space/quantum
2011-06-30,2.0,35,216,26,53,5,62,27,8,21,120,51,21,1.0,10,1,24,73,0.0,0.0,0.0
2011-07-31,2.0,35,216,26,53,5,62,27,8,21,121,51,21,1.0,10,1,24,73,0.0,0.0,0.0
2011-08-31,2.0,34,216,26,53,5,62,27,8,21,121,51,21,1.0,10,1,24,73,0.0,0.0,0.0
2011-09-30,2.0,34,219,26,55,5,62,27,8,21,120,51,21,1.0,10,1,24,74,0.0,0.0,0.0
2011-10-31,2.0,34,218,26,55,5,62,27,8,21,120,51,21,1.0,10,1,24,74,0.0,0.0,0.0
2011-11-30,2.0,34,218,26,55,5,62,27,8,21,120,51,21,1.0,7,1,24,75,0.0,0.0,0.0
2011-12-31,2.0,35,218,26,55,5,62,27,8,21,120,51,21,1.0,7,1,24,75,0.0,0.0,0.0
2012-01-31,2.0,35,220,26,55,5,62,27,8,21,120,51,21,1.0,7,1,24,75,0.0,0.0,0.0
2012-02-29,2.0,37,223,27,63,5,61,27,7,20,120,51,22,1.0,7,1,24,75,0.0,0.0,0.0
2012-03-31,1.0,34,227,27,69,6,62,27,7,21,129,51,21,0.0,8,1,23,76,0.0,0.0,0.0
2012-04-30,1.0,34,232,27,71,6,62,27,7,21,131,51,21,0.0,8,1,23,76,0.0,0.0,0.0
2012-05-31,1.0,35,234,27,71,6,62,27,7,21,131,51,21,0.0,9,1,23,76,0.0,0.0,0.0
2012-06-30,1.0,37,234,27,71,6,62,27,7,21,131,51,21,0.0,9,1,23,76,1.0,0.0,0.0
2012-07-31,1.0,37,237,27,71,6,62,27,7,21,131,51,21,0.0,9,1,23,76,1.0,0.0,0.0
2012-08-31,1.0,38,237,27,73,6,63,27,7,21,131,51,21,0.0,9,1,23,76,1.0,0.0,0.0
2012-09-30,1.0,38,237,27,72,6,63,27,7,21,131,51,21,0.0,9,1,23,76,1.0,0.0,0.0
2012-10-31,1.0,38,238,27,72,7,63,27,7,21,131,51,21,0.0,9,2,23,76,1.0,0.0,0.0
2012-11-30,1.0,38,238,27,73,8,63,27,7,21,131,51,20,0.0,10,2,23,77,1.0,0.0,0.0
2012-12-31,1.0,38,239,27,73,8,63,27,6,21,131,51,20,0.0,10,2,23,77,1.0,0.0,0.0
2013-01-31,1.0,38,240,27,73,8,63,27,6,21,131,51,20,0.0,10,2,23,77,1.0,0.0,0.0
2013-02-28,1.0,42,245,27,76,7,64,29,6,22,132,51,19,0.0,11,2,24,77,1.0,0.0,0.0
2013-03-31,1.0,45,246,29,86,7,65,35,6,13,142,52,29,1.0,10,2,23,78,1.0,2.0,0.0
2013-04-30,1.0,46,252,29,93,7,66,35,6,13,146,52,29,1.0,10,2,23,79,1.0,2.0,0.0
2013-05-31,1.0,46,252,29,93,7,66,35,6,13,146,52,29,1.0,10,2,23,79,1.0,2.0,0.0
2013-06-30,1.0,46,251,29,93,7,66,35,6,13,146,52,29,1.0,10,2,23,79,1.0,2.0,0.0
2013-07-31,1.0,46,252,29,97,7,66,35,6,13,146,52,29,1.0,10,2,23,79,1.0,2.0,0.0
2013-08-31,1.0,45,252,29,97,7,66,35,6,13,146,52,28,1.0,10,2,24,79,1.0,2.0,0.0
2013-09-30,1.0,44,251,30,98,7,66,35,6,13,146,52,28,1.0,10,2,24,79,1.0,2.0,0.0
2013-10-31,1.0,44,250,30,98,7,66,35,6,13,146,52,28,1.0,10,2,24,79,1.0,2.0,0.0
2013-11-30,1.0,44,250,30,99,7,66,35,6,13,146,52,28,1.0,10,2,25,79,1.0,2.0,0.0
2013-12-31,1.0,44,252,30,100,7,66,35,6,13,146,52,28,1.0,10,2,26,79,1.0,2.0,0.0
2014-01-31,1.0,44,253,30,100,7,66,35,5,13,146,52,28,1.0,10,2,26,79,1.0,2.0,0.0
2014-02-28,1.0,49,254,30,100,8,67,35,5,12,150,52,29,1.0,11,2,25,79,1.0,2.0,0.0
2014-03-31,1.0,52,278,38,106,10,67,33,5,8,153,52,34,1.0,10,3,25,80,2.0,2.0,0.0
2014-04-30,1.0,50,287,38,108,10,67,33,5,8,155,52,35,1.0,10,3,25,81,2.0,2.0,0.0
2014-05-31,1.0,50,287,38,106,12,67,33,5,8,155,52,35,1.0,10,3,25,81,2.0,2.0,0.0
2014-06-30,1.0,51,288,38,106,12,67,33,4,8,155,52,35,1.0,10,3,25,81,2.0,2.0,0.0
2014-07-31,1.0,51,289,38,104,12,67,33,4,8,155,52,35,1.0,10,3,25,81,2.0,2.0,0.0
2014-08-31,1.0,53,290,38,106,12,66,33,4,8,155,52,35,1.0,10,3,25,80,2.0,2.0,0.0
2014-09-30,1.0,54,296,38,106,12,66,33,4,8,155,52,35,1.0,10,2,25,80,2.0,2.0,0.0
2014-10-31,1.0,54,296,38,106,12,67,32,4,8,155,52,35,1.0,10,2,25,80,2.0,2.0,0.0
2014-11-30,1.0,54,298,38,106,12,67,31,4,8,155,52,35,1.0,11,2,25,80,2.0,2.0,0.0
2014-12-31,1.0,54,299,39,106,12,67,31,4,8,155,52,35,1.0,11,2,25,80,2.0,2.0,0.0
2015-01-31,1.0,55,296,39,106,12,67,31,4,8,155,52,35,1.0,11,2,25,80,2.0,2.0,0.0
2015-02-28,0.0,57,298,41,112,12,66,28,4,8,158,52,37,1.0,11,2,25,81,3.0,2.0,0.0
2015-03-31,1.0,63,341,42,122,12,69,33,4,8,161,52,38,1.0,13,1,25,82,4.0,2.0,0.0
2015-04-30,1.0,63,349,43,129,12,69,33,4,8,161,52,38,1.0,12,1,25,83,4.0,2.0,0.0
2015-05-31,1.0,63,349,43,131,12,69,33,4,8,161,52,38,1.0,12,1,26,84,4.0,2.0,0.0
2015-06-30,1.0,65,349,43,131,12,69,33,4,8,162,52,38,1.0,12,1,26,84,4.0,2.0,0.0
2015-07-31,1.0,65,349,43,131,12,69,33,4,8,162,52,38,1.0,12,1,26,84,4.0,2.0,0.0
2015-08-31,1.0,66,348,43,131,12,70,33,4,8,162,52,39,1.0,12,2,26,85,4.0,2.0,0.0
2015-09-30,1.0,66,348,43,130,12,70,33,4,8,162,52,39,1.0,12,2,26,85,4.0,2.0,0.0
2015-10-31,1.0,66,349,43,131,12,70,33,4,8,162,52,39,1.0,12,2,26,85,4.0,2.0,0.0
2015-11-30,1.0,66,349,43,130,12,70,33,4,8,162,52,39,1.0,12,2,26,85,4.0,3.0,0.0
2015-12-31,1.0,66,350,43,130,12,70,32,4,8,162,52,39,1.0,12,2,26,85,4.0,3.0,0.0
2016-01-31,1.0,66,350,43,130,12,70,32,4,8,162,52,39,1.0,12,2,26,85,4.0,3.0,0.0
2016-02-29,1.0,64,351,43,133,14,72,34,4,4,167,54,41,1.0,12,2,25,85,4.0,5.0,0.0
2016-03-31,1.0,62,385,45,133,18,75,40,4,6,169,54,42,2.0,13,3,25,85,4.0,8.0,0.0
2016-04-30,1.0,63,390,47,134,18,76,40,4,6,170,54,43,2.0,13,3,25,85,4.0,8.0,0.0
2016-05-31,1.0,63,390,47,133,18,76,40,4,6,170,54,43,2.0,13,3,25,85,4.0,8.0,0.0
2016-06-30,2.0,62,391,47,133,19,76,40,4,6,170,54,43,2.0,13,3,25,85,4.0,8.0,0.0
2016-07-31,2.0,62,391,47,133,19,76,40,4,6,170,54,43,2.0,13,3,25,84,4.0,8.0,0.0
2016-08-31,2.0,61,391,47,132,19,77,40,4,6,170,54,43,2.0,13,3,26,83,4.0,8.0,0.0
2016-09-30,2.0,61,389,47,134,18,79,38,4,6,170,54,43,2.0,13,4,26,83,4.0,8.0,0.0
2016-10-31,2.0,61,388,47,134,18,78,39,4,6,169,54,42,2.0,13,4,26,82,4.0,9.0,0.0
2016-11-30,3.0,62,388,47,135,18,78,39,4,6,169,54,42,2.0,13,4,26,82,4.0,10.0,0.0
2016-12-31,3.0,62,388,47,136,18,78,39,4,6,169,54,41,2.0,13,4,26,81,4.0,11.0,0.0
2017-01-31,3.0,63,389,47,136,18,78,39,4,6,170,54,41,2.0,13,4,26,81,4.0,12.0,0.0
2017-02-28,5.0,66,393,47,132,18,78,39,4,6,172,51,44,2.0,12,4,26,82,4.0,21.0,0.0
2017-03-31,5.0,67,414,50,133,19,79,36,4,6,179,51,44,1.0,12,3,26,86,4.0,23.0,0.0
2017-04-30,5.0,68,424,50,139,16,79,36,4,6,179,55,44,1.0,12,3,26,87,4.0,25.0,0.0
2017-05-31,6.0,68,425,50,139,16,79,36,4,6,179,55,44,1.0,12,3,26,87,4.0,25.0,0.0
2017-06-30,6.0,69,427,50,139,16,79,36,4,6,179,55,44,1.0,12,3,25,87,4.0,25.0,0.0
2017-07-31,6.0,69,427,50,139,16,79,36,4,6,180,55,44,1.0,12,3,25,87,4.0,27.0,0.0
2017-08-31,6.0,70,427,48,136,16,79,36,4,6,180,55,44,1.0,12,3,25,85,4.0,27.0,0.0
2017-09-30,6.0,69,425,48,133,16,79,36,4,5,180,55,44,1.0,12,3,23,84,4.0,30.0,0.0
2017-10-31,7.0,67,425,48,133,16,78,36,4,5,180,55,44,1.0,12,3,23,86,4.0,31.0,0.0
2017-11-30,8.0,65,425,48,134,15,77,36,4,5,180,55,44,2.0,9,3,23,84,4.0,31.0,0.0
2017-12-31,8.0,66,425,48,133,15,77,36,4,5,179,55,44,2.0,9,3,23,84,4.0,31.0,0.0
2018-01-31,8.0,66,425,48,133,15,77,36,4,5,179,55,44,2.0,9,3,23,84,4.0,32.0,0.0
2018-02-28,9.0,62,428,48,139,13,75,38,4,5,184,56,44,2.0,8,3,23,83,6.0,36.0,0.0
2018-03-31,12.0,68,449,50,150,13,71,42,4,5,200,56,44,2.0,8,4,24,83,7.0,39.0,0.0
2018-04-30,13.0,68,464,50,152,13,71,42,4,5,200,56,44,2.0,8,5,24,83,7.0,42.0,0.0
2018-05-31,13.0,68,464,50,153,13,72,42,4,5,199,56,44,2.0,8,5,24,83,7.0,42.0,0.0
2018-06-30,13.0,67,464,50,151,13,72,42,4,5,199,56,44,2.0,9,5,24,83,7.0,42.0,0.0
2018-07-31,13.0,67,464,50,151,13,72,42,4,5,199,56,44,2.0,9,5,24,83,7.0,40.0,0.0
2018-08-31,14.0,67,464,50,152,13,72,42,4,5,195,56,44,2.0,9,5,24,83,7.0,41.0,0.0
2018-09-30,14.0,64,457,50,155,12,69,42,4,5,191,55,44,2.0,9,5,23,82,7.0,40.0,0.0
2018-10-31,16.0,64,458,50,154,12,69,42,4,5,191,55,44,2.0,9,5,23,83,7.0,42.0,0.0
2018-11-30,16.0,64,458,50,152,13,69,42,4,5,191,55,44,2.0,9,5,23,83,7.0,43.0,0.0
2018-12-31,16.0,62,459,50,151,14,69,42,4,5,191,55,44,2.0,9,5,23,83,7.0,44.0,0.0
2019-01-31,16.0,62,459,50,151,14,69,42,4,5,190,55,44,2.0,9,5,23,82,7.0,43.0,0.0
2019-02-28,16.0,63,463,49,148,16,66,41,4,4,192,57,44,2.0,10,5,24,82,7.0,46.0,0.0
2019-03-31,23.0,60,506,50,165,17,63,35,5,6,195,56,43,2.0,11,6,23,83,7.0,63.0,1.0
2019-04-30,23.0,60,516,47,170,17,62,35,5,6,196,56,42,2.0,11,6,23,85,7.0,68.0,1.0
2019-05-31,23.0,61,516,47,170,18,62,35,5,6,196,56,42,2.0,11,6,23,84,7.0,68.0,1.0
2019-06-30,23.0,61,515,47,170,18,62,35,5,6,196,56,42,2.0,11,6,23,84,7.0,69.0,1.0
2019-07-31,23.0,61,517,47,171,18,63,35,5,6,196,56,42,2.0,11,6,23,84,7.0,70.0,1.0
2019-08-31,23.0,61,513,47,171,17,62,35,5,5,192,56,42,2.0,11,6,23,84,7.0,70.0,1.0
2019-09-30,24.0,59,507,46,167,19,61,35,5,5,190,56,42,2.0,11,6,23,83,7.0,70.0,1.0
2019-10-31,24.0,59,505,46,168,19,61,35,5,5,189,56,42,2.0,11,6,22,83,7.0,70.0,1.0
2019-11-30,24.0,60,505,46,170,18,61,35,5,5,189,56,43,2.0,12,6,22,83,7.0,70.0,1.0
2019-12-31,24.0,61,505,46,170,18,61,35,5,5,189,56,42,2.0,12,6,22,82,7.0,71.0,1.0
2020-01-31,24.0,62,505,46,168,18,61,35,5,5,189,56,42,2.0,13,6,22,82,7.0,71.0,1.0
2020-02-29,31.0,60,508,48,163,18,64,40,5,5,192,56,43,3.0,12,6,21,81,7.0,74.0,1.0
2020-03-31,30.0,64,557,53,168,25,65,42,5,4,194,56,44,5.0,13,7,22,82,7.0,84.0,1.0
2020-04-30,31.0,65,560,54,171,26,66,42,5,4,194,58,45,5.0,14,7,22,82,7.0,86.0,1.0
2020-05-31,32.0,65,561,54,173,26,66,42,5,4,194,58,45,5.0,14,7,22,82,7.0,89.0,1.0
2020-06-30,32.0,65,562,55,174,24,65,42,5,4,194,58,45,5.0,14,7,21,82,7.0,88.0,1.0
2020-07-31,32.0,65,564,55,175,24,65,42,5,4,194,58,45,5.0,14,7,21,82,7.0,88.0,1.0
2020-08-31,33.0,65,564,55,177,24,64,42,5,4,194,58,45,5.0,15,7,21,82,8.0,87.0,1.0
2020-09-30,34.0,65,565,55,179,24,65,42,5,4,193,58,45,5.0,15,7,21,82,8.0,90.0,1.0
2020-10-31,34.0,66,564,55,180,24,65,42,5,4,193,58,44,5.0,15,6,21,81,8.0,89.0,1.0
2020-11-30,34.0,66,564,55,180,25,65,42,5,2,193,58,45,5.0,15,6,21,81,8.0,90.0,1.0
2020-12-31,36.0,65,565,55,181,25,65,42,5,2,193,58,45,5.0,15,6,21,81,8.0,92.0,1.0
2021-01-31,36.0,64,565,55,181,25,65,42,5,2,193,58,45,5.0,15,6,21,81,8.0,92.0,1.0
2021-02-28,35.0,66,572,55,187,26,66,41,5,2,193,57,47,5.0,19,6,21,83,8.0,98.0,1.0
2021-03-31,37.0,69,660,57,195,28,65,40,5,2,195,57,52,6.0,20,6,23,87,8.0,111.0,1.0
2021-04-30,37.0,73,689,61,199,30,64,40,6,2,195,55,54,6.0,19,6,24,89,8.0,114.0,1.0
2021-05-31,39.0,74,690,61,200,33,64,40,6,2,195,55,55,6.0,19,6,24,90,8.0,114.0,1.0
2021-06-30,40.0,74,690,61,201,33,64,40,6,2,195,55,55,6.0,19,7,24,90,8.0,115.0,1.0
2021-07-31,40.0,74,690,61,201,33,64,40,6,2,195,55,55,6.0,19,7,24,90,8.0,115.0,1.0
2021-08-31,39.0,74,691,62,201,33,65,40,6,2,193,55,55,6.0,19,6,24,89,8.0,115.0,1.0
2021-09-30,39.0,73,693,62,206,32,65,40,6,2,193,55,55,6.0,19,6,24,89,8.0,119.0,1.0
2021-10-31,39.0,73,693,62,206,32,65,40,6,2,192,55,55,6.0,19,6,24,89,8.0,119.0,1.0
2021-11-30,39.0,71,693,62,207,31,65,40,6,2,192,55,55,5.0,18,6,22,90,8.0,120.0,1.0
2021-12-31,39.0,71,693,62,206,31,65,40,6,2,192,55,56,5.0,18,6,22,90,8.0,119.0,1.0
2022-01-31,39.0,71,693,62,206,31,65,40,6,2,192,55,56,5.0,18,6,22,90,8.0,119.0,1.0
2022-02-28,39.0,70,697,62,213,31,68,37,6,11,194,50,53,5.0,17,7,22,90,9.0,120.0,1.0
2022-03-31,50.0,75,797,72,258,39,73,43,5,11,196,52,55,7.0,22,6,24,96,17.0,163.0,4.0
2022-04-30,55.0,76,825,75,282,41,74,54,5,11,202,52,59,7.0,23,7,23,98,17.0,176.0,4.0
2022-05-31,57.0,77,825,76,282,42,75,54,5,11,202,52,59,7.0,23,7,23,98,20.0,176.0,4.0
2022-06-30,58.0,76,826,76,282,43,75,54,5,11,202,52,59,7.0,23,7,23,99,20.0,177.0,4.0
2022-07-31,58.0,76,828,76,279,43,75,54,5,11,202,52,59,7.0,23,7,23,99,20.0,177.0,4.0
2022-08-31,58.0,75,823,75,276,43,74,55,5,11,200,52,59,7.0,23,7,23,99,20.0,176.0,4.0
2022-09-30,57.0,75,816,75,267,43,74,53,5,11,196,52,59,7.0,23,7,23,98,20.0,172.0,4.0
2022-10-31,57.0,75,819,75,264,44,74,53,5,11,195,52,59,7.0,23,7,23,97,20.0,171.0,4.0
2022-11-30,57.0,75,818,75,264,43,74,53,5,11,195,52,59,7.0,23,7,23,96,20.0,170.0,4.0
2022-12-31,57.0,76,819,74,266,43,75,53,5,11,195,52,59,7.0,25,7,23,96,20.0,171.0,4.0
2023-01-31,57.0,76,819,74,266,43,75,53,5,11,195,52,59,7.0,25,7,23,96,20.0,171.0,4.0
2023-02-28,53.0,84,819,75,262,43,76,47,5,11,196,53,59,7.0,25,7,23,95,20.0,172.0,4.0
2023-03-31,53.0,84,841,75,275,43,76,47,6,11,201,53,59,6.0,28,8,23,95,22.0,187.0,5.0
2023-04-30,57.0,86,849,78,272,45,76,49,6,11,204,53,64,6.0,28,8,24,95,22.0,188.0,6.0
2023-05-31,55.0,88,849,78,271,45,75,49,6,11,204,53,64,6.0,28,8,24,94,22.0,186.0,6.0
2023-06-30,57.0,89,849,78,271,45,75,49,6,11,204,53,65,6.0,28,8,24,95,22.0,186.0,6.0
2023-07-31,57.0,87,849,78,269,47,75,49,6,11,204,53,65,6.0,28,8,24,95,22.0,189.0,6.0
2023-08-31,58.0,85,843,78,260,47,74,49,6,11,198,50,66,6.0,28,8,24,94,21.0,186.0,6.0
2023-09-30,56.0,84,815,78,258,43,74,49,6,11,189,50,65,5.0,28,8,23,93,21.0,187.0,6.0
2023-10-31,57.0,82,814,77,257,42,74,49,6,11,188,50,65,5.0,28,8,23,93,21.0,190.0,6.0
2023-11-30,56.0,82,812,77,257,42,74,49,6,11,188,50,65,5.0,28,8,22,93,21.0,190.0,6.0
2023-12-31,57.0,83,811,77,257,42,73,49,6,11,188,50,65,5.0,28,8,22,93,21.0,190.0,6.0
2024-01-31,58.0,83,812,77,258,42,73,49,6,11,188,50,65,5.0,29,8,22,93,20.0,191.0,6.0
2024-02-29,67.0,83,813,77,257,41,73,50,6,11,190,49,65,5.0,29,8,23,93,21.0,227.0,7.0
2024-03-31,74.0,88,827,79,255,39,71,48,6,11,191,49,68,4.0,30,8,22,98,21.0,245.0,7.0
2024-04-30,76.0,89,837,80,264,39,73,48,6,11,192,49,70,4.0,30,8,21,98,21.0,268.0,7.0
2024-05-31,76.0,90,836,80,263,38,74,49,6,11,192,49,70,4.0,30,8,21,98,21.0,269.0,7.0
2024-06-30,75.0,89,835,80,263,38,74,49,6,11,192,49,70,4.0,30,8,21,98,21.0,270.0,7.0
2024-07-31,75.0,89,835,80,266,38,74,49,6,11,192,49,70,4.0,30,8,21,98,21.0,271.0,7.0
2024-08-31,76.0,90,826,78,264,38,73,48,6,11,185,49,69,4.0,29,8,21,98,21.0,269.0,7.0
2024-09-30,76.0,90,767,75,250,38,73,48,6,11,182,49,68,4.0,26,8,21,98,20.0,262.0,7.0
2024-10-31,76.0,89,753,73,247,38,73,46,6,11,182,49,67,4.0,26,8,21,97,20.0,258.0,7.0
2024-11-30,78.0,89,753,73,245,37,72,46,6,11,182,49,67,4.0,26,8,21,96,20.0,257.0,7.0
2024-12-31,82.0,89,754,73,241,37,73,46,6,12,182,49,67,4.0,26,8,21,97,20.0,256.0,7.0
2025-01-31,82.0,88,753,73,240,37,73,46,6,12,182,49,67,4.0,26,8,21,97,20.0,258.0,7.0
2025-02-28,89.0,88,754,73,245,37,74,49,6,12,183,48,68,4.0,28,9,21,98,20.0,279.0,6.0
2025-03-31,93.0,95,777,74,250,39,79,50,6,16,189,50,68,4.0,28,10,21,98,20.0,301.0,6.0
2025-04-30,95.0,94,791,71,261,39,80,50,5,16,194,53,69,4.0,28,10,22,99,20.0,316.0,6.0
2025-05-31,97.0,94,791,71,261,38,80,51,5,16,194,53,69,5.0,28,10,22,99,20.0,320.0,6.0
2025-06-30,97.0,94,791,71,262,37,79,51,6,16,194,53,69,5.0,28,10,22,99,20.0,320.0,6.0
2025-07-31,97.0,94,791,71,263,37,79,51,6,16,194,53,69,5.0,28,10,22,99,20.0,321.0,6.0
2025-08-31,98.0,94,784,71,257,36,78,49,6,16,183,53,68,5.0,27,10,21,99,20.0,320.0,6.0
2025-09-30,96.0,95,763,69,252,33,77,49,6,16,178,53,68,5.0,26,10,21,99,20.0,314.0,6.0
2025-10-31,96.0,95,753,69,248,33,77,47,6,16,177,53,67,5.0,26,9,20,98,18.0,311.0,6.0
2025-11-30,97.0,95,753,69,248,34,76,47,6,16,177,53,67,5.0,26,9,20,98,18.0,314.0,6.0
2025-12-31,94.0,96,753,68,249,34,76,47,6,16,177,53,67,5.0,26,9,20,98,18.0,315.0,7.0
2026-01-31,94.0,96,752,68,246,34,77,47,6,16,176,53,67,5.0,26,9,20,98,19.0,312.0,7.0
2026-02-28,93.0,106,750,68,240,38,77,44,6,7,178,54,75,5.0,25,9,18,99,21.0,318.0,7.0
2026-03-31,98.0,110,757,67,235,44,80,47,6,7,181,52,74,6.0,24,11,18,101,24.0,337.0,7.0
2026-04-30,101.0,121,763,68,236,45,83,48,7,8,183,52,74,6.0,24,11,18,101,32.0,351.0,8.0
2026-05-31,101.0,121,763,68,235,46,83,48,7,8,183,52,73,7.0,24,11,18,101,32.0,356.0,8.0
2026-06-30,102.0,122,762,68,233,46,83,47,6,8,183,53,73,7.0,24,11,18,101,32.0,358.0,8.0
2026-07-31,102.0,123,762,68,233,46,83,47,6,9,183,53,73,7.0,24,11,18,100,32.0,358.0,8.0
2026-08-31,100.0,121,753,68,227,46,83,46,6,9,176,52,73,7.0,22,11,15,100,32.0,351.0,8.0
2026-09-30,100.0,122,712,68,222,45,82,45,7,9,173,52,69,7.0,22,11,15,100,32.0,349.0,8.0
