,exact_1x,exact_2x,composite_index
2011-07-29,-0.02987669535954851,-0.03295658636696719,-0.05021308039144412
2011-08-31,-0.032434797511084024,-0.032314904374395104,-0.07517526747490674
2011-09-30,-0.040986513297188165,-0.04083041559774425,-0.09799579437266692
2011-10-31,0.13357562929244993,0.13119376096422397,0.1562674634916003
2011-11-30,0.005691598828033273,0.005675641752718841,-0.003915809434443734
2011-12-30,-0.003115507768773562,-0.0031257701343074817,-0.012349637389753176
2012-01-31,0.05377221684515088,0.050714839649023125,0.0860779967666389
2012-02-29,0.0473235514509911,0.04741255092124064,0.04509799174066734
2012-03-30,0.032597750188023245,0.032645953478953826,0.017503093897537254
2012-04-30,-0.0020366232971136267,-0.003826294401647501,-0.021966829412078503
2012-05-31,-0.0855046771412592,-0.08551504638080232,-0.09289937494975808
2012-06-29,0.03822117202801323,0.0380058066934128,0.04044500121497505
2012-07-31,-0.0015943324587602836,-0.0037206546780751415,-0.010693569832543645
2012-08-31,0.030482491113112964,0.030451163092829026,0.036157172372451175
2012-09-28,0.000483708781223946,0.0004474900066773202,0.017148560930179094
2012-10-31,-0.024146987988828417,-0.02661394066748357,-0.033170562336271754
2012-11-30,0.014498248589220442,0.0144909347800517,0.026864544606168547
2012-12-31,0.013603784575173083,0.013644184890130084,0.03374647283477639
2013-01-31,0.054327758513738944,0.052879448378919225,0.06684272755434904
2013-02-28,0.0002938366860054664,0.00038191216631089375,0.004833126669637816
2013-03-28,0.029684500357967103,0.029795369270714023,0.03661825426808052
2013-04-30,-0.002581701815520754,-0.004990910685853667,0.0021624902434631077
2013-05-31,0.03997014284475786,0.04006400009834565,0.04348435302424307
2013-06-28,-0.0287653520079465,-0.028809136065483743,-0.006910062373669241
2013-07-31,0.05721664018161632,0.055327051227024304,0.07113798691572983
2013-08-30,-0.02330257596425689,-0.023279360939188698,-0.019129419336453894
2013-09-30,0.04205297374664374,0.041882259746583106,0.060244810426215885
2013-10-31,0.03903421955745645,0.03735207411407626,0.015684869438733248
2013-11-29,0.026013546227800832,0.02587163267125958,0.03352317525952785
2013-12-31,0.023330576638930678,0.023197755589042135,0.03796537838745366
2014-01-31,0.002177949832160575,-0.00033866409377525386,0.011408688499525125
2014-02-28,0.05425884096996403,0.05421167491023904,0.05073085984195911
2014-03-31,-0.006516780200838013,-0.006691299683143193,-0.010259893609818
2014-04-30,-0.022099412105490823,-0.02506824394780205,-0.04108434822734566
2014-05-30,0.01783959369735122,0.01793336520741784,0.013720293734645363
2014-06-30,0.028719124344939617,0.02886557314932725,0.056478136203237134
2014-07-31,-0.02539952576693849,-0.027005240594577207,-0.04627743462835828
2014-08-29,0.047277673034527457,0.04712680636662725,0.057146528177945424
2014-09-30,-0.01755286825617053,-0.017661689209200415,-0.038711334530201355
2014-10-31,0.013181845322049135,0.011373122580075945,0.03050316411631585
2014-11-28,0.02826538062876449,0.02818001406842563,0.004279579141362143
2014-12-31,0.0020630042450751063,0.002373752081571423,0.014657076634862353
2015-01-30,-0.025444003062678355,-0.027547414319614605,-0.02671983219956311
2015-02-27,0.07131491701157211,0.07130790961443023,0.08112268960865675
2015-03-31,0.002417860665243854,0.0024051274286689406,-0.00314843015811884
2015-04-30,-0.011448442766009537,-0.014022788600350222,-0.0028628985741128068
2015-05-29,0.027327055139277467,0.0272549692452404,0.02667193325270072
2015-06-30,-0.030039962049589142,-0.029905201962888817,-0.02711978949568577
2015-07-31,-0.010328537635086121,-0.01256261475771403,-0.028809514276950263
2015-08-31,-0.06081758451365771,-0.06075338736510705,-0.06680553047822024
2015-09-30,-0.02657125649118497,-0.026981086297939383,-0.06670945623530566
2015-10-30,0.07605583203121302,0.07347643851504015,0.08906278966321018
2015-11-30,0.03217439906484354,0.032352772219506276,0.03578897768850054
2015-12-31,-0.031075094913537993,-0.031129452764510512,-0.04611416113921622
2016-01-29,-0.067820240613086,-0.07073584762768736,-0.104922125330454
2016-02-29,0.02997713173375849,0.029515181869708584,0.014018014161561742
2016-03-31,0.07159126204075927,0.07190884166816436,0.08394110713635218
2016-04-29,-0.01280117881974796,-0.015140273380824798,0.014489280158397969
2016-05-31,0.030170541732011724,0.030319957064125047,0.028596205141244165
2016-06-30,0.0159055304762854,0.01587794954856725,-0.001494717241788073
2016-07-29,0.06461686684325363,0.06185535048838031,0.061540143250455835
2016-08-31,-0.005006336839036507,-0.0050757596212204215,0.014625712088092291
2016-09-30,0.039572915148833765,0.03974183479923643,0.030384613722935556
2016-10-31,-0.025758847243757987,-0.02777035209827683,-0.04971985926918065
2016-11-30,0.04908389419884651,0.04934612501400215,0.07386473948065594
2016-12-30,0.017710357023425605,0.01791982457372776,0.000595551032850145
2017-01-31,0.033358918810721505,0.030378990376587645,0.0351730412209372
2017-02-28,0.03229844505023527,0.032027983388008385,0.03509163126498725
2017-03-31,0.026198550586573388,0.026068414092403236,0.01766363135798809
2017-04-28,0.02403294467473538,0.02123676519939477,0.009203917626121997
2017-05-31,0.037435414831896496,0.037333346752444596,0.023644703575207208
2017-06-30,-0.02395511399135919,-0.023746860368169642,0.002958562413892551
2017-07-31,0.021084315693163713,0.0190101890723966,0.03057474728671095
2017-08-31,0.030258354467739057,0.03006197654678866,0.016573292001094815
2017-09-29,0.025456446051768333,0.02524510085938747,0.04074922718451333
2017-10-31,0.05265699039335803,0.05061461704100911,0.023363950602867025
2017-11-30,0.016766573748270508,0.01676133217234632,0.0056682902233710815
2017-12-29,-0.01258310798182427,-0.01248606588490142,-0.0035971072292187473
2018-01-31,0.07540902226918367,0.07290663111012496,0.05480703970676388
2018-02-28,-0.011405469840345406,-0.011410367609255512,-0.024936098306137022
2018-03-29,-0.0067607886218503666,-0.006850423847585496,-0.003522995968014483
2018-04-30,-0.01696693427945728,-0.01816061077746922,0.0004236624527665931
2018-05-31,0.05830120722333887,0.05816264891978906,0.07267248375368726
2018-06-29,-0.009096029094964986,-0.008654833185226307,0.004678786046682006
2018-07-31,0.04119711817009386,0.03873815906205702,0.02487257092948272
2018-08-31,0.06477258418194554,0.06429148688387176,0.06390713953218369
2018-09-28,-0.019719242895976596,-0.019872379641405646,-0.010534362924532545
2018-10-31,-0.09876837010088313,-0.10120796361129891,-0.1099391734937877
2018-11-30,0.007746100156304392,0.007594182409312644,0.01585843554118804
2018-12-31,-0.09655827644444948,-0.09676802758551728,-0.10942686312586294
2019-01-31,0.10516108079097908,0.1025779356456773,0.12364500486000987
2019-02-28,0.062111014412400634,0.06188908680690397,0.06659974464939164
2019-03-29,0.024217289989580282,0.024180060388353075,-0.004850039793237315
2019-04-30,0.022148824131447364,0.01913875380209551,0.04235733323916707
2019-05-31,-0.0874279105447916,-0.08675712150556802,-0.08573588950172148
2019-06-28,0.0791719814171643,0.0788163553227279,0.08468493980296848
2019-07-31,0.01978037310966152,0.017448513178474512,0.010509468057441554
2019-08-30,-0.024181679122542654,-0.024142677891403563,-0.05342089816089265
2019-09-30,0.016158869250839425,0.015592385267550135,0.009421273415982628
2019-10-31,0.023388362253480954,0.021100015938215533,0.029384340707272145
2019-11-29,0.04250889744764197,0.0423265994095785,0.053400017641016206
2019-12-31,0.030660522175208316,0.029672785421684944,0.058232127997718236
2020-01-31,-0.008501663823429761,-0.010372771754217802,-0.01740951637046828
2020-02-28,-0.07339837040646735,-0.07420336748051037,-0.08003721219872202
2020-03-31,-0.091423579378627,-0.09233803394788342,-0.19717130417698292
2020-04-30,0.13545702057423958,0.12950719951868295,0.19880958516607153
2020-05-29,0.07982340086167072,0.07982679066043064,0.09241645506751675
2020-06-30,0.035994885909430785,0.03855452391827119,0.030403162295249583
2020-07-31,0.058344171240710674,0.05533877633353157,0.043301826736014064
2020-08-31,0.019885459320811538,0.020089143597466386,0.03720286456775257
2020-09-30,-0.03044587987213121,-0.029717996763924392,-0.043404064914467126
2020-10-30,0.0066079286997979825,0.0029202973282891342,0.012787121185566984
2020-11-30,0.135802348062944,0.1326663237268333,0.20181447698228416
2020-12-31,0.06868410154682314,0.06831094870920151,0.09091867727817511
2021-01-29,-0.008342512301815264,-0.011076642380308144,0.04846156706998912
2021-02-26,0.04989437050990242,0.050778707092650865,0.06282656632358478
2021-03-31,0.020100093298603294,0.01986489483369125,-0.0060293717045714346
2021-04-30,0.030026701187944482,0.02746707863842368,0.019450447260909318
2021-05-28,0.021171135862600554,0.021261829904531515,0.0017362965614094897
2021-06-30,0.05344319635326422,0.05367932935184272,0.055324029810180385
2021-07-30,0.010449176287588235,0.008639310858229443,-0.025037953040843636
2021-08-31,0.0281273782074436,0.02812209371953167,0.02128185756544064
2021-09-30,-0.04666200143198984,-0.046579889182672196,-0.02455014068389752
2021-10-29,0.06685540421899572,0.06531894660822446,0.049281248678413436
2021-11-30,0.0204498675233602,0.02071193732047716,-0.0337605707655127
2021-12-31,0.023970218469033355,0.023485963795257803,0.020901410365315717
2022-01-31,-0.1027639752866828,-0.1046848316236173,-0.09616470009029675
2022-02-28,0.0006764140089599024,0.0007258966320904392,0.010490934229556183
2022-03-31,0.02332801096194781,0.023099212016369997,0.031289649019490814
2022-04-29,-0.09599189147264087,-0.09860396970931573,-0.12387378217596544
2022-05-31,0.020256208168917267,0.02063449976065601,-0.0012761911221368446
2022-06-30,-0.07600442517048867,-0.07624477838446231,-0.09100152805363865
2022-07-29,0.1119595810137588,0.10840317407074518,0.12337264056655223
2022-08-31,-0.052896815846880996,-0.05298727389759594,-0.02780710508222397
2022-09-30,-0.08738017626337291,-0.0873543533971306,-0.11146672099733886
2022-10-31,0.09082478894500357,0.08949687902773817,0.09701566110661232
2022-11-30,0.06331619836032076,0.06411717299363273,0.04215566579408374
2022-12-30,-0.05904114678907335,-0.05942819972752922,-0.045802410850110976
2023-01-31,0.0889312126884767,0.086694157730274,0.1106358707314075
2023-02-28,-0.014425218123511163,-0.014421907045310878,-0.02214694001913015
2023-03-31,0.03109134796196722,0.03130196886333736,-0.0022780520147531154
2023-04-28,-0.045652369551619,-0.04764339424985975,-0.03755194116460955
2023-05-31,0.05260266661522661,0.05301011690812607,0.048834637130213035
2023-06-30,0.07318756867760934,0.07339897229404935,0.07938144753146491
2023-07-31,0.023565508433835536,0.021857307761044886,0.042587227703745054
2023-08-31,-0.025330916138900816,-0.025368533645157343,-0.044163863185341504
2023-09-29,-0.04277000325912916,-0.042936070786273484,-0.06385854339614225
2023-10-31,-0.05305620178687931,-0.05502363781435948,-0.08805875297036415
2023-11-30,0.08891342354949416,0.08883098393231181,0.10442753840079486
2023-12-29,0.06430130749361718,0.06452137647762934,0.10254740013188363
2024-01-31,0.010224173577092488,0.009248170229880559,-0.04157212095710652
2024-02-29,0.05967818053576979,0.0596213398145955,0.06072810402331552
2024-03-28,0.024813775276183003,0.024888759293080875,0.0198117353708476
2024-04-30,-0.048331258892213014,-0.04973078088146943,-0.05974941955451856
2024-05-31,0.06175602588783424,0.061802684164313115,0.04858065998302154
2024-06-28,0.03158238297020621,0.03124082484329138,-0.005670450608944184
2024-07-31,0.02856411890147026,0.026928999912544604,0.0548746618278754
2024-08-30,0.019886686757403682,0.019858063583039876,-0.0054165522856372186
2024-09-30,0.00547301419775903,0.005351136887824515,0.00838117523734764
2024-10-31,-0.017396029114052802,-0.019162717879012692,-0.010480185545031086
2024-11-29,0.07773289602690281,0.07793503440011618,0.11116640346864813
2024-12-31,-0.04980899931383698,-0.05003836354747049,-0.028449825161921294
2025-01-31,0.038101055796076144,0.036009291085106865,0.025184943921059435
2025-02-28,-0.04853897539533836,-0.04884433651592135,-0.07614511408515416
2025-03-31,-0.059674939644625336,-0.05942167095564144,-0.07652280733383476
2025-04-30,-0.010720270848932678,-0.013178970316334415,-0.015185455697532924
2025-05-30,0.07620637472435732,0.07553659504418708,0.09722267510365186
2025-06-30,0.06232345975598097,0.062398576993075494,0.10188796182281731
2025-07-31,0.008903199379162174,0.0036861600002864314,0.019835725725466723
2025-08-29,0.03546811571770636,0.035672126249063574,0.043430630527290806
2025-09-30,0.05081863484443905,0.05060679562188852,0.0629245968517303
2025-10-31,0.036115456398075674,0.033674886657540926,0.05462036394530903
2025-11-28,-0.006639639785703921,-0.0060463846869167615,-0.025034766455229784
2025-12-31,-0.0013222540965620588,-0.0016485919066834276,0.010053136472482044
2026-01-30,0.02112669526113975,0.018521202152038452,0.05102823479153936
2026-02-27,0.03301526079938433,0.03309653042982896,0.012705028483173002
2026-03-31,-0.0371565076161845,-0.037490654456028394,-0.03796418778613357
2026-04-30,0.1142685227225908,0.11155221508011537,0.14291884769505314
2026-05-29,0.09171345844546042,0.09191568372302261,0.11599250016008919
2026-06-30,0.041645482549787616,0.041243715807143255,0.02056457420606017
2026-07-31,-0.017968015782269364,-0.02086204871644548,-0.05918513489259161
2026-08-31,0.030989267937995946,0.031101704273412745,0.0365757002450464
2026-09-30,-0.014860027495139594,-0.01442385804368329,-0.01887798112594569
