rebalance_date,ai,biotech,cyber_cloud,defense_space,energy,robotics,semiconductors
2011-07-29,16,38,14,39,86,4,36
2011-08-31,16,46,24,43,107,7,47
2011-09-30,17,45,22,40,103,4,43
2011-10-31,16,49,21,39,105,4,47
2011-11-30,16,47,21,39,102,3,45
2011-12-30,16,48,21,39,100,3,43
2012-01-31,17,49,22,40,102,3,46
2012-02-29,20,54,28,39,106,4,48
2012-03-30,17,54,32,42,107,4,46
2012-04-30,17,48,28,44,104,4,44
2012-05-31,17,52,29,41,106,4,45
2012-06-29,16,58,29,41,107,5,42
2012-07-31,17,52,28,35,101,4,40
2012-08-31,19,54,29,38,100,4,39
2012-09-28,19,59,31,41,109,4,42
2012-10-31,18,57,25,39,105,4,39
2012-11-30,16,54,31,41,103,6,37
2012-12-31,18,58,33,40,108,7,41
2013-01-31,18,63,29,42,109,6,41
2013-02-28,21,64,36,44,114,7,44
2013-03-28,21,62,37,47,115,6,43
2013-04-30,23,65,38,43,118,5,45
2013-05-31,23,70,43,41,117,6,42
2013-06-28,23,75,41,44,120,7,47
2013-07-31,23,79,45,44,116,5,47
2013-08-30,22,80,39,43,113,5,45
2013-09-30,23,81,44,45,116,7,45
2013-10-31,24,80,46,45,118,7,50
2013-11-29,24,86,47,45,115,7,49
2013-12-31,25,94,49,47,121,9,49
2014-01-31,26,99,52,49,121,9,49
2014-02-28,28,105,51,51,121,11,50
2014-03-31,27,107,52,54,126,12,51
2014-04-30,25,98,50,52,125,10,47
2014-05-30,25,93,52,54,125,11,49
2014-06-30,29,107,51,57,126,10,48
2014-07-31,29,96,49,54,128,9,49
2014-08-29,30,101,46,51,127,9,48
2014-09-30,31,105,52,55,130,8,48
2014-10-31,31,107,53,54,130,9,48
2014-11-28,29,111,52,53,130,10,48
2014-12-31,29,115,53,53,134,10,49
2015-01-30,29,115,50,51,128,9,47
2015-02-27,32,119,56,49,127,9,52
2015-03-31,36,125,61,46,130,11,47
2015-04-30,35,121,58,43,128,9,47
2015-05-29,37,124,68,45,123,9,48
2015-06-30,39,136,67,45,130,10,50
2015-07-31,35,132,64,44,120,8,47
2015-08-31,39,126,65,45,126,10,48
2015-09-30,36,125,61,44,120,11,46
2015-10-30,37,126,62,43,119,9,46
2015-11-30,39,130,62,44,127,10,50
2015-12-31,35,135,63,45,125,10,48
2016-01-29,36,124,67,49,124,10,53
2016-02-29,38,109,73,48,121,9,53
2016-03-31,38,108,76,50,127,11,52
2016-04-29,38,109,76,48,120,10,51
2016-05-31,39,110,77,49,125,9,51
2016-06-30,41,118,80,53,131,12,50
2016-07-29,41,108,71,53,121,11,49
2016-08-31,39,116,74,51,123,11,53
2016-09-30,41,118,77,53,125,11,53
2016-10-31,41,108,70,50,120,11,51
2016-11-30,47,116,76,56,127,14,56
2016-12-30,47,111,77,57,127,14,58
2017-01-31,49,108,71,55,127,14,56
2017-02-28,59,120,73,54,128,13,58
2017-03-31,60,130,66,57,125,13,56
2017-04-28,58,129,68,53,119,12,58
2017-05-31,61,123,70,53,130,11,61
2017-06-30,63,132,75,56,128,13,61
2017-07-31,61,124,73,55,121,13,58
2017-08-31,64,128,70,54,121,12,61
2017-09-29,65,138,74,56,128,13,61
2017-10-31,67,135,74,55,124,12,61
2017-11-30,66,141,80,56,128,11,63
2017-12-29,64,140,78,57,132,12,63
2018-01-31,64,149,77,58,132,12,61
2018-02-28,68,148,80,56,135,13,65
2018-03-29,70,163,81,57,142,12,65
2018-04-30,68,143,76,52,133,12,61
2018-05-31,69,154,81,53,145,12,65
2018-06-29,69,168,84,59,145,13,64
2018-07-31,69,147,82,53,140,12,62
2018-08-31,70,142,83,55,138,12,64
2018-09-28,67,151,83,57,140,12,62
2018-10-31,70,142,86,54,140,13,60
2018-11-30,71,144,87,55,138,12,58
2018-12-31,70,141,86,56,137,12,59
2019-01-31,67,140,82,54,135,12,57
2019-02-28,74,142,87,50,136,12,59
2019-03-29,80,156,92,50,136,13,57
2019-04-30,81,146,94,51,139,13,56
2019-05-31,80,150,98,51,137,14,59
2019-06-28,80,153,97,51,139,14,56
2019-07-31,85,147,99,51,138,17,59
2019-08-30,83,147,99,51,135,15,54
2019-09-30,86,150,97,52,139,16,60
2019-10-31,85,146,99,48,131,15,59
2019-11-29,89,162,101,50,136,16,60
2019-12-31,90,178,105,53,140,17,62
2020-01-31,92,168,104,50,139,18,63
2020-02-28,102,169,105,60,134,16,63
2020-03-31,104,171,102,59,117,18,61
2020-04-30,104,171,102,56,128,17,61
2020-05-29,107,195,107,56,130,17,64
2020-06-30,112,210,112,56,131,19,64
2020-07-31,112,193,112,52,117,19,61
2020-08-31,115,204,113,54,119,21,61
2020-09-30,117,207,116,52,120,20,62
2020-10-30,114,204,115,50,114,20,60
2020-11-30,122,220,120,56,137,21,65
2020-12-31,131,239,122,54,138,22,68
2021-01-29,129,250,123,57,143,22,71
2021-02-26,136,260,132,59,152,25,70
2021-03-31,137,263,129,60,156,25,71
2021-04-30,137,247,121,57,145,24,70
2021-05-28,139,255,125,59,156,24,71
2021-06-30,143,279,133,61,162,25,73
2021-07-30,139,239,123,58,144,24,68
2021-08-31,140,245,126,59,142,24,69
2021-09-30,143,257,128,57,154,26,71
2021-10-29,139,232,125,57,157,25,67
2021-11-30,143,253,132,59,159,24,70
2021-12-31,145,254,130,58,151,24,70
2022-01-31,147,232,130,56,154,24,67
2022-02-28,141,226,129,60,162,23,67
2022-03-31,149,224,137,60,169,25,69
2022-04-29,157,209,141,62,165,25,71
2022-05-31,157,218,142,64,169,25,69
2022-06-30,156,222,142,63,172,22,69
2022-07-29,153,205,136,58,163,22,66
2022-08-31,158,224,143,60,165,24,71
2022-09-30,159,224,148,58,167,23,66
2022-10-31,157,214,143,58,167,24,65
2022-11-30,161,225,147,61,169,23,66
2022-12-30,155,219,144,59,165,23,64
2023-01-31,154,216,143,59,162,24,66
2023-02-28,155,209,143,58,166,25,68
2023-03-31,157,207,149,56,172,23,67
2023-04-28,151,205,138,57,164,23,65
2023-05-31,156,218,147,52,167,22,67
2023-06-30,162,222,152,55,175,24,69
2023-07-31,155,204,138,53,167,24,67
2023-08-31,158,198,141,51,173,23,67
2023-09-29,154,201,134,52,175,23,66
2023-10-31,148,185,134,49,166,23,66
2023-11-30,154,196,136,51,168,23,65
2023-12-29,163,217,143,53,173,27,67
2024-01-31,153,215,131,52,164,23,66
2024-02-29,201,234,146,55,168,25,69
2024-03-28,216,245,134,57,170,23,70
2024-04-30,210,214,124,54,162,23,69
2024-05-31,216,216,136,56,168,24,71
2024-06-28,216,229,134,59,167,25,70
2024-07-31,214,221,132,55,160,26,70
2024-08-30,222,214,129,56,160,26,70
2024-09-30,223,226,131,57,160,26,70
2024-10-31,212,215,126,57,155,25,69
2024-11-29,233,237,139,67,161,25,70
2024-12-31,235,216,136,67,160,27,72
2025-01-31,236,217,134,65,158,25,71
2025-02-28,263,204,137,67,153,28,69
2025-03-31,261,206,130,67,155,29,70
2025-04-30,260,201,124,67,152,30,70
2025-05-30,274,208,127,70,161,31,73
2025-06-30,281,218,134,73,165,32,77
2025-07-31,269,220,129,71,158,31,76
2025-08-29,280,225,131,72,160,32,77
2025-09-30,282,239,130,74,162,32,77
2025-10-31,282,252,129,74,163,33,81
2025-11-28,283,264,125,73,169,32,80
2025-12-31,283,268,124,74,161,32,81
2026-01-30,275,257,121,74,165,33,80
2026-02-27,297,259,127,71,170,33,79
2026-03-31,301,260,126,73,176,34,79
2026-04-30,297,257,123,72,175,33,84
2026-05-29,319,268,128,74,176,35,88
2026-06-30,320,277,126,75,176,35,86
2026-07-31,305,260,125,71,170,35,82
2026-08-31,311,271,131,73,172,35,81
2026-09-30,257,251,111,64,177,31,81
