factor,rho_1,rho_3,rho_6,rho_12,scope
asset_growth,0.9218667075271173,0.7692798916170959,0.575768063133832,0.2262153508089758,havuz
capex_at,0.9908005364039371,0.9727172686246184,0.9423258906476163,0.8790995707775185,havuz
cash_runway_years,0.9608099815018406,0.8848050694677666,0.8073242490799961,0.6844438239198408,havuz
cop_at,0.9812565068031006,0.9438684015668947,0.8858132789809661,0.7683182641745943,havuz
dist_52w_high,0.8299028301460654,0.6448256804140138,0.46714558624622576,0.2733190791474485,havuz
droe,0.77858531127205,0.3663126400340175,0.21501307959644497,-0.20547340980275378,havuz
ear_3d,0.6485141317705215,-0.010928853543326598,0.007515323475610376,-0.005198396618528565,havuz
ebit_ev,0.9777130684658621,0.9356590402283279,0.864242946013706,0.7222071765363358,havuz
gross_profitability,0.9899495712464944,0.9702970458961867,0.9417540915953738,0.8879711608383541,havuz
idio_vol_60d,0.9291441320548701,0.8049711575043725,0.7780981659660098,0.7373726273010388,havuz
max_ret_21d,0.5385114254692215,0.5439418152787632,0.5226557856419833,0.5011756463125969,havuz
mom_12_1,0.8896785204398506,0.7017334375402361,0.4372229854494468,0.009973777050347968,havuz
net_debt_ebitda,0.9882560000896683,0.9656986800110916,0.9387052783831005,0.8958427028777385,havuz
ocf_ev,0.9772601901651968,0.9359923528927216,0.8771216718574546,0.7634595229077071,havuz
oil_beta_trend,0.6453539021163891,0.1780821790859936,0.004393512333335507,-0.1452949607331936,havuz
profitable_growth,0.9667717905553381,0.9031803848317714,0.7874447149897412,0.5634994522913023,havuz
share_issuance,0.9588283578122968,0.8790618645666364,0.7778173591906449,0.5860030917366451,havuz
sue,0.7965217753918759,0.42041587140106695,0.30064709129812545,-0.06143528342629398,havuz
sue_announce,0.8603366280008377,0.5880721838175295,0.4537735109337201,0.1736902656807248,havuz
asset_growth,0.917252121144281,0.7645990923483218,0.5772856218516303,0.21886848929149147,robotics
capex_at,0.9840006274438431,0.9520066466719781,0.8991136563832126,0.8187295596638484,robotics
cash_runway_years,0.9556971300980115,,,,robotics
cop_at,0.9791601308330482,0.9339326967595841,0.8574185227663155,0.7053299648672637,robotics
dist_52w_high,0.7948235856827162,0.5966498560983475,0.4461520341891338,0.31813150574980276,robotics
droe,0.7720935477163922,0.3756290248238974,0.20650871118292508,-0.16438185902514682,robotics
ear_3d,0.6543813686452371,-0.028798327377343454,0.03429596402735506,-0.054979976173069836,robotics
ebit_ev,0.9787820881675483,0.9531216601448058,0.9097614924743294,0.8146269825930313,robotics
gross_profitability,0.9888476413245557,0.9648613667899365,0.9257716091025942,0.8392739889832921,robotics
idio_vol_60d,0.8799333873272026,0.7013252786992978,0.676982684795536,0.6165154996065497,robotics
max_ret_21d,0.43317829739462166,0.42336442813809005,0.3766099470581226,0.3311192933952831,robotics
mom_12_1,0.8574812987497549,0.6829092286309868,0.417390976311048,0.0063603585848987934,robotics
net_debt_ebitda,0.9782189496454489,0.9292970268250842,0.8711486298540234,0.7516232264230555,robotics
ocf_ev,0.9780305635936601,0.9360150346184346,0.8844055658553672,0.781884233470454,robotics
profitable_growth,0.9412055736326908,0.8295964911983534,0.6525808766792137,0.3300400497086694,robotics
share_issuance,0.9645065435168824,0.8943016541119486,0.786872046595605,0.5795760207385316,robotics
sue,0.7880465141451561,0.416104116076549,0.2679729021459592,-0.09409886977542442,robotics
sue_announce,0.8062435206037378,0.420574341228411,0.24708421448442391,-0.08125345862702546,robotics
asset_growth,0.8958208051138676,0.6954155240176623,0.47190989954715057,0.07402589277276715,biotech
capex_at,0.9833335235377944,0.9508459474719625,0.8965257301229506,0.7833522184485134,biotech
cash_runway_years,0.9659377687128974,0.8990198648347372,0.8297085587395079,0.7230689107775331,biotech
cop_at,0.9800583663323571,0.9404846484318016,0.8847623479958151,0.775479348288262,biotech
dist_52w_high,0.8297954941366432,0.6530688191383611,0.48495346939511536,0.30732016522835315,biotech
droe,0.7862459810762861,0.3769874738817502,0.20094319973804373,-0.2413551170754733,biotech
ear_3d,0.6288116075464667,-0.02261182570941995,0.01093177223985078,0.007970126922663055,biotech
ebit_ev,0.9782755176296436,0.9402809008714971,0.8855946260146851,0.7796573975997403,biotech
gross_profitability,0.9846264335332096,0.954525088759667,0.9133105356262624,0.8423079861957815,biotech
idio_vol_60d,0.9100708364271141,0.7544085684915491,0.7438983316863168,0.7242328890751555,biotech
max_ret_21d,0.4981210579497202,0.5014793798233816,0.4813537228209056,0.4847969003642357,biotech
mom_12_1,0.8801376507109123,0.6852468351958928,0.4130407711928251,-0.030175639702949675,biotech
net_debt_ebitda,0.9820996321408733,0.9498416269176156,0.9119282670505657,0.8548603109768039,biotech
ocf_ev,0.9766099964088899,0.9346879980754618,0.8798854190602821,0.7687474291988002,biotech
profitable_growth,0.9701807327389926,0.9114657339979602,0.8142786314420325,0.6337848234036026,biotech
share_issuance,0.9568045099525712,0.8778211169258401,0.7851566847698646,0.6159554256371328,biotech
sue,0.8184429774441775,0.4793598420239797,0.37620335055784415,0.03271586166972582,biotech
sue_announce,0.8595267568957392,0.58748096887935,0.4747284534789398,0.22982231820850238,biotech
asset_growth,0.8907537128580618,0.682458112942737,0.45434687404420465,0.049581819505982457,biotech/biotech_all
capex_at,0.9827235107948954,0.9493621163958536,0.8908688318871205,0.7706121035585768,biotech/biotech_all
cash_runway_years,0.9630082057389621,0.8923817987504298,0.8142691120113502,0.7035124119578825,biotech/biotech_all
cop_at,0.97709357400652,0.9317682342743259,0.8701165953028084,0.7496870134724392,biotech/biotech_all
dist_52w_high,0.8256459872949536,0.6430246933397339,0.4640037829149876,0.2784798779454134,biotech/biotech_all
droe,0.7858603824784192,0.3752520170645308,0.1965625954199635,-0.256635097591687,biotech/biotech_all
ear_3d,0.630257630831445,-0.023286199205275845,0.015839336952790314,0.0072267474133107185,biotech/biotech_all
ebit_ev,0.9752333237290265,0.932531766359986,0.8705604436179358,0.7517497292301947,biotech/biotech_all
gross_profitability,0.9824711189782775,0.9481048234714993,0.9012553174902983,0.823289719366071,biotech/biotech_all
idio_vol_60d,0.8956992484107822,0.7146071865607605,0.7021870406401665,0.6792403515657391,biotech/biotech_all
max_ret_21d,0.4662805289354711,0.4584460644865623,0.44366605568847073,0.44482226658796026,biotech/biotech_all
mom_12_1,0.8797768910512702,0.6840291349875056,0.4078670540853362,-0.03176555109434384,biotech/biotech_all
net_debt_ebitda,0.9783288960928751,0.9391614149126812,0.9035430236673835,0.8416087273624018,biotech/biotech_all
ocf_ev,0.975568249079925,0.9321747298621533,0.870958876588357,0.7507912714297468,biotech/biotech_all
profitable_growth,0.9661537946342404,0.8992934921999535,0.7946593242815532,0.6109296747216947,biotech/biotech_all
share_issuance,0.9526782426948485,0.8652290809760991,0.7644831386383376,0.5858490492487191,biotech/biotech_all
sue,0.8215278477580443,0.48385740164464014,0.38230923577953835,0.02591026595815137,biotech/biotech_all
sue_announce,0.8451829369246255,0.5483337647232206,0.4336790715672869,0.1712567032527887,biotech/biotech_all
asset_growth,0.9203554460042542,0.7625244356417801,0.5657728653831816,0.20100092529902394,biotech/biotech_tools
capex_at,0.977088180666112,0.9368185794997692,0.885614313717977,0.7878599261745195,biotech/biotech_tools
cash_runway_years,,,,,biotech/biotech_tools
cop_at,0.9866961467705007,0.9596676061377488,0.9219319096297178,0.8533730294358802,biotech/biotech_tools
dist_52w_high,0.7793277144950616,0.5955143641153513,0.4342474735677434,0.3033757394854943,biotech/biotech_tools
droe,0.7920666173088721,0.39100536994653035,0.2592561209536677,-0.14160174541487688,biotech/biotech_tools
ear_3d,0.6565608053976403,-0.004774094045554367,0.00037935278440717274,-0.020698478928939345,biotech/biotech_tools
ebit_ev,0.9802484241191509,0.9496396511445739,0.904795631499024,0.8252235707990362,biotech/biotech_tools
gross_profitability,0.9868516012021481,0.95946168619427,0.9246231671116004,0.8653928220779666,biotech/biotech_tools
idio_vol_60d,0.9073169281233867,0.7785460653826406,0.7632518087194736,0.7425412594027307,biotech/biotech_tools
max_ret_21d,0.47387389014716835,0.5142260938433474,0.4760680722971421,0.48058605503737567,biotech/biotech_tools
mom_12_1,0.8457860275324373,0.6404362739825857,0.37302253450613043,-0.05171317221802903,biotech/biotech_tools
net_debt_ebitda,0.9772801187466602,0.9318856149523488,0.8797111299451705,0.8130613392821843,biotech/biotech_tools
ocf_ev,0.9714346845345367,0.9334347798020624,0.8824685410263878,0.7969179131757653,biotech/biotech_tools
profitable_growth,0.9580768894752546,0.8882123530427071,0.7727829296297588,0.5684583960310978,biotech/biotech_tools
share_issuance,0.9555312823398756,0.8710211847564457,0.7720106754597142,0.5870821850304399,biotech/biotech_tools
sue,0.812544164249311,0.4723388106647038,0.3385563972393375,0.028431847270619513,biotech/biotech_tools
sue_announce,,,,,biotech/biotech_tools
asset_growth,0.9338815061836845,0.8052024873620136,0.6279955882896372,0.2873258485969375,energy
capex_at,0.9871045330005581,0.9625855914908404,0.9204597931657873,0.8325347506536543,energy
cash_runway_years,0.9509318020169674,0.8565009259551359,0.7601936654344166,0.6004549710806579,energy
cop_at,0.9732048225287646,0.9221418551138738,0.84092532665305,0.6837666127522001,energy
dist_52w_high,0.8266608142737694,0.6631211506693263,0.4941288191437428,0.3286542328790887,energy
droe,0.7407828411666029,0.26935262609935134,0.16504686435221894,-0.2479997872228888,energy
ear_3d,0.6422329233405228,0.002017724859710653,0.031178671808360828,0.005971903708658984,energy
ebit_ev,0.9523974258239143,0.8668931675241709,0.7275471356738671,0.46423051129795917,energy
gross_profitability,0.9861280010371807,0.9599406656074895,0.9204855160034547,0.8372583613162716,energy
idio_vol_60d,0.9563208531523928,0.8790535336300624,0.8498644261881757,0.8134136460402565,energy
max_ret_21d,0.6576748547185767,0.6466874194705595,0.6235833702590996,0.5921273787461645,energy
mom_12_1,0.8913853990520796,0.6990927143605484,0.4284133496956022,0.009891896392401602,energy
net_debt_ebitda,0.9753698529261661,0.9274799614979761,0.8891357894667082,0.8161876798834485,energy
ocf_ev,0.9657124086423042,0.9057586828767468,0.8143171009937474,0.6368624687210439,energy
oil_beta_trend,0.6453539021163891,0.1780821790859936,0.004393512333335507,-0.1452949607331936,energy
profitable_growth,0.9596216248345457,0.8854020617053752,0.7414609966255369,0.4490763846788463,energy
share_issuance,0.9444737248379226,0.8369472376376643,0.6879207413456256,0.41765001203049756,energy
sue,0.7400850783452193,0.2730186691412617,0.16058197788390152,-0.2261229063106107,energy
sue_announce,0.7923659156100842,0.39580369821805134,0.26553137294116236,-0.0655681993003535,energy
asset_growth,0.9320634436919695,0.8029218548393559,0.627206532226381,0.2823548699272198,energy/oil_gas
capex_at,0.9871105152776863,0.9635856364603502,0.9255016219518435,0.8464205846611957,energy/oil_gas
cash_runway_years,0.936058455975287,0.8144554405408332,0.695901501546396,0.49045876813693495,energy/oil_gas
cop_at,0.971124069915719,0.9163715718449141,0.822870715228982,0.6431842720309628,energy/oil_gas
dist_52w_high,0.8298872527713839,0.6492729976264978,0.44506823899249975,0.21851810402391186,energy/oil_gas
droe,0.741265868737411,0.27842950997209154,0.1828606047689265,-0.26107494869106135,energy/oil_gas
ear_3d,0.6415578033272533,0.009653021654622609,0.026571568753540203,0.005286370956154038,energy/oil_gas
ebit_ev,0.9529105133463651,0.870171837716747,0.7315365718873145,0.4399474942366971,energy/oil_gas
gross_profitability,0.9838532804825927,0.954382435853843,0.9108070613592436,0.8209708836304883,energy/oil_gas
idio_vol_60d,0.9347026941271382,0.8179892045128115,0.7680629891161983,0.7082086429826749,energy/oil_gas
max_ret_21d,0.5095263131984449,0.4888500611749481,0.464649139816613,0.4172633012245539,energy/oil_gas
mom_12_1,0.8964924745535803,0.7066697710874472,0.42344724013574975,-0.03038874056917835,energy/oil_gas
net_debt_ebitda,0.9714363078485789,0.9164137818853173,0.8713413149401541,0.7921555410485484,energy/oil_gas
ocf_ev,0.9627298762207149,0.9000935946663803,0.7986400698244183,0.5990412429925762,energy/oil_gas
oil_beta_trend,0.6453539021163891,0.1780821790859936,0.004393512333335507,-0.1452949607331936,energy/oil_gas
profitable_growth,0.9525107998424809,0.8683703810116778,0.7105560895551848,0.38070713206247236,energy/oil_gas
share_issuance,0.9434211285151434,0.8350308069029373,0.6828386657350564,0.40642100380229584,energy/oil_gas
sue,0.7523913685480631,0.3192229868887242,0.20732988295752164,-0.2114980660362304,energy/oil_gas
sue_announce,0.8255555071860508,0.4932457736593615,0.3368456922704728,-0.06146075379513718,energy/oil_gas
asset_growth,0.9168051190906226,0.7511815563075123,0.5629380295009998,0.21347211423391416,energy/power_utilities
capex_at,0.9734228335102919,0.9208053346436196,0.8407653936734504,0.6714181568190343,energy/power_utilities
cash_runway_years,0.9308799983888271,0.7969071200902127,0.706409245680659,0.5484054677050191,energy/power_utilities
cop_at,0.9418251807291862,0.8334043781856408,0.6828585131638215,0.3846589336649627,energy/power_utilities
dist_52w_high,0.6687374375883937,0.437110484535038,0.24868994999899802,0.09037944521379002,energy/power_utilities
droe,0.6626227073057064,0.05518953217280718,0.0026231129969244717,-0.3434413894536388,energy/power_utilities
ear_3d,0.6602873033586604,-0.00012886725800943476,0.010133018956732767,0.011424542060498514,energy/power_utilities
ebit_ev,0.9446789957601834,0.8577454687928843,0.7476330138961238,0.5601708212120112,energy/power_utilities
gross_profitability,,,,,energy/power_utilities
idio_vol_60d,0.7914271138037074,0.48973590927252264,0.4055444320812974,0.3013703044347531,energy/power_utilities
max_ret_21d,0.1937015801023647,0.1723184635942073,0.16409563020120363,0.1294774856379096,energy/power_utilities
mom_12_1,0.8621454115242935,0.6891515514742059,0.43628254553670537,-0.005934762539037395,energy/power_utilities
net_debt_ebitda,0.9577768616848092,0.8755316768664797,0.8150054370620362,0.6957760994097967,energy/power_utilities
ocf_ev,0.9459475468989342,0.8574751066550097,0.7359659424057762,0.4940548615209085,energy/power_utilities
profitable_growth,0.9454091912569581,0.8547114182588577,0.7093681223716438,0.42100298101202793,energy/power_utilities
share_issuance,0.9321840720038983,0.7963441974799417,0.6359028067127354,0.37572220072977774,energy/power_utilities
sue,0.6671186002958814,0.07226923732785283,0.028987115612564847,-0.2798512210535653,energy/power_utilities
sue_announce,0.7270421865973707,0.10224173036779506,-0.019815962992502125,-0.2032557447627381,energy/power_utilities
asset_growth,0.9260871857107787,0.7954951363412991,0.6551189640914441,0.39788816848487063,energy/renewables
capex_at,0.9881727437736989,0.9675922390514786,0.9310533065992862,0.8665635970695076,energy/renewables
cash_runway_years,0.9404456873694047,0.8287788875893007,0.7366120537112498,0.5978095394043577,energy/renewables
cop_at,0.9569340913416705,0.8750280920531406,0.7802768619114785,0.5889535276568068,energy/renewables
dist_52w_high,0.7571647504778561,0.5904361805672624,0.4225726223272194,0.25406084133569923,energy/renewables
droe,0.7203450855436425,0.18989789577079233,0.04471756082548776,-0.3709994641015237,energy/renewables
ear_3d,0.6858774104925741,-0.0038960616309998254,0.05330743854108024,0.030588029694957403,energy/renewables
ebit_ev,0.9445627795107776,0.8588969147523469,0.7159911281732154,0.45827751904337954,energy/renewables
gross_profitability,0.9890264195346753,0.9707226210322186,0.9424678141933466,0.857957136342909,energy/renewables
idio_vol_60d,0.9254301076805262,0.8157468799298337,0.7831235196044064,0.7635673847747058,energy/renewables
max_ret_21d,0.6487889679299816,0.6513133022987116,0.6180615176430029,0.5915029101353879,energy/renewables
mom_12_1,0.8608512326024105,0.6649842068635043,0.38580989484036965,-0.05893307136321984,energy/renewables
net_debt_ebitda,0.9805395836740284,0.9457075346676328,0.9095453378300195,0.8398019744510623,energy/renewables
ocf_ev,0.9475789832082261,0.8578388046880367,0.7587166370056924,0.5631714802407786,energy/renewables
profitable_growth,0.9615809389880496,0.8882233637115274,0.7660473859167977,0.585342516244631,energy/renewables
share_issuance,0.9584309163691932,0.8729336671264153,0.756657099777811,0.5436542823975169,energy/renewables
sue,0.7247360550137216,0.214509913854964,0.07744433106050885,-0.32028340500147184,energy/renewables
sue_announce,0.7465686387332944,0.2839569314899238,0.19122902478279755,-0.051030773316863995,energy/renewables
asset_growth,0.9321709268641692,0.7938236414112637,0.6088584436941258,0.2705844260770154,ai
capex_at,0.9875026259967494,0.9640512645621748,0.9268828593063914,0.8531300214783665,ai
cash_runway_years,0.936130002571097,,,,ai
cop_at,0.9789137405509493,0.9402334576482885,0.8878672888173341,0.7698306881411223,ai
dist_52w_high,0.8177565969575328,0.6249712978723357,0.42590733404735254,0.23660695966842094,ai
droe,0.78713624934904,0.3955921836942232,0.24516475536687088,-0.14147862646046763,ai
ear_3d,0.6682826043095059,-0.0016750143255782422,-0.007342954975700072,0.012245219216267264,ai
ebit_ev,0.9786961629163405,0.9405703291771863,0.8818876292371249,0.7608241911079167,ai
gross_profitability,0.9870958562370978,0.959738899752062,0.9232153134649449,0.8598746235450597,ai
idio_vol_60d,0.8964417681158695,0.7309394464029088,0.7089655795019272,0.6724721243982432,ai
max_ret_21d,0.4375608453498449,0.44736841076847356,0.42963589763631604,0.41560687581457545,ai
mom_12_1,0.8861681490010063,0.7017039626682023,0.4468917962387932,0.06816861906451627,ai
net_debt_ebitda,0.9891326069798275,0.9695529504579585,0.9454705581934221,0.8956570048047409,ai
ocf_ev,0.9717716516815872,0.9260065266969312,0.8680290375157622,0.7493706320511779,ai
profitable_growth,0.9720903935315515,0.9197244010277085,0.830286331711055,0.6422111698455164,ai
share_issuance,0.9627777682880363,0.8907721239779746,0.7988426689550004,0.628855212583167,ai
sue,0.8015010677782896,0.4378744240249268,0.2945402999326833,-0.053760299104150554,ai
sue_announce,0.8818700835981592,0.650341650404332,0.5047353528761349,0.22917094365170557,ai
asset_growth,0.9306065370766033,0.7887310558978199,0.6108125003521861,0.2795274326528288,ai/ai_infrastructure
capex_at,0.9843402649872549,0.9565465275637959,0.9146977398091214,0.8373829330573147,ai/ai_infrastructure
cash_runway_years,0.9306966844080768,,,,ai/ai_infrastructure
cop_at,0.9742132088108001,0.9243380900743706,0.8488827372099501,0.6964984985675557,ai/ai_infrastructure
dist_52w_high,0.8011619669173721,0.5970905558669449,0.3931868944951995,0.2134179803617044,ai/ai_infrastructure
droe,0.7735982229054023,0.3658133863730821,0.1899305139389004,-0.20348654978305497,ai/ai_infrastructure
ear_3d,0.6545884425250815,-0.01779468632142494,-0.03289374912436115,0.0071050822662517684,ai/ai_infrastructure
ebit_ev,0.972936137276409,0.92811480482444,0.8604923116512819,0.7222499604546457,ai/ai_infrastructure
gross_profitability,0.9877173016937707,0.9632000297908841,0.9312225426429297,0.8680268207172169,ai/ai_infrastructure
idio_vol_60d,0.8966744501397632,0.7355285158007853,0.7063360780164817,0.6615493973364756,ai/ai_infrastructure
max_ret_21d,0.4729239951519921,0.4549935172226797,0.4352118095311975,0.4175532003583783,ai/ai_infrastructure
mom_12_1,0.8777049146795487,0.6870955440011853,0.42535965003962356,0.04690055754228901,ai/ai_infrastructure
net_debt_ebitda,0.9879078535037017,0.9666359398879218,0.9442332853683896,0.8978529202531649,ai/ai_infrastructure
ocf_ev,0.9647948525810708,0.9075840303127498,0.8371706555606437,0.7055361536693836,ai/ai_infrastructure
profitable_growth,0.9635303401732425,0.8990219249264552,0.7924996078766253,0.5765811445738223,ai/ai_infrastructure
share_issuance,0.9591629935175691,0.8822730437731895,0.7866939289480136,0.6162214176398079,ai/ai_infrastructure
sue,0.7745908350846147,0.3678028914434039,0.24173589230736242,-0.12850998715449258,ai/ai_infrastructure
sue_announce,0.8575773578094456,0.5891212561588547,0.4439523564343293,0.20851917324846414,ai/ai_infrastructure
asset_growth,0.929473460086277,0.7865281246676766,0.5983710655859824,0.2771012435928684,ai/ai_software
capex_at,0.9877284024001903,0.9645328809064496,0.9228617304688002,0.8267902450740078,ai/ai_software
cash_runway_years,,,,,ai/ai_software
cop_at,0.9869058148245825,0.9651696162176671,0.9384671864535353,0.8791196874656486,ai/ai_software
dist_52w_high,0.8173959175860612,0.6318206084888263,0.45125890627239257,0.28458284469053186,ai/ai_software
droe,0.7877565724306985,0.38017076851437837,0.25761743673324616,-0.05038772907720517,ai/ai_software
ear_3d,0.6565796395392475,-0.013613198344655991,-0.026790055313085134,-0.034440253769937014,ai/ai_software
ebit_ev,0.9849972027055196,0.9591308541438578,0.9248282136902788,0.8567435320652397,ai/ai_software
gross_profitability,0.9890847420931144,0.967332452389855,0.9440123401051287,0.9167561336309883,ai/ai_software
idio_vol_60d,0.8792830490856116,0.7038607572438997,0.6727196347496021,0.6549303932298837,ai/ai_software
max_ret_21d,0.3638702407165855,0.3846359893783798,0.37518104970408067,0.3661443102504867,ai/ai_software
mom_12_1,0.8947992058373404,0.7199508940546303,0.47837937467739067,0.0601675313653278,ai/ai_software
net_debt_ebitda,0.9873117724026302,0.9608206499557166,0.933261477670033,0.8948917825388355,ai/ai_software
ocf_ev,0.9802852027590846,0.9498775463024709,0.9135994728919621,0.8378373701459151,ai/ai_software
profitable_growth,0.9756061357003512,0.9288636911416887,0.8535287235621617,0.7281219284384566,ai/ai_software
share_issuance,0.9706859614375929,0.9121602985664483,0.8256020589196681,0.6520449263547261,ai/ai_software
sue,0.8096621547607202,0.4547444621163498,0.31920695203758875,0.010398918702169234,ai/ai_software
sue_announce,0.8648561252821984,0.6118125877298723,0.48745154010920344,0.20510996925167446,ai/ai_software
asset_growth,0.927738258680627,0.7868131952074463,0.5767722435110331,0.20257145420823106,semiconductors
capex_at,0.9853692011506288,0.9589299268610613,0.9132371036699545,0.8143232105254897,semiconductors
cash_runway_years,,,,,semiconductors
cop_at,0.9697376007255136,0.9112545469632052,0.8262840358337896,0.6673099832018475,semiconductors
dist_52w_high,0.7784886009321609,0.5580419592633414,0.3597238745522974,0.16271447919201892,semiconductors
droe,0.7956428967477138,0.42585426696378187,0.2393165469012576,-0.220531481461971,semiconductors
ear_3d,0.668086272013727,0.03342592272132174,0.015260313984286381,-0.010379541505544949,semiconductors
ebit_ev,0.9685290979512758,0.913907879950364,0.8131496897609831,0.647273217182425,semiconductors
gross_profitability,0.984581573121708,0.9561723549141982,0.9075149165899576,0.8129959826102375,semiconductors
idio_vol_60d,0.8847428055652145,0.6987712978011764,0.6708341459463608,0.6383199096051696,semiconductors
max_ret_21d,0.38056740902348707,0.38995136312017786,0.36597185179547753,0.33949409595470287,semiconductors
mom_12_1,0.882950436246545,0.689984555567954,0.4172247576745,-0.02006485120276752,semiconductors
net_debt_ebitda,0.9845283941302521,0.9537600806348889,0.9141525901378489,0.8479992687867123,semiconductors
ocf_ev,0.9543027019065496,0.8787392582784121,0.7772241105991649,0.5998494367610562,semiconductors
profitable_growth,0.9554268489115011,0.8733029542953602,0.7138451814899283,0.44212061602578806,semiconductors
share_issuance,0.9541852890367417,0.8663514192904213,0.7565472992828505,0.5374354414734539,semiconductors
sue,0.8015162222850277,0.43582636442614897,0.26881349822336875,-0.14307331498946688,semiconductors
sue_announce,0.8733766188071882,0.6351777725499791,0.42518254625308893,0.1090280041413507,semiconductors
asset_growth,0.9276384879289628,0.7873767630469483,0.5781865305040068,0.20438757367782667,semiconductors/semis_all
capex_at,0.9850057722171879,0.9583160185356686,0.9124389667783968,0.8133278757510608,semiconductors/semis_all
cash_runway_years,,,,,semiconductors/semis_all
cop_at,0.9690165566138544,0.9103836152110796,0.8302638062716866,0.667172348829623,semiconductors/semis_all
dist_52w_high,0.7812900278561126,0.562753514193609,0.34891145051698036,0.16351418980165225,semiconductors/semis_all
droe,0.7960637963295226,0.4265842946451604,0.23678539798373002,-0.22160268982758774,semiconductors/semis_all
ear_3d,0.6614023029928634,0.02640752229724009,0.02180000969274887,0.008943943878252772,semiconductors/semis_all
ebit_ev,0.9682821250330116,0.9151252230531305,0.8191590999556191,0.6670980254508505,semiconductors/semis_all
gross_profitability,0.9835445928282366,0.9537334544339204,0.9042050615142503,0.8076983565887477,semiconductors/semis_all
idio_vol_60d,0.8899433137794472,0.7122944117613179,0.683939508275356,0.6531395772445603,semiconductors/semis_all
max_ret_21d,0.3962974739734136,0.40504010507079113,0.38488402680240796,0.35421782760159254,semiconductors/semis_all
mom_12_1,0.8797414550185899,0.6833828363022527,0.4025698537186532,-0.03825568522857007,semiconductors/semis_all
net_debt_ebitda,0.9848696733882989,0.9550813375723455,0.9195119458736638,0.8557564938281029,semiconductors/semis_all
ocf_ev,0.9544269785987037,0.8815122397912366,0.7881479591528664,0.6244939339624417,semiconductors/semis_all
profitable_growth,0.9552686734256137,0.8760693937857937,0.7238741270619284,0.440738602693532,semiconductors/semis_all
share_issuance,0.9555350526702258,0.8725363410186092,0.774770056927434,0.5736862985506751,semiconductors/semis_all
sue,0.804905885877566,0.4426368832900182,0.27589597029897284,-0.13057903235557,semiconductors/semis_all
sue_announce,0.8736323408912738,0.6400270259197467,0.45366597082061755,0.17147786993746542,semiconductors/semis_all
asset_growth,0.9295681808036496,0.7892873978820263,0.620933828688145,0.28728498806630914,cyber_cloud
capex_at,0.9859800364701514,0.9603880798334908,0.9124955656353141,0.8146041915243752,cyber_cloud
cash_runway_years,,,,,cyber_cloud
cop_at,0.9825436332498502,0.9489214545898846,0.9042673111879296,0.8160642455861649,cyber_cloud
dist_52w_high,0.8019420589519045,0.5909496124820268,0.38687363105086947,0.1823569852326374,cyber_cloud
droe,0.8093851544884192,0.45772593091702485,0.2908348094491409,-0.1032339600036395,cyber_cloud
ear_3d,0.6605651754311971,-0.0061190088863033254,0.009823513938213404,-0.02080881433259169,cyber_cloud
ebit_ev,0.9854405587894262,0.960576795523819,0.9290799525002011,0.8641772009735628,cyber_cloud
gross_profitability,0.9862348169125282,0.9595088414853199,0.9268911464757914,0.8723637486790251,cyber_cloud
idio_vol_60d,0.8664596855852968,0.6626492615087466,0.6296251204433992,0.5939487812703154,cyber_cloud
max_ret_21d,0.36466499689777543,0.40398419576920674,0.3847631152728521,0.3739834551136153,cyber_cloud
mom_12_1,0.8867479497341018,0.703529658631058,0.45197321703685617,0.045235058173053636,cyber_cloud
net_debt_ebitda,0.9881936241657813,0.9647922742493376,0.9349536476208353,0.888777177065592,cyber_cloud
ocf_ev,0.9714458294397916,0.9234045680874122,0.8713267447643793,0.7672466269121716,cyber_cloud
profitable_growth,0.9761340800572209,0.9326955506445869,0.8632456945367518,0.7269911776797605,cyber_cloud
share_issuance,0.9617606067161362,0.8896099291176659,0.8228139181263637,0.7059425013429599,cyber_cloud
sue,0.8196357914550809,0.4810743402371866,0.3443418030165817,0.01480658751660298,cyber_cloud
sue_announce,0.8848923392464669,0.6626877030493232,0.5416672072094265,0.29064225675072464,cyber_cloud
asset_growth,0.9256044193415498,0.7755490307882398,0.5992423233659266,0.2537452424071135,cyber_cloud/cloud_saas
capex_at,0.9858501302683755,0.9601816922092846,0.9141336710421265,0.8204524176212526,cyber_cloud/cloud_saas
cash_runway_years,,,,,cyber_cloud/cloud_saas
cop_at,0.9816103367559527,0.9460234881686578,0.8994988415868724,0.814785016208375,cyber_cloud/cloud_saas
dist_52w_high,0.79034456771407,0.5780798040534424,0.38017002897154756,0.1952085507120438,cyber_cloud/cloud_saas
droe,0.8108503420315222,0.4591521389329427,0.29417158473505295,-0.09547086821996474,cyber_cloud/cloud_saas
ear_3d,0.6626412024436795,0.0034082916860868682,0.004782690733776395,-0.03105557876424802,cyber_cloud/cloud_saas
ebit_ev,0.9854754579924503,0.960627579037963,0.9316681258848547,0.8675546318023233,cyber_cloud/cloud_saas
gross_profitability,0.9858238601528186,0.9583422530628624,0.9238597655067404,0.8723167720132997,cyber_cloud/cloud_saas
idio_vol_60d,0.8695679666581926,0.6694538977954775,0.6361784193114092,0.6081198013440545,cyber_cloud/cloud_saas
max_ret_21d,0.3680443161698867,0.4115153931054072,0.39190220883750215,0.3850763969928304,cyber_cloud/cloud_saas
mom_12_1,0.8841331041831475,0.7016999978885307,0.4525149950761777,0.05491085595148761,cyber_cloud/cloud_saas
net_debt_ebitda,0.9878298326895769,0.9636754601092338,0.9337997147987731,0.8867573862703754,cyber_cloud/cloud_saas
ocf_ev,0.9715297363071392,0.9229305139949318,0.8662676050297358,0.7655775568899741,cyber_cloud/cloud_saas
profitable_growth,0.9736170607734829,0.9246630796518651,0.8484236735919805,0.6925933592579576,cyber_cloud/cloud_saas
share_issuance,0.9622539952467204,0.8901660747436513,0.8242837188117663,0.7097626818217033,cyber_cloud/cloud_saas
sue,0.8156977835209783,0.4709409385824046,0.34033023474791335,0.017982316913129737,cyber_cloud/cloud_saas
sue_announce,0.8819739115629132,0.6540000889953477,0.5380289208335062,0.28071023671492057,cyber_cloud/cloud_saas
asset_growth,0.9263799300629216,0.7812662955005862,0.5801452591410904,0.24206721314211035,defense_space
capex_at,0.990034297071325,0.9707926222122364,0.9384628499716626,0.8726193530192579,defense_space
cash_runway_years,0.933307812434109,0.8062690671394528,0.7117991756781328,0.5732717145652082,defense_space
cop_at,0.9615696009150094,0.8880006848145301,0.7956047972950618,0.6221251912228337,defense_space
dist_52w_high,0.7886018439231057,0.592901768431317,0.41576284441624156,0.23935183046089312,defense_space
droe,0.7642114230731443,0.33073283021442446,0.18859003827517057,-0.1981618806108469,defense_space
ear_3d,0.6505729349358232,-0.04759732594692414,0.0074662753592390114,-0.0015400021360575551,defense_space
ebit_ev,0.9692054697423425,0.9140687788687886,0.8262378546392616,0.674096865034077,defense_space
gross_profitability,0.987311602938847,0.9629320142489471,0.9348337288513898,0.8794453725412135,defense_space
idio_vol_60d,0.8816006743761445,0.7092674018889884,0.6829305800548142,0.6233302135139838,defense_space
max_ret_21d,0.38331793914009393,0.40113737829988033,0.39066674093476245,0.3641747764341319,defense_space
mom_12_1,0.8822447376381769,0.698744776800453,0.4439768462235404,0.027404650828118052,defense_space
net_debt_ebitda,0.9779828154847501,0.9385395915375798,0.8850487005812251,0.8108893132176545,defense_space
ocf_ev,0.9550225653721374,0.8772728778744528,0.7834220839541329,0.6227685562101445,defense_space
profitable_growth,0.9555172343827916,0.8749089931255146,0.7496028749563824,0.5054565969253424,defense_space
share_issuance,0.9508104672546458,0.8557345090383168,0.7457254644057864,0.5313622556125464,defense_space
sue,0.759297249031826,0.31995257866495375,0.22058282131237894,-0.1031933443338575,defense_space
sue_announce,0.8349010136402022,0.5192843404842877,0.3991554121512776,0.16288488121201378,defense_space
asset_growth,0.9217999761063518,0.7710226247865879,0.5627360076331829,0.22172373009867885,defense_space/defense
capex_at,0.9873817532517167,0.9647815090397656,0.9279412532190928,0.8537799252864917,defense_space/defense
cash_runway_years,,,,,defense_space/defense
cop_at,0.9542819467330746,0.865067033987776,0.7613977265766757,0.5710278833334151,defense_space/defense
dist_52w_high,0.7628584051849204,0.5598131481164832,0.37022128268041204,0.20505818541912385,defense_space/defense
droe,0.7722183994625481,0.34615620038286726,0.19784260266888548,-0.19951975281295276,defense_space/defense
ear_3d,0.6504832913102119,-0.054833186651942374,0.027534063644667765,0.0036329555177521304,defense_space/defense
ebit_ev,0.9614425536325402,0.8949040518497166,0.790455308771566,0.6083239420327416,defense_space/defense
gross_profitability,0.986905886413946,0.961505072481827,0.9346853782420129,0.8768449205573617,defense_space/defense
idio_vol_60d,0.8683396015405304,0.678160160651494,0.6408849950599347,0.585475179073337,defense_space/defense
max_ret_21d,0.33686517269288413,0.35476860973331126,0.3549172353620194,0.321688900244157,defense_space/defense
mom_12_1,0.8779482054280656,0.696147653421227,0.4377319454875095,0.012973400130358794,defense_space/defense
net_debt_ebitda,0.9756142487556746,0.9280763366141214,0.8649408692939312,0.780835290832223,defense_space/defense
ocf_ev,0.9416352277023172,0.8405491564549119,0.7254491717555255,0.5329212242099438,defense_space/defense
profitable_growth,0.9495537110895118,0.8602629916969853,0.7279237763336172,0.4717845402518089,defense_space/defense
share_issuance,0.9492826265234112,0.8510654523163518,0.7301790470453937,0.4935701996074088,defense_space/defense
sue,0.7601098534125371,0.32711990477905895,0.2271301455477918,-0.08674698255778017,defense_space/defense
sue_announce,0.8232002188208317,0.47690959819800144,0.38489697431177694,0.13869802401582507,defense_space/defense
