scope,factor,ic_126,ic_126_nw_t,ic_pozitif_t2,fm_ayni_isaret,altdonem_2_3,bagimli_siralama_pozitif,calisiyor
havuz,asset_growth,0.03288775776008255,2.275231653503776,True,True,True,True,True
havuz,capex_at,-0.020064415512851635,-1.3758156295516148,False,False,False,True,False
havuz,cash_runway_years,0.007732872092522816,0.4356921520270164,False,False,True,False,False
havuz,cop_at,-0.031501462042295106,-1.098382388049065,False,True,False,False,False
havuz,dist_52w_high,0.08393293261681319,3.2583945166879396,True,True,True,True,True
havuz,droe,-0.016569243025489136,-0.9245795695692335,False,True,False,False,False
havuz,ear_3d,-0.0006425274986770919,-0.060104652136423596,False,False,False,False,False
havuz,ebit_ev,-0.019584150041469787,-0.5688367651512617,False,True,False,False,False
havuz,gross_profitability,-0.003611315904099974,-0.13568315014875867,False,False,True,True,False
havuz,idio_vol_60d,0.11282404501840798,3.803219473631919,True,True,True,False,False
havuz,max_ret_21d,0.09201854441091582,3.39833085093841,True,False,True,False,False
havuz,mom_12_1,0.016761648592265244,0.8285685341852599,False,True,True,True,False
havuz,net_debt_ebitda,-0.05339662800022598,-1.555008091520117,False,False,False,False,False
havuz,ocf_ev,0.009060013970616792,0.21258458880723574,False,True,False,True,False
havuz,oil_beta_trend,-0.015284067482825346,-0.4082931991503996,False,True,True,True,False
havuz,profitable_growth,,,False,False,False,False,False
havuz,share_issuance,0.06956474425933683,4.8090623099761975,True,True,True,False,False
havuz,sue,0.0009658073646647836,0.05847811666298235,False,True,False,False,False
havuz,sue_announce,0.038934794503467464,2.5460627597022496,True,True,True,True,True
robotics,asset_growth,0.05574902127160052,0.9324942160709243,False,False,True,True,False
robotics,capex_at,-0.15086357851411242,-2.0802037368869035,False,True,False,False,False
robotics,cop_at,,,False,False,True,False,False
robotics,dist_52w_high,0.04947949451958993,0.9932035349778424,False,True,False,False,False
robotics,droe,,,False,False,True,False,False
robotics,ear_3d,0.012023952686772837,0.29142865317902517,False,True,False,False,False
robotics,gross_profitability,,,False,False,True,False,False
robotics,idio_vol_60d,0.12453178620259774,2.160391794461998,True,True,False,False,False
robotics,max_ret_21d,0.09581655001007386,1.8917282803130773,False,False,False,False,False
robotics,mom_12_1,0.04139814448016245,0.7819653334890484,False,True,False,False,False
robotics,profitable_growth,,,False,False,False,False,False
robotics,share_issuance,0.13312439460342637,1.8485804414375233,False,True,False,True,False
robotics,sue,,,False,False,True,False,False
biotech,asset_growth,0.01267384158340209,0.7491017538711723,False,True,True,True,False
biotech,capex_at,-0.0165899395361013,-1.004116315034848,False,False,False,True,False
biotech,cash_runway_years,0.017136252079028212,0.996699098429835,False,False,True,False,False
biotech,cop_at,0.002875499484313761,0.12573602219453542,False,False,False,False,False
biotech,dist_52w_high,0.09658523544695302,5.0323955652469206,True,True,True,True,True
biotech,droe,-0.020821933590014684,-1.0090049325445563,False,True,False,False,False
biotech,ear_3d,-0.011405267014731331,-1.0614056831622498,False,True,False,False,False
biotech,gross_profitability,-0.014232099348377481,-0.4580950618511418,False,True,True,False,False
biotech,idio_vol_60d,0.13332280522801457,6.055184162039863,True,True,True,True,True
biotech,max_ret_21d,0.10462705197137667,5.137880561637124,True,True,True,True,True
biotech,mom_12_1,0.005943310529246231,0.3409616061370019,False,True,True,True,False
biotech,share_issuance,0.07222374076626244,3.027058696655042,True,False,True,False,False
biotech,sue,0.0008283304797406688,0.04722009596335996,False,True,False,False,False
biotech,sue_announce,0.059017460598165025,2.8711847537235733,True,True,True,True,True
biotech/biotech_all,asset_growth,0.01267384158340209,0.7491017538711723,False,True,True,True,False
biotech/biotech_all,capex_at,-0.0165899395361013,-1.004116315034848,False,False,False,True,False
biotech/biotech_all,cash_runway_years,0.017136252079028212,0.996699098429835,False,False,True,False,False
biotech/biotech_all,cop_at,0.002875499484313761,0.12573602219453542,False,False,False,False,False
biotech/biotech_all,dist_52w_high,0.09658523544695302,5.0323955652469206,True,True,True,True,True
biotech/biotech_all,droe,-0.020821933590014684,-1.0090049325445563,False,True,False,False,False
biotech/biotech_all,ear_3d,-0.011405267014731331,-1.0614056831622498,False,True,False,False,False
biotech/biotech_all,gross_profitability,-0.014232099348377481,-0.4580950618511418,False,True,True,False,False
biotech/biotech_all,idio_vol_60d,0.13332280522801457,6.055184162039863,True,True,True,True,True
biotech/biotech_all,max_ret_21d,0.10462705197137667,5.137880561637124,True,True,True,True,True
biotech/biotech_all,mom_12_1,0.005943310529246231,0.3409616061370019,False,True,True,True,False
biotech/biotech_all,share_issuance,0.07222374076626244,3.027058696655042,True,False,True,False,False
biotech/biotech_all,sue,0.0008283304797406688,0.04722009596335996,False,True,False,False,False
biotech/biotech_all,sue_announce,0.059017460598165025,2.8711847537235733,True,True,True,True,True
energy,asset_growth,0.0713119916648559,2.73159701791711,True,True,True,True,True
energy,capex_at,0.046873160041148346,1.561397398987501,False,True,True,True,False
energy,cash_runway_years,-0.33897140440966267,-6.030087005677953,False,True,False,False,False
energy,cop_at,-0.048734394331078866,-1.2278707330793661,False,True,False,False,False
energy,dist_52w_high,0.05219447580711651,1.0294588655403214,False,True,True,False,False
energy,ear_3d,0.02168388827520018,1.3357250493091297,False,True,True,True,False
energy,ebit_ev,-0.019584150041469787,-0.5688367651512617,False,True,False,False,False
energy,gross_profitability,-0.023378147733866015,-0.8170927992201672,False,True,False,True,False
energy,idio_vol_60d,0.07566743970393966,1.3261006404620914,False,False,True,False,False
energy,max_ret_21d,0.055108238858567686,1.136609760742041,False,False,True,False,False
energy,mom_12_1,0.03320865570998259,0.7545267194451963,False,True,True,True,False
energy,net_debt_ebitda,-0.05339662800022598,-1.555008091520117,False,False,False,False,False
energy,ocf_ev,0.009060013970616792,0.21258458880723574,False,True,False,True,False
energy,oil_beta_trend,-0.015284067482825346,-0.4082931991503996,False,True,True,True,False
energy,share_issuance,0.04216537573510633,2.014900722748732,True,True,True,True,True
energy,sue_announce,0.023938024165452175,0.9925677490230552,False,True,True,True,False
energy/oil_gas,asset_growth,0.0645458161533557,2.8968421240847952,True,True,True,True,True
energy/oil_gas,capex_at,0.04168609713944994,1.1959249618558208,False,True,True,True,False
energy/oil_gas,cop_at,-0.05312166369022146,-2.1566036359103644,False,True,False,False,False
energy/oil_gas,dist_52w_high,0.05286808586741393,1.1926510803612875,False,False,True,False,False
energy/oil_gas,ear_3d,0.007714072096804874,0.4127963896999435,False,False,True,True,False
energy/oil_gas,ebit_ev,-0.03533333354452147,-1.2462058529182878,False,True,False,False,False
energy/oil_gas,gross_profitability,-0.04451435099132994,-1.2977638462284307,False,True,False,False,False
energy/oil_gas,idio_vol_60d,0.07638317219484307,1.5696329237793285,False,False,True,False,False
energy/oil_gas,max_ret_21d,0.052034340318848384,1.415034634738062,False,False,True,False,False
energy/oil_gas,mom_12_1,0.012726964761174358,0.31317793091005836,False,True,True,False,False
energy/oil_gas,net_debt_ebitda,-0.05681444595754812,-1.8755281418192962,False,True,False,False,False
energy/oil_gas,ocf_ev,-0.02504686131833902,-0.7818279220671024,False,True,False,True,False
energy/oil_gas,oil_beta_trend,-0.015284067482825346,-0.4082931991503996,False,True,True,True,False
energy/oil_gas,share_issuance,0.05248368289109931,2.221156293500223,True,True,True,True,True
energy/oil_gas,sue_announce,-0.008279980060291684,-0.36842635313247274,False,True,False,True,False
energy/power_utilities,asset_growth,7.043713548778788e-05,0.0022171569565837446,False,False,True,True,False
energy/power_utilities,capex_at,-0.03743350571208879,-1.002736628079951,False,False,False,True,False
energy/power_utilities,cop_at,-0.03599762860174902,-1.0746096604350617,False,True,False,False,False
energy/power_utilities,dist_52w_high,0.007007913994641779,0.2002859920626763,False,True,False,False,False
energy/power_utilities,ear_3d,0.010061592918272515,0.2917226550067583,False,True,True,True,False
energy/power_utilities,ebit_ev,0.08167865945916233,2.4424179993087733,True,True,True,True,True
energy/power_utilities,idio_vol_60d,-0.001622685149039725,-0.0446959535502797,False,True,True,False,False
energy/power_utilities,max_ret_21d,0.02150373869064479,0.830295304916461,False,True,True,True,False
energy/power_utilities,mom_12_1,0.04189192751423679,0.9520058428464069,False,True,True,True,False
energy/power_utilities,net_debt_ebitda,-0.00725699157756718,-0.21115124134045843,False,False,False,True,False
energy/power_utilities,ocf_ev,0.024937806437312488,0.6629095566086473,False,False,True,True,False
energy/power_utilities,share_issuance,0.002775459520413945,0.08500455844258376,False,True,True,True,False
energy/power_utilities,sue_announce,-0.007949233948036006,-0.19911128807202957,False,False,False,False,False
energy/renewables,asset_growth,0.03318174400917374,0.6879941671106171,False,False,True,False,False
energy/renewables,capex_at,0.0500980190058478,1.1480485283857316,False,True,False,True,False
energy/renewables,cop_at,0.0020528323859712954,0.061767397809846324,False,True,True,True,False
energy/renewables,dist_52w_high,-0.011110445562640498,-0.22450598127660923,False,True,True,False,False
energy/renewables,ear_3d,0.07350726823039633,2.9839386613239216,True,True,True,True,True
energy/renewables,ebit_ev,0.0278955768495848,0.6332298657308607,False,True,True,False,False
energy/renewables,gross_profitability,-0.06602250054424048,-1.274751910601803,False,False,False,False,False
energy/renewables,idio_vol_60d,0.015058953446303749,0.2312418106327801,False,False,True,False,False
energy/renewables,max_ret_21d,0.005609354076517646,0.09479916078289138,False,False,True,False,False
energy/renewables,mom_12_1,-0.05392631563616756,-1.0941415611092158,False,False,False,True,False
energy/renewables,net_debt_ebitda,-0.01425098529844564,-0.35110595657303256,False,False,True,True,False
energy/renewables,ocf_ev,0.050685468957348136,1.234127662749229,False,False,True,True,False
energy/renewables,share_issuance,0.028844439098367685,0.6016708695041671,False,False,True,False,False
energy/renewables,sue_announce,-0.033429811982714094,-0.9049300273393382,False,True,False,False,False
