scope,factor,horizon,n_ports,months,ew_p1,ew_p2,ew_p3,ew_p4,ew_p5,monotonic,mimic_ew,mimic_ew_t,mimic_vw,mimic_vw_t,top_minus_mean_ew,top_minus_mean_ew_t
havuz,asset_growth,21,5,182,-0.0024213637053286568,-0.002251012107484546,-0.001304672068427642,0.0007979966911952056,0.004565518298960527,True,0.006986882004289184,2.1153368535209287,-0.0007747196729467225,-0.13996896711286005,0.0046776207804884486,2.04133209734608
havuz,asset_growth,63,5,180,-0.003136074476698434,-0.004188279171883341,-0.004060464093432134,0.0028693102022428886,0.007018695581932506,False,0.010154770058630939,1.2647765888760312,0.0042128516389965,0.3563617648274154,0.0073003784397962694,1.5938949163184766
havuz,asset_growth,126,5,177,-0.008761468160911359,-0.0035856263297079642,-0.006048634206071948,0.007274912111624862,0.008948976338704654,False,0.017710444499616017,1.3545341314681338,0.01792942440447838,1.0218541969917148,0.009335895169528959,1.2790091854394974
havuz,capex_at,21,5,182,-0.004762607444934369,0.002308769418600458,0.002309990092405423,-0.001348824143769346,0.001313357054681059,False,0.0060759644996154286,2.428963674317378,-0.003425410826088127,-0.5582835990297187,0.001339173762729522,0.798845278711708
havuz,capex_at,63,5,180,-0.015044946513843471,0.0037538617025305613,0.004634007790364859,-0.0010806837795228658,0.0070424244622337194,False,0.022087370976077193,3.1053050880545205,0.008558866622369618,0.5860195898294283,0.007143825725700737,1.7534113199821517
havuz,capex_at,126,5,177,-0.030881108416336258,0.009683314459733163,0.01273983201788904,-0.0005879556779983809,0.008751449375862544,False,0.0396325577921988,2.9203674228079906,0.018750386135446478,0.8647685223220768,0.008759578087308487,1.2758769986277227
havuz,cash_runway_years,21,5,148,0.009524377694912503,-0.004571089462008886,0.0001647287050660109,-0.0032360069282590716,0.000635750119455382,False,-0.008888627575457119,-1.5116236190899264,-0.00013446691846195265,-0.014186981264434908,0.00018492465919084088,0.06315629736582469
havuz,cash_runway_years,63,5,146,0.027462348122569848,-0.00048427086787413836,-0.002734832867777546,-0.010421527672037877,0.002255638811475024,False,-0.025206709311094824,-1.6748764762539707,-0.01177907397253191,-0.5082657045253002,-0.000917816542480888,-0.11003961285101269
havuz,cash_runway_years,126,5,143,0.031098038588515838,0.026181037606742376,-0.01963523003059326,-0.015799600431484796,-0.002752234255170403,False,-0.033850272843686253,-1.483578129055957,-0.05583456263278756,-1.5194433652962898,-0.006469610964156279,-0.5141265945954245
havuz,cop_at,21,5,182,-0.0003500029384639212,-0.0011870735447048625,0.0013145535145212166,0.0006937282430533966,-0.0009002729500110176,False,-0.0005502700115470968,-0.17337954180908635,0.0029997516238239397,0.6766081243564379,-0.0008086633587226009,-0.4938838078061497
havuz,cop_at,63,5,180,-0.0006808020203853705,-0.0012945488784264383,0.0029062580573449514,-0.0018066491094127569,-0.0075826955167706865,False,-0.0069018934963853175,-0.8617114759157262,0.002648305402563703,0.2348894027890211,-0.005868611458693159,-1.3968758046077474
havuz,cop_at,126,5,177,0.001968616441250007,0.0038483857860873607,0.007995331569442616,-0.00496186569204316,-0.014922480025361187,False,-0.016891096466611192,-1.0037640570515574,0.009628912404077096,0.4318249682887839,-0.01366821036110302,-1.5285518867354635
havuz,dist_52w_high,21,5,182,-0.0024911817076384737,-0.002797661773736615,0.002809701865977603,0.003176982368860491,-0.0005611695521029491,False,0.0019300121555355246,0.3185462418956302,0.004388578744936918,0.606346990028681,-0.0005955631704501462,-0.21532183138844033
havuz,dist_52w_high,63,5,180,-0.006221548920677255,-0.0034324448075726067,0.006535914051656603,0.0042825823501748805,-0.0009600887687339759,False,0.005261460151943281,0.41165798302083934,0.011544471493048958,0.7778365158354428,-0.0009951572049000546,-0.18606294513502217
havuz,dist_52w_high,126,5,177,-0.009882657521335757,-0.003571984150795534,0.004729317108894474,0.0051779270768343615,0.004029061468936406,False,0.013911718990272166,0.5608354721266645,0.011727971536229951,0.39537713744352104,0.003923545661318473,0.3829437451952425
havuz,droe,21,5,119,0.0011542733860473115,-0.0022303446462991093,0.002229221190007279,0.0038732205360856304,-0.0007391308219317333,False,-0.0018934042079790457,-0.40952785211631887,-0.0004194463275320181,-0.055087791961262456,-0.0015508220857937119,-0.495595338516253
havuz,droe,63,5,117,0.000848426004834056,-0.00777418208974937,0.0009839576947729047,0.0011135662213091954,-0.004094006278985912,False,-0.004942432283819973,-0.4097477183094627,-0.002031949315545529,-0.11945913062983769,-0.0022768023798497854,-0.2933512770821969
havuz,droe,126,5,114,0.012812565535256988,-0.014251234685007374,-0.007055484893352632,0.008519092900548593,0.00814477245267049,False,-0.0046677930825865,-0.18748679318483064,-0.01351107346536202,-0.4308599846290729,0.006457743946670296,0.42190149971007207
havuz,ear_3d,21,5,182,0.002273652882049656,0.0014973861152088317,-0.002159854601674362,0.0001957285986832898,-0.0006249905426109994,False,-0.002898643424660655,-1.0095732677940805,-0.006283224363360448,-1.3935134532177622,-0.0008578783817816996,-0.5430700206773367
havuz,ear_3d,63,5,180,0.0038710898083910987,0.0042868702675103254,-0.0008540244910456515,-0.0030896501220137713,0.0002530231405512816,False,-0.0036180666678398182,-0.6663688744954228,-0.015036317550993043,-1.7155496064285731,-0.0006377465216969237,-0.19183076854961628
havuz,ear_3d,126,5,177,4.580578835836257e-05,0.006757372041098422,0.0010473073157788427,-0.005565143640644336,0.005588764628526165,False,0.005542958840167802,0.5865501881743617,0.01070888282964924,0.6947557854375782,0.003996083070187081,0.6685900717942305
havuz,ebit_ev,21,5,182,0.003127084195821384,-0.001228880241097101,-0.001361974032094824,-0.0017319204933407698,-0.001018508256189553,False,-0.0041455924520109365,-0.7303800944870751,-0.003389546010773717,-0.5593619239512063,-0.0005491731227014606,-0.17347581258870445
havuz,ebit_ev,63,5,180,0.008048620659159653,-0.00039897067865292526,-0.003208899913628575,-0.003228919408682164,-0.012438074476982152,False,-0.020486695136141802,-1.4379476469507675,-0.014997870598935552,-1.0120221494400699,-0.010116631449511982,-1.3890807021532603
havuz,ebit_ev,126,5,177,0.020402251511182388,0.003267918700250843,-0.0095396160383237,-0.005975946766626283,-0.024099484297353584,False,-0.04450173580853597,-1.6876800908026424,-0.036660791326217496,-1.3338136914188843,-0.020764079576289344,-1.4936122897303223
havuz,gross_profitability,21,5,175,-0.0005521642796263574,0.0009149026026244736,-0.00041158575565165573,0.0011948252585850159,0.0007070581501772439,False,0.0012592224298036015,0.32622481694902056,-0.0008683017574733502,-0.1751614927473789,0.0003184524976325335,0.1667151537896183
havuz,gross_profitability,63,5,173,-0.001916642732980149,0.003096134812184789,-0.004308528496028838,0.0002615241308803196,-0.0020359088263932515,False,-0.00011926609341310221,-0.011797875511547703,-0.0026839519793137407,-0.22109823999651954,-0.0010691983517543706,-0.20504984210890792
havuz,gross_profitability,126,5,170,-0.002004711636887536,0.013422711768159084,-0.0063992065718439526,0.008986419173567356,0.0014945747354670818,False,0.003499286372354618,0.18631584268781184,0.004847140015781122,0.20473348819311757,-0.0016165720521332503,-0.15758672359167947
havuz,idio_vol_60d,21,5,182,0.0027907364673659288,-0.002256768252565554,-0.0011366872401435456,-0.00033950829675698734,0.0011022659483304951,False,-0.0016884705190354354,-0.25386549967260447,0.005710890827186154,0.6484925409297052,0.0010727594748510649,0.2899112626147363
havuz,idio_vol_60d,63,5,180,0.008248652080584042,-0.003643158686315731,-0.0028571503935689523,-0.0018850075514399193,0.00042558170257567,False,-0.007823070378008374,-0.5058882232858509,0.004833953000320012,0.20831235787588015,0.0003998896924295688,0.04690272647095191
havuz,idio_vol_60d,126,5,177,0.0024184351092711,-0.005497522690117406,0.0003598855292579509,0.0008742358798141652,0.0024319122069167347,False,1.3477097645634484e-05,0.0004993214821065118,0.002891120331226617,0.07103432507477375,0.0023341301498476944,0.1427479889471994
havuz,max_ret_21d,21,5,182,0.0026159284063031335,-0.0006955621585711025,-0.00230051723427813,-7.09841369746497e-06,0.0005361630004071888,False,-0.0020797654058959457,-0.3557618019156166,0.0026440901883729166,0.375477865213655,0.000504322165837573,0.15082684066985969
havuz,max_ret_21d,63,5,180,0.00784568114807773,0.0001306520775129432,-0.006265747742720889,-0.0013763777895966103,4.0206039379006885e-05,False,-0.007805475108698723,-0.5793733208592035,0.009537074838512235,0.6237464923678804,-1.5058239066704596e-05,-0.002012268237691483
havuz,max_ret_21d,126,5,177,0.004131791594924962,0.0029363465052251927,-0.007163913825298956,0.00251011565510482,-0.0016693056670920672,False,-0.0058010972620170295,-0.24836462920112162,-0.005224309670351179,-0.19919271988006834,-0.0018112739697205556,-0.12416493440519746
havuz,mom_12_1,21,5,182,-0.0038772896916830215,0.00023641176570146538,0.0007831132735425955,0.003949190947908263,-0.000933673647796982,False,0.002943616043886039,0.7260826526899092,0.00038851637101572844,0.0590029294419608,-0.000973364950538162,-0.45910433409066814
havuz,mom_12_1,63,5,180,-0.006523902510054705,-0.0019298206338565671,-0.0034109243952750207,0.007686472141370518,0.004225677666591399,False,0.0107495801766461,1.1638743291593088,-0.00021906418657505878,-0.015964434848854476,0.004189988088765322,0.8022555896542186
havuz,mom_12_1,126,5,177,-0.00804352852653037,-0.0052623058059421005,-0.004542460479211337,0.010446079767556706,0.00730088862328771,False,0.015344417149818079,0.8037218673996975,-0.0047003899605139576,-0.16844749498800005,0.007288793075463842,0.749833988335464
havuz,net_debt_ebitda,21,5,182,-0.0023166325266724785,-0.0008593322379944625,0.0006097843682160338,-0.004962275148045217,3.43268522721893e-05,False,0.0023509593789446683,0.5258129649192456,0.0020842578457118547,0.39023909963574477,0.0015078144803627842,0.4864599074859891
havuz,net_debt_ebitda,63,5,180,-0.006258089467825563,-0.0033281666194040563,0.0006273331928986091,-0.01522599063063149,-0.003655719154689368,False,0.0026023703131361924,0.22581176964781785,-0.001565407069106966,-0.12980146794152964,0.0019011827447797565,0.24620559201636036
havuz,net_debt_ebitda,126,5,177,-0.009662054902422173,-0.00475079011077627,-0.00046109382679121425,-0.026181269522530463,-0.007956720932622716,False,0.001705333969799461,0.08412397371124476,-0.010207831389876219,-0.46575493793655576,0.0018412810329742622,0.12966908976803176
havuz,ocf_ev,21,5,182,-0.004341307548682704,-0.002557226837669549,0.001382286027220408,0.002541471948585641,0.0002623971953524476,False,0.004603704744035152,0.7085747963061165,0.005661619595226407,0.9049775408351678,0.0007729143623765479,0.18631390828843736
havuz,ocf_ev,63,5,180,-0.011154527697607679,-0.0057031886247552255,0.003381163622505094,0.006674252979517255,-0.005168164055745226,False,0.005986363641862454,0.3891853518021478,0.008545353634315486,0.5442718446676332,-0.002808673604839547,-0.2881660408657639
havuz,ocf_ev,126,5,177,-0.017412888752526293,-0.005912841440102986,0.00849944208307587,0.010726173854743974,-0.013357739191311826,False,0.004055149561214469,0.11901872192811629,0.011302219965101902,0.3423402657215011,-0.009945191009919497,-0.46477239561733696
havuz,oil_beta_trend,21,5,181,-0.0006090376956096286,0.0012768380543672503,-0.00291513125578708,0.0015729361971421815,0.0037642396278087737,False,0.004373277323418402,0.5700827611417962,0.007096754582230475,1.082229269332112,0.0031521642261923373,0.8013486865769862
havuz,oil_beta_trend,63,5,179,0.004311431931977896,0.00154537374212875,-0.010953247803698603,-0.003826971783950754,-0.00017049162119704518,False,-0.00448192355317494,-0.24768755891315908,0.004577956609384418,0.30559193614278096,0.001666428103317164,0.16292311730817904
havuz,oil_beta_trend,126,5,176,-0.0020007072651768887,0.0005470943934982483,-0.023781808599599708,-0.00431624755524915,-0.0005708663921506838,False,0.0014298408730262072,0.047706545625325066,0.014923562359322557,0.5627677374680362,0.005477144940878348,0.3047046276536288
havuz,profitable_growth,21,3,5,,,,,,False,,,,,,
havuz,profitable_growth,63,3,5,,,,,,False,,,,,,
havuz,profitable_growth,126,3,5,,,,,,False,,,,,,
havuz,share_issuance,21,5,182,-0.0001639624158762299,-0.000599352507909864,-0.0011343663037909246,0.0012979396636444006,0.0006623705106212061,False,0.0008263329264974352,0.22917959841640453,0.007244233839336962,1.258626387023492,0.0006544068263137843,0.41312485793196185
havuz,share_issuance,63,5,180,0.004419982230026998,2.359068783060562e-05,-0.005519266071635273,0.0004333139851906559,0.00015456786948240834,False,-0.0042654143605445885,-0.4692113643330809,0.00991147093690742,0.7582792671009474,0.00026692680536872105,0.07291878830629812
havuz,share_issuance,126,5,177,0.004854768258450967,0.0035481462674080626,-0.011125189670038081,-0.0039051453331774093,0.003910930872689096,False,-0.0009438373857618685,-0.05944497197207299,0.018831124835482386,0.846440763498051,0.004459203499862612,0.6725329880396318
havuz,sue,21,5,134,0.0034751501038549214,-0.002404738706815702,0.0001727098733799092,0.0021491635753681086,-0.0005069781676057663,False,-0.003982128271460685,-0.9296763951864856,-0.003912614074650921,-0.5075263175346879,-0.0010362095434153864,-0.386959127957846
havuz,sue,63,5,132,0.006133173771649325,-0.011639448347846934,0.004218491152351344,0.0033692278876019583,-0.0027821902224321013,False,-0.008915363994081427,-0.9516697764778004,-0.013114879456736919,-0.7068454211611075,-0.002609804695080499,-0.4776655465681714
havuz,sue,126,5,129,0.011084184392187533,-0.0224776235093711,-0.0012132535824587339,0.005624694061750085,0.01003757906871428,False,-0.0010466053234732522,-0.06516004160820585,-0.018066470097685656,-0.6414996475143729,0.009433905595242322,1.180887004764697
havuz,sue_announce,21,5,182,-0.0007525657115800761,-0.0013528688220240338,0.0008601160821462,0.001868145803811956,0.0020508785558416873,False,0.0028034442674217627,0.7530031588467724,-0.00011343752102796753,-0.031535839309292185,0.0015256604890389878,0.809411766956603
havuz,sue_announce,63,5,180,-0.008089244534874253,0.0012063704719442654,0.002408799625025534,0.005642871153130612,0.003578539848168255,False,0.011667784383042508,1.480030092547712,0.0027000065447852386,0.2926262414958371,0.002614576817862938,0.5668797983016715
havuz,sue_announce,126,5,177,-0.00868154313608817,-0.00479725728852366,0.005477307453752093,0.010138694033869229,0.009845547634155813,False,0.018527090770243986,1.5020385922701505,-0.006680492130689255,-0.3664641545200253,0.00740451807585067,1.0370360358317599
robotics,asset_growth,21,3,63,0.003714554095433418,-0.0019489202726504168,-0.001618631614285093,,,False,-0.005333185709718514,-0.4835420796736468,-0.008306398380441983,-0.4258127314016575,-0.001618631614285096,-0.23973730409429542
robotics,asset_growth,63,3,61,0.002494972418441312,-0.005007619923698211,0.0021769604855802777,,,False,-0.00031801193286103477,-0.013704378158523635,-0.01454195944135855,-0.2632844457928657,0.0021769604855802803,0.15173574014728305
robotics,asset_growth,126,3,58,-0.00864775517436313,0.004695740134467767,0.003945704331751223,,,False,0.012593459506114353,0.26304187180259075,-0.041598839145491256,-0.3994843472845001,0.003945704331751226,0.15489703684842343
robotics,capex_at,21,3,54,0.011221450384029092,0.0009536892967771785,-0.012274179636028346,,,False,-0.02349563002005744,-1.7663408921973822,-0.02291544730317582,-1.307910857285836,-0.011597668740147874,-1.7473296762100092
robotics,capex_at,63,3,52,0.033513814751084184,0.004964596403555914,-0.038147171742220584,,,False,-0.07166098649330475,-2.0127455965386924,-0.050819509795348765,-1.1953503353225,-0.03741435906716712,-1.7510640685727683
robotics,capex_at,126,3,49,0.07241070341919663,-0.0040264862792487545,-0.061978823881140156,,,False,-0.13438952730033676,-2.081229965271597,-0.11415163572491825,-1.3422048964467357,-0.06327972433756603,-1.5150248097942673
robotics,cop_at,21,3,5,,,,,,False,,,,,,
robotics,cop_at,63,3,5,,,,,,False,,,,,,
robotics,cop_at,126,3,5,,,,,,False,,,,,,
robotics,dist_52w_high,21,3,66,0.001902954011098529,-0.002797549179665176,-3.9961130972461964e-07,,,False,-0.0019033536224082506,-0.18979041620190248,-0.02466472769394166,-1.5891552239148634,-3.996113097265909e-07,-8.309799526524214e-05
robotics,dist_52w_high,63,3,64,0.013513808060386906,0.00016738941185606357,-0.012909769174751647,,,False,-0.026423577235138544,-1.0649525525580628,-0.08195629160549685,-2.117930583096023,-0.012909769174751643,-1.2703048703707376
robotics,dist_52w_high,126,3,61,0.020466147148059284,-0.012953103871450574,-0.006375179805602212,,,False,-0.026841326953661503,-0.5959160037296755,-0.16120507223841996,-2.713699762429932,-0.006375179805602215,-0.42305899713013556
robotics,droe,21,3,5,,,,,,False,,,,,,
robotics,droe,63,3,5,,,,,,False,,,,,,
robotics,droe,126,3,5,,,,,,False,,,,,,
robotics,ear_3d,21,3,49,-0.0005240669090098769,-0.0019298691838595754,0.001972942718216901,,,False,0.0024970096272267776,0.2443458306303372,0.029243130839600277,1.9814539457271354,0.002211157347270265,0.31530058202427325
robotics,ear_3d,63,3,47,-0.00622536431358297,-0.023289033222557983,0.014997091935367803,,,False,0.02122245624895077,0.9362396041453577,0.03952594341367305,0.9593285031672997,0.019389333401330935,1.2588044191907188
robotics,ear_3d,126,3,44,0.004781200441917738,-0.02516971539170423,0.011630363461125183,,,False,0.006849163019207446,0.23834176850840155,0.004621653394197451,0.06084419839738948,0.014037868614000176,1.0723423627514574
robotics,gross_profitability,21,3,5,,,,,,False,,,,,,
robotics,gross_profitability,63,3,5,,,,,,False,,,,,,
robotics,gross_profitability,126,3,5,,,,,,False,,,,,,
robotics,idio_vol_60d,21,3,66,-0.004672194892979889,0.004458375924425903,5.7871575525548045e-06,,,False,0.0046779820505324435,0.3358152111858106,-0.002082397808155282,-0.11362526129676803,5.787157552551992e-06,0.0009308337212356079
robotics,idio_vol_60d,63,3,64,-0.0029069132704045986,0.014089513476609946,-0.010166642413543349,,,False,-0.007259729143138754,-0.198919173835145,-0.03260675674972089,-0.9039620853402718,-0.010166642413543347,-0.6199654657490825
robotics,idio_vol_60d,126,3,61,-0.015987737015559503,0.017007277549075845,-0.0013864929918532276,,,False,0.014601244023706276,0.2399597865594763,-0.04136350470329781,-0.7642337238067023,-0.0013864929918532304,-0.04355024177906981
robotics,max_ret_21d,21,3,66,-0.005430719515293974,0.01123245296223442,-0.00604027505319957,,,False,-0.0006095555379055982,-0.04566004231468223,-0.020974821300043134,-1.258820242782018,-0.0060402750531995736,-0.9254035668310963
robotics,max_ret_21d,63,3,64,-0.0032338083595537873,0.006432296852365481,-0.003219694592219619,,,False,1.4113767334168054e-05,0.00046270660556180926,-0.009265202601245467,-0.33482679880968147,-0.0032196945922196175,-0.21697747396493897
robotics,max_ret_21d,126,3,61,-0.01815605061269734,0.018244922906480304,-0.0002891597182661061,,,False,0.01786689089443124,0.4112984523382184,-0.08617055003051581,-1.698564607323106,-0.0002891597182661128,-0.011815517977331111
robotics,mom_12_1,21,3,66,-0.004963212621090677,-0.0012362765430162172,0.004949218027438543,,,True,0.00991243064852922,0.7532666591217875,-0.015192689217478439,-0.7736141218813467,0.004949218027438541,0.6509571160400044
robotics,mom_12_1,63,3,64,-0.0029813438521130555,-0.012146594571572453,0.013022528272372736,,,False,0.016003872124485792,0.6185025847236035,-0.05225706921062703,-1.275834366666266,0.013022528272372741,0.9157774773082037
robotics,mom_12_1,126,3,61,-0.003143378515369136,-0.0245475957766825,0.02557373872504283,,,False,0.02871711724041196,0.6845888397364883,-0.11397346579036399,-1.4812697956150638,0.025573738725042826,1.2646726706673208
robotics,profitable_growth,21,3,5,,,,,,False,,,,,,
robotics,profitable_growth,63,3,5,,,,,,False,,,,,,
robotics,profitable_growth,126,3,5,,,,,,False,,,,,,
robotics,share_issuance,21,3,60,-0.004538979815157771,-0.002890678207939684,0.006990329677825622,,,True,0.011529309492983388,0.7966875366530344,0.011202838708610437,0.5675774012647588,0.0072087329389753044,1.1065957735420795
robotics,share_issuance,63,3,58,-0.007735364290625107,0.003461851640036329,0.0034468904223148565,,,False,0.011182254712939965,0.32064968860154064,0.03772807591434255,0.8433823533577067,0.004209313661118768,0.24733500349415014
robotics,share_issuance,126,3,55,-0.022191966246110528,0.008759398179383128,0.011254764776238357,,,True,0.03344673102234887,0.5981334545253526,0.07440984760552392,1.1115291630714832,0.011608345328239893,0.3305872529217447
robotics,sue,21,3,5,,,,,,False,,,,,,
robotics,sue,63,3,5,,,,,,False,,,,,,
robotics,sue,126,3,5,,,,,,False,,,,,,
biotech,asset_growth,21,5,163,-0.0024011503213443347,0.00013551660499851504,-0.003643882817064267,0.0004785409091564051,0.004799745462781925,False,0.007200895784126261,1.5175690681199199,-0.00047861312894839484,-0.061618281430301916,0.004914868007671432,1.6356980201424132
biotech,asset_growth,63,5,161,0.0013051186629562809,0.0024745222100780485,-0.007955160324618855,-0.005195525500875428,0.005882527810447363,False,0.004577409147491079,0.36936023924645234,0.007143988328934513,0.394321566041437,0.00657811334891592,0.9387890667638922
biotech,asset_growth,126,5,158,-0.006668809463210289,0.0032865072302839245,0.000886236367612948,-0.010509631819739775,0.010387506265251716,False,0.017056315728462005,0.8529846629481536,0.031871480077859345,0.9847953587059108,0.010859693122511201,0.9087613898833643
biotech,capex_at,21,5,160,-0.0013794989962924937,5.451844296403743e-05,-0.0006911994953384719,0.0002119061085325674,0.0035407992472130632,False,0.004920298243505556,0.8866619401808362,-0.005839226478099267,-0.9091647600174951,0.0031459793748034245,0.962555408739724
biotech,capex_at,63,5,158,-0.011599967693102653,0.0011435003306263475,-0.0026358960443769574,-0.00042187917470073966,0.01649926092890538,False,0.028099228622008036,2.3109297662765993,0.005479565800128846,0.38516361191940557,0.015753738155796268,2.0248455347630974
biotech,capex_at,126,5,155,-0.010199264292946117,-0.00306806314344336,0.0035237522856608086,-0.010304169686420592,0.026845456126918157,False,0.03704472041986428,1.7206601498812197,0.003461831949086247,0.1612087125933287,0.025395092265365637,2.053605261350917
biotech,cash_runway_years,21,5,142,0.008941817106803125,-0.0017277996524414968,-0.004508032322797468,-0.007685567428009525,-0.00024301642406628497,False,-0.00918483353086941,-1.5846587634854492,0.0003640551669558408,0.05018479439645925,0.0008132029939708418,0.2595218615284327
biotech,cash_runway_years,63,5,140,0.023379993970041885,-0.0013066036193520917,-0.007704646417662386,-0.014324371939994378,0.000494847259526807,False,-0.022885146710515076,-1.5892184515815004,-0.0005138026378131806,-0.027097913308278068,0.0004900100248428832,0.06178192203946503
biotech,cash_runway_years,126,5,137,0.022804560173105816,0.018963420770331776,-0.02442063294616051,-0.019382089063227165,-0.005246636935500216,False,-0.02805119710860603,-1.2570928364186176,-0.015751303432759413,-0.449925458064093,-0.0036096740923842064,-0.27338812574736393
biotech,cop_at,21,5,117,-0.0004557960928071148,0.000994918787229636,0.0002451683827296946,0.0054512176659715075,-0.003507829288750077,False,-0.0030520331959429632,-0.5185555523801745,0.005216276605897299,0.8009824909404771,-0.004001743932343148,-1.2370550747550055
biotech,cop_at,63,5,115,-0.0007738858689284507,-0.00335065415860264,-0.00034709743389794084,0.007309211594809071,-0.014484691951341312,False,-0.013710806082412859,-0.9866778844770326,0.012563603813241514,0.7511588599762866,-0.012094941783532933,-1.5322992394002295
biotech,cop_at,126,5,112,0.0063847172585212815,-0.0007234678738742868,0.011461397838028535,0.01367403706176481,-0.025888456103765216,False,-0.03227317336228649,-1.2663276548957718,0.009959895999047823,0.3468303660630285,-0.026619271654265052,-1.8494195887969176
biotech,dist_52w_high,21,5,163,-0.007064940797016761,-0.0029941975151386168,0.0018346080869405341,0.007242710773873867,0.0008121033121299936,False,0.007877044109146752,1.2776845622266142,0.009797889165488868,1.1701051178833906,0.0008091731296140838,0.26528254293932585
biotech,dist_52w_high,63,5,161,-0.0180934058569656,-0.002147524428469618,0.0016733414854198621,0.01288925636528019,0.005258593260547493,False,0.023351999117513095,1.6877507116313426,0.024452675430309462,1.2915548873143192,0.0052537527130231175,0.7356682007629853
biotech,dist_52w_high,126,5,158,-0.030137998046797947,-0.0022382807674492587,-0.001641221896998488,0.019214987473771546,0.014076968780596315,False,0.04421496682739425,1.987450685482741,0.05007416965473006,1.510718763032179,0.014074029352229574,1.2631643694648784
biotech,droe,21,3,92,-0.0025765064307615134,0.0009605929346298951,-0.00024873391559927896,,,False,0.0023277725151622337,0.6010886121726228,0.0007588742155900057,0.20164773088283772,0.0003758182873477648,0.16136744216281798
biotech,droe,63,3,92,-0.00508487806241362,0.00020866613003731066,-0.0013419400908729854,,,False,0.003742937971540637,0.43771275972464424,0.0014546024878123592,0.17435973698733026,0.0007751150626034182,0.1350712025876604
biotech,droe,126,3,92,0.0064762340010320815,-0.01409896658111216,0.0030381049745939036,,,False,-0.0034381290264381757,-0.2868512222528238,-0.017243315238963653,-1.1414323470584882,0.004675376190873504,0.5547143359118152
biotech,ear_3d,21,5,160,0.0037019145907646904,0.0033245737511409723,-0.001072077284993602,0.0008209765350007805,-0.0037015164817516483,False,-0.007403431072516338,-1.574329541010379,-0.007522686108153903,-1.4057444821741363,-0.0042845715391764076,-1.586310489560762
biotech,ear_3d,63,5,158,0.006430884479913468,0.007735808141151673,0.0041667051308100726,-0.0010101559409220048,-0.0063754487786276915,False,-0.012806333258541159,-1.3499033881166718,-0.00659391225786299,-0.5733279953895153,-0.008497717458223752,-1.5636038847566518
biotech,ear_3d,126,5,155,-0.006479947056464938,0.025080637949269034,0.0077727536006150285,-0.0012378566075882972,-0.006843659364605142,False,-0.0003637123081402043,-0.024995011465482393,0.012613822850516022,0.7135966458464618,-0.010534872625856789,-1.1671288352190439
biotech,gross_profitability,21,3,118,-0.0006517671454752666,-0.005600868619239288,-0.0035613780287180987,,,False,-0.002909610883242832,-0.8505280640820935,0.0007446177159061104,0.2042592789063622,-0.00023203258570741585,-0.1331502247280832
biotech,gross_profitability,63,3,118,0.000995102776043849,-0.009536012361481999,-0.0077743282326313,,,False,-0.008769431008675152,-0.9075622511311955,0.00360378122830269,0.4094111206633068,-0.002247656702795548,-0.46049707173053567
biotech,gross_profitability,126,3,118,0.009286232050042654,-0.004184950090979229,-0.006392521241235661,,,False,-0.015678753291278318,-0.7691365444100782,0.01041012278637944,0.557122412253382,-0.005724219649283911,-0.566418704853866
biotech,idio_vol_60d,21,5,163,0.0003200842719235696,-0.003931081604400843,0.0008108601070003375,0.0002506131087590223,0.002534978353582224,False,0.0022148940816586545,0.33933609599228454,0.006769690949619035,0.7795699605441092,0.0025349783535822236,0.6433232746421585
biotech,idio_vol_60d,63,5,161,-0.002423758436164199,-0.003142093044673868,-0.0010334913997821404,0.002767782826881793,0.0038635487223316277,False,0.006287307158495827,0.4073364136982068,0.02378781155256877,1.153668603160239,0.0038635487223316286,0.3985484612532485
biotech,idio_vol_60d,126,5,158,-0.01631960517448474,-0.014819574117209126,0.0012133028381949625,0.00999834372059304,0.019760110518695605,True,0.03607971569318035,1.4680669661695855,0.0487238635236851,1.4470744564094198,0.0197601105186956,1.1951174063374674
biotech,max_ret_21d,21,5,163,0.0006854381222108164,0.001002828668386915,-0.001695856315847989,-0.0018315642290430837,0.0020625721225347427,False,0.0013771340003239272,0.22374724602675988,0.010890463814209434,1.4011218168665223,0.0020625721225347427,0.5925457123988295
biotech,max_ret_21d,63,5,161,-0.002045276880497861,0.0045430695761272556,-0.00244121679609043,-0.005134539566251595,0.0054273423848546515,False,0.007472619265352516,0.5406973062915406,0.017575554830477663,0.9662148951410798,0.0054273423848546515,0.6386475751555316
biotech,max_ret_21d,126,5,158,-0.007876041526044058,-0.0021945186987248613,-0.0026801265627349226,-0.0046057625214444104,0.017180069824197522,False,0.025056111350241578,1.113031290176197,0.039191596812016526,1.2986847181275094,0.017180069824197515,1.1810177813756417
biotech,mom_12_1,21,5,163,-0.007284143716229236,-8.429615541699222e-05,0.006937385522372231,0.0014261733164309593,-0.0010010734887216305,False,0.0062830702275076065,1.0576709293704147,0.009597756215057863,1.1166399329237888,-0.001047423676040076,-0.328938213202944
biotech,mom_12_1,63,5,161,-0.014059591267628478,-0.000220408210628764,0.004970230283495315,0.0029337843692385877,0.005709876678524012,False,0.01976946794615249,1.3976695612658159,0.021557625668169912,1.145122104828337,0.005693614947357892,0.6517521704462345
biotech,mom_12_1,126,5,158,-0.014310539487250133,0.0032946715580946234,0.010392606514596071,-0.0033956386308829105,0.0028262607408388292,False,0.01713680022808896,0.7529692396557464,0.01048002844973983,0.3381131197857624,0.002891400332348362,0.1978441567654501
biotech,share_issuance,21,5,163,-0.0014356654834500558,0.0011977788756025512,-0.0010111173977823689,-0.0034767389444982266,0.003506449528062069,False,0.004942115011512124,0.7901799052245903,0.006650835040392326,0.7843298857105396,0.0037513690076221374,1.1337334631312626
biotech,share_issuance,63,5,161,0.004605588908435655,0.007923289031774318,-0.0038585825493708524,-0.013874467249321967,0.0014146353299749172,False,-0.0031909535784607392,-0.19375384587878194,0.01224579733108582,0.539973825414146,0.0022701904481386257,0.2876441904657452
biotech,share_issuance,126,5,158,0.01229795767088737,0.0163561857092106,-0.015132971523227763,-0.022759037248448424,0.004996647375533947,False,-0.007301310295353425,-0.2300945479500651,0.025885625910787975,0.6756724373708287,0.0059547963312853985,0.3880561541269649
biotech,sue,21,5,115,0.0042133835078662345,0.002723055747431974,-0.004133837361891229,-0.00015043834510589744,0.0008912350381308537,False,-0.0033221484697353804,-0.6622587434364793,-0.002018310239861486,-0.3894699427936839,0.0002323119125367778,0.0745340820701805
biotech,sue,63,5,113,0.005172432574554143,-0.005349043574798573,-0.007000617691266937,6.512446195209922e-05,0.00047115958992591505,False,-0.0047012729846282264,-0.4353946724858346,-0.006026874109459678,-0.5729184813605751,0.001849658860816322,0.2755934931081573
biotech,sue,126,5,110,0.013672833075476338,-0.010747235725499625,-0.014448201081989298,0.0044364736865103276,0.016015373197381673,False,0.0023425401219053323,0.1273103398283973,-0.01075199225274434,-0.6744322520762877,0.01431909612432017,1.4918377275698356
biotech,sue_announce,21,5,99,0.006869800458717622,-0.007802187284947477,-0.002849271110482874,0.005239221474059872,0.00796106777921157,False,0.0010912673204939505,0.1340031945301124,-0.006687358584586715,-0.7228149737951288,0.006062337158360446,1.39487468470096
biotech,sue_announce,63,5,97,-0.003533073896404025,0.004522215467793015,-0.003222121990650908,0.011550280064309141,0.008161806361335403,False,0.011694880257739432,0.7877087338952422,-0.0003346865576519574,-0.014846881406443812,0.004638895052991892,0.5067465100097636
biotech,sue_announce,126,5,94,-0.022691442157735227,-0.0046278041694843485,0.009759098136670417,0.006502143139659048,0.02223961346040905,False,0.04493105561814428,2.0018703895665935,0.017850411908404747,0.4449761266681036,0.019876498257260726,1.4259959316260364
biotech/biotech_all,asset_growth,21,5,163,-0.0024011503213443347,0.00013551660499851504,-0.003643882817064267,0.0004785409091564051,0.004799745462781925,False,0.007200895784126261,1.5175690681199199,-0.00047861312894839484,-0.061618281430301916,0.004914868007671432,1.6356980201424132
biotech/biotech_all,asset_growth,63,5,161,0.0013051186629562809,0.0024745222100780485,-0.007955160324618855,-0.005195525500875428,0.005882527810447363,False,0.004577409147491079,0.36936023924645234,0.007143988328934513,0.394321566041437,0.00657811334891592,0.9387890667638922
biotech/biotech_all,asset_growth,126,5,158,-0.006668809463210289,0.0032865072302839245,0.000886236367612948,-0.010509631819739775,0.010387506265251716,False,0.017056315728462005,0.8529846629481536,0.031871480077859345,0.9847953587059108,0.010859693122511201,0.9087613898833643
biotech/biotech_all,capex_at,21,5,160,-0.0013794989962924937,5.451844296403743e-05,-0.0006911994953384719,0.0002119061085325674,0.0035407992472130632,False,0.004920298243505556,0.8866619401808362,-0.005839226478099267,-0.9091647600174951,0.0031459793748034245,0.962555408739724
biotech/biotech_all,capex_at,63,5,158,-0.011599967693102653,0.0011435003306263475,-0.0026358960443769574,-0.00042187917470073966,0.01649926092890538,False,0.028099228622008036,2.3109297662765993,0.005479565800128846,0.38516361191940557,0.015753738155796268,2.0248455347630974
biotech/biotech_all,capex_at,126,5,155,-0.010199264292946117,-0.00306806314344336,0.0035237522856608086,-0.010304169686420592,0.026845456126918157,False,0.03704472041986428,1.7206601498812197,0.003461831949086247,0.1612087125933287,0.025395092265365637,2.053605261350917
biotech/biotech_all,cash_runway_years,21,5,142,0.008941817106803125,-0.0017277996524414968,-0.004508032322797468,-0.007685567428009525,-0.00024301642406628497,False,-0.00918483353086941,-1.5846587634854492,0.0003640551669558408,0.05018479439645925,0.0008132029939708418,0.2595218615284327
biotech/biotech_all,cash_runway_years,63,5,140,0.023379993970041885,-0.0013066036193520917,-0.007704646417662386,-0.014324371939994378,0.000494847259526807,False,-0.022885146710515076,-1.5892184515815004,-0.0005138026378131806,-0.027097913308278068,0.0004900100248428832,0.06178192203946503
biotech/biotech_all,cash_runway_years,126,5,137,0.022804560173105816,0.018963420770331776,-0.02442063294616051,-0.019382089063227165,-0.005246636935500216,False,-0.02805119710860603,-1.2570928364186176,-0.015751303432759413,-0.449925458064093,-0.0036096740923842064,-0.27338812574736393
biotech/biotech_all,cop_at,21,5,117,-0.0004557960928071148,0.000994918787229636,0.0002451683827296946,0.0054512176659715075,-0.003507829288750077,False,-0.0030520331959429632,-0.5185555523801745,0.005216276605897299,0.8009824909404771,-0.004001743932343148,-1.2370550747550055
biotech/biotech_all,cop_at,63,5,115,-0.0007738858689284507,-0.00335065415860264,-0.00034709743389794084,0.007309211594809071,-0.014484691951341312,False,-0.013710806082412859,-0.9866778844770326,0.012563603813241514,0.7511588599762866,-0.012094941783532933,-1.5322992394002295
biotech/biotech_all,cop_at,126,5,112,0.0063847172585212815,-0.0007234678738742868,0.011461397838028535,0.01367403706176481,-0.025888456103765216,False,-0.03227317336228649,-1.2663276548957718,0.009959895999047823,0.3468303660630285,-0.026619271654265052,-1.8494195887969176
biotech/biotech_all,dist_52w_high,21,5,163,-0.007064940797016761,-0.0029941975151386168,0.0018346080869405341,0.007242710773873867,0.0008121033121299936,False,0.007877044109146752,1.2776845622266142,0.009797889165488868,1.1701051178833906,0.0008091731296140838,0.26528254293932585
biotech/biotech_all,dist_52w_high,63,5,161,-0.0180934058569656,-0.002147524428469618,0.0016733414854198621,0.01288925636528019,0.005258593260547493,False,0.023351999117513095,1.6877507116313426,0.024452675430309462,1.2915548873143192,0.0052537527130231175,0.7356682007629853
biotech/biotech_all,dist_52w_high,126,5,158,-0.030137998046797947,-0.0022382807674492587,-0.001641221896998488,0.019214987473771546,0.014076968780596315,False,0.04421496682739425,1.987450685482741,0.05007416965473006,1.510718763032179,0.014074029352229574,1.2631643694648784
biotech/biotech_all,droe,21,3,92,-0.0025765064307615134,0.0009605929346298951,-0.00024873391559927896,,,False,0.0023277725151622337,0.6010886121726228,0.0007588742155900057,0.20164773088283772,0.0003758182873477648,0.16136744216281798
biotech/biotech_all,droe,63,3,92,-0.00508487806241362,0.00020866613003731066,-0.0013419400908729854,,,False,0.003742937971540637,0.43771275972464424,0.0014546024878123592,0.17435973698733026,0.0007751150626034182,0.1350712025876604
biotech/biotech_all,droe,126,3,92,0.0064762340010320815,-0.01409896658111216,0.0030381049745939036,,,False,-0.0034381290264381757,-0.2868512222528238,-0.017243315238963653,-1.1414323470584882,0.004675376190873504,0.5547143359118152
biotech/biotech_all,ear_3d,21,5,160,0.0037019145907646904,0.0033245737511409723,-0.001072077284993602,0.0008209765350007805,-0.0037015164817516483,False,-0.007403431072516338,-1.574329541010379,-0.007522686108153903,-1.4057444821741363,-0.0042845715391764076,-1.586310489560762
biotech/biotech_all,ear_3d,63,5,158,0.006430884479913468,0.007735808141151673,0.0041667051308100726,-0.0010101559409220048,-0.0063754487786276915,False,-0.012806333258541159,-1.3499033881166718,-0.00659391225786299,-0.5733279953895153,-0.008497717458223752,-1.5636038847566518
biotech/biotech_all,ear_3d,126,5,155,-0.006479947056464938,0.025080637949269034,0.0077727536006150285,-0.0012378566075882972,-0.006843659364605142,False,-0.0003637123081402043,-0.024995011465482393,0.012613822850516022,0.7135966458464618,-0.010534872625856789,-1.1671288352190439
biotech/biotech_all,gross_profitability,21,3,118,-0.0006517671454752666,-0.005600868619239288,-0.0035613780287180987,,,False,-0.002909610883242832,-0.8505280640820935,0.0007446177159061104,0.2042592789063622,-0.00023203258570741585,-0.1331502247280832
biotech/biotech_all,gross_profitability,63,3,118,0.000995102776043849,-0.009536012361481999,-0.0077743282326313,,,False,-0.008769431008675152,-0.9075622511311955,0.00360378122830269,0.4094111206633068,-0.002247656702795548,-0.46049707173053567
biotech/biotech_all,gross_profitability,126,3,118,0.009286232050042654,-0.004184950090979229,-0.006392521241235661,,,False,-0.015678753291278318,-0.7691365444100782,0.01041012278637944,0.557122412253382,-0.005724219649283911,-0.566418704853866
biotech/biotech_all,idio_vol_60d,21,5,163,0.0003200842719235696,-0.003931081604400843,0.0008108601070003375,0.0002506131087590223,0.002534978353582224,False,0.0022148940816586545,0.33933609599228454,0.006769690949619035,0.7795699605441092,0.0025349783535822236,0.6433232746421585
biotech/biotech_all,idio_vol_60d,63,5,161,-0.002423758436164199,-0.003142093044673868,-0.0010334913997821404,0.002767782826881793,0.0038635487223316277,False,0.006287307158495827,0.4073364136982068,0.02378781155256877,1.153668603160239,0.0038635487223316286,0.3985484612532485
biotech/biotech_all,idio_vol_60d,126,5,158,-0.01631960517448474,-0.014819574117209126,0.0012133028381949625,0.00999834372059304,0.019760110518695605,True,0.03607971569318035,1.4680669661695855,0.0487238635236851,1.4470744564094198,0.0197601105186956,1.1951174063374674
biotech/biotech_all,max_ret_21d,21,5,163,0.0006854381222108164,0.001002828668386915,-0.001695856315847989,-0.0018315642290430837,0.0020625721225347427,False,0.0013771340003239272,0.22374724602675988,0.010890463814209434,1.4011218168665223,0.0020625721225347427,0.5925457123988295
biotech/biotech_all,max_ret_21d,63,5,161,-0.002045276880497861,0.0045430695761272556,-0.00244121679609043,-0.005134539566251595,0.0054273423848546515,False,0.007472619265352516,0.5406973062915406,0.017575554830477663,0.9662148951410798,0.0054273423848546515,0.6386475751555316
biotech/biotech_all,max_ret_21d,126,5,158,-0.007876041526044058,-0.0021945186987248613,-0.0026801265627349226,-0.0046057625214444104,0.017180069824197522,False,0.025056111350241578,1.113031290176197,0.039191596812016526,1.2986847181275094,0.017180069824197515,1.1810177813756417
biotech/biotech_all,mom_12_1,21,5,163,-0.007284143716229236,-8.429615541699222e-05,0.006937385522372231,0.0014261733164309593,-0.0010010734887216305,False,0.0062830702275076065,1.0576709293704147,0.009597756215057863,1.1166399329237888,-0.001047423676040076,-0.328938213202944
biotech/biotech_all,mom_12_1,63,5,161,-0.014059591267628478,-0.000220408210628764,0.004970230283495315,0.0029337843692385877,0.005709876678524012,False,0.01976946794615249,1.3976695612658159,0.021557625668169912,1.145122104828337,0.005693614947357892,0.6517521704462345
biotech/biotech_all,mom_12_1,126,5,158,-0.014310539487250133,0.0032946715580946234,0.010392606514596071,-0.0033956386308829105,0.0028262607408388292,False,0.01713680022808896,0.7529692396557464,0.01048002844973983,0.3381131197857624,0.002891400332348362,0.1978441567654501
biotech/biotech_all,share_issuance,21,5,163,-0.0014356654834500558,0.0011977788756025512,-0.0010111173977823689,-0.0034767389444982266,0.003506449528062069,False,0.004942115011512124,0.7901799052245903,0.006650835040392326,0.7843298857105396,0.0037513690076221374,1.1337334631312626
biotech/biotech_all,share_issuance,63,5,161,0.004605588908435655,0.007923289031774318,-0.0038585825493708524,-0.013874467249321967,0.0014146353299749172,False,-0.0031909535784607392,-0.19375384587878194,0.01224579733108582,0.539973825414146,0.0022701904481386257,0.2876441904657452
biotech/biotech_all,share_issuance,126,5,158,0.01229795767088737,0.0163561857092106,-0.015132971523227763,-0.022759037248448424,0.004996647375533947,False,-0.007301310295353425,-0.2300945479500651,0.025885625910787975,0.6756724373708287,0.0059547963312853985,0.3880561541269649
biotech/biotech_all,sue,21,5,115,0.0042133835078662345,0.002723055747431974,-0.004133837361891229,-0.00015043834510589744,0.0008912350381308537,False,-0.0033221484697353804,-0.6622587434364793,-0.002018310239861486,-0.3894699427936839,0.0002323119125367778,0.0745340820701805
biotech/biotech_all,sue,63,5,113,0.005172432574554143,-0.005349043574798573,-0.007000617691266937,6.512446195209922e-05,0.00047115958992591505,False,-0.0047012729846282264,-0.4353946724858346,-0.006026874109459678,-0.5729184813605751,0.001849658860816322,0.2755934931081573
biotech/biotech_all,sue,126,5,110,0.013672833075476338,-0.010747235725499625,-0.014448201081989298,0.0044364736865103276,0.016015373197381673,False,0.0023425401219053323,0.1273103398283973,-0.01075199225274434,-0.6744322520762877,0.01431909612432017,1.4918377275698356
biotech/biotech_all,sue_announce,21,5,99,0.006869800458717622,-0.007802187284947477,-0.002849271110482874,0.005239221474059872,0.00796106777921157,False,0.0010912673204939505,0.1340031945301124,-0.006687358584586715,-0.7228149737951288,0.006062337158360446,1.39487468470096
biotech/biotech_all,sue_announce,63,5,97,-0.003533073896404025,0.004522215467793015,-0.003222121990650908,0.011550280064309141,0.008161806361335403,False,0.011694880257739432,0.7877087338952422,-0.0003346865576519574,-0.014846881406443812,0.004638895052991892,0.5067465100097636
biotech/biotech_all,sue_announce,126,5,94,-0.022691442157735227,-0.0046278041694843485,0.009759098136670417,0.006502143139659048,0.02223961346040905,False,0.04493105561814428,2.0018703895665935,0.017850411908404747,0.4449761266681036,0.019876498257260726,1.4259959316260364
energy,asset_growth,21,5,182,-0.0036243910536868703,-0.005108898559750997,0.0006204697546393859,0.0027324360164656955,0.004546691705420801,False,0.00817108275910767,1.7286245225298094,0.002644279990990939,0.5878543510878315,0.004688370734543316,1.4367057094787636
energy,asset_growth,63,5,180,-0.009048317193632516,-0.013175278300074877,0.0005320643369326743,0.006582488958832575,0.013155863571858682,False,0.022204180765491206,1.917392633700837,0.008766537123745644,0.7527338489322106,0.013510877036613033,1.8615904982602332
energy,asset_growth,126,5,177,-0.018452347800492902,-0.02461279657211196,-0.0020938757837097497,0.01429813011458271,0.025901243250668435,False,0.04435359105116134,1.886693938771978,0.013928742779466027,0.6242463501818877,0.026793327301582275,1.7221855521821283
energy,capex_at,21,5,182,-0.0025474893441787797,-0.005429638891780217,0.0010945302479191145,0.004083967197121293,0.0013604285826255512,False,0.0039079179268043315,0.815091147688573,0.0016474619640291668,0.3148268995193231,0.001642957129183269,0.6326903856808174
energy,capex_at,63,5,180,-0.011414839140507081,-0.013109059928573556,0.0024998825373803973,0.01032269651776352,0.008119059718149435,False,0.019533898858656515,1.5668610373747618,0.009778419135494144,0.6990946406155083,0.008778594563528164,1.2042253789513715
energy,capex_at,126,5,177,-0.030906633441957435,-0.020441449257909503,0.007509416278714021,0.021102235954422538,0.015884422949082787,False,0.046791056391040226,1.7168557300408003,0.01924355616945955,0.7459475634857522,0.01708326302089847,1.1555950769432053
energy,cash_runway_years,21,3,9,-0.029253045733039638,-0.012489974380022327,-0.07368583028633131,,,False,-0.04443278455329168,-1.0697264702316536,-0.0867379453618678,-2.0274885569015417,-0.03448562921782702,-2.774581786947824
energy,cash_runway_years,63,3,8,-0.036905013697857675,-0.1706438129660443,-0.13799709173881153,,,False,-0.10109207804095387,-3.0356428010682754,-0.22225670548029408,-2.8454707536447317,-0.0221091301271519,-0.7739049258567302
energy,cash_runway_years,126,3,7,0.026117263297945205,-0.20011772525615418,-0.22627441568067902,,,False,-0.2523916789786242,-8.701328839147376,-0.4374019637290919,-9.720838708790325,-0.09059344700339829,-8.772095697369165
energy,cop_at,21,5,182,-0.0008073832146672763,-0.0015680675069886223,0.0006116147306808,-0.0004096042738396785,-0.0003012585372026236,False,0.0005061246774646521,0.1002514004836764,0.002207819420505288,0.41446623586221604,0.00019658201065102655,0.06599126833649155
energy,cop_at,63,5,180,-0.0009626164158957472,-0.002013188012981917,0.005018905633402548,-0.0070956233213231015,-0.00626457876309187,False,-0.005301962347196119,-0.4299756036234227,-0.000778355222972125,-0.0593881750368798,-0.003983271874922422,-0.5379857347655719
energy,cop_at,126,5,177,0.0031105583059915756,-0.0002918171407139809,0.012327038500335803,-0.016569243672540736,-0.015273045364161478,False,-0.018383603670153056,-0.7101335349527432,-0.01059652846356755,-0.3868189248404698,-0.011908566172102725,-0.7580884424554235
energy,dist_52w_high,21,5,182,0.0005899632683659013,-0.000518137036994292,-0.00029179526111967175,0.0005312056367980791,8.40507707387601e-05,False,-0.0005059124976271394,-0.05456515895533079,0.0034105449918437683,0.41298281663287434,2.5736868776427733e-05,0.006154930608190869
energy,dist_52w_high,63,5,180,0.005867572955426661,-0.0013057004587814854,-0.0015397686840147708,0.00012237884724333983,-0.0026437997244132747,False,-0.008511372679839941,-0.417286293297126,0.007667426161761011,0.4175173551212904,-0.002674032370633671,-0.3015255455045796
energy,dist_52w_high,126,5,177,0.009482648442958878,-0.0009218817213026009,0.00035497006157274904,-0.004609988532901724,-0.003283304300270236,False,-0.01276595274322912,-0.3024541205583505,0.007133479308963232,0.18064792517997313,-0.003419510483575628,-0.19413047630583377
energy,ear_3d,21,5,182,-0.0012848155810918306,-0.0005765367597489956,-0.0016661991804836087,0.001581884655475474,0.002403291907874059,False,0.003688107488965888,0.9839526666639433,0.000560311382315229,0.12476267297183746,0.0023013664899322445,1.0648785073853926
energy,ear_3d,63,5,180,-0.00042415687680547786,-0.0010208968199077431,-0.0012881536056476637,-0.00015868750445265298,0.004206902357045835,False,0.004631059233851312,0.5970182486746368,-0.0030734991035077574,-0.33204471674895364,0.003937115152287349,0.7665306553738348
energy,ear_3d,126,5,177,-0.003698012590456219,-0.005725202361373537,-4.182595604702e-05,-0.0007838550494728777,0.01278785457680873,False,0.016485867167264953,1.334600218420228,0.019764545889324723,1.2732918441943644,0.012173843504086177,1.298828532510799
energy,ebit_ev,21,5,182,0.003127084195821384,-0.001228880241097101,-0.001361974032094824,-0.0017319204933407698,-0.001018508256189553,False,-0.0041455924520109365,-0.7303800944870751,-0.003389546010773717,-0.5593619239512063,-0.0005491731227014606,-0.17347581258870445
energy,ebit_ev,63,5,180,0.008048620659159653,-0.00039897067865292526,-0.003208899913628575,-0.003228919408682164,-0.012438074476982152,False,-0.020486695136141802,-1.4379476469507675,-0.014997870598935552,-1.0120221494400699,-0.010116631449511982,-1.3890807021532603
energy,ebit_ev,126,5,177,0.020402251511182388,0.003267918700250843,-0.0095396160383237,-0.005975946766626283,-0.024099484297353584,False,-0.04450173580853597,-1.6876800908026424,-0.036660791326217496,-1.3338136914188843,-0.020764079576289344,-1.4936122897303223
energy,gross_profitability,21,5,104,0.0002938884051715395,0.001748871694244996,-0.00405428901921004,0.002856070152181633,-0.0008644344584070099,False,-0.00115832286357855,-0.20715599270826807,-0.009651908848517984,-1.9018062115277266,-0.0008765442189198616,-0.22639274521175748
energy,gross_profitability,63,5,102,-0.004388874937428251,0.007029092350942181,-0.0025367735552642777,0.0006619738931023511,-0.006041079987918162,False,-0.0016522050504899095,-0.1067085545346863,-0.026371668874909295,-1.9529388242428247,-0.00499310976987624,-0.5234193877262793
energy,gross_profitability,126,5,99,0.002303241643714774,0.006152445474068474,0.0024985520873103385,0.002101620582274729,0.004633534054697536,False,0.002330292410982764,0.08794245107287722,-0.04024316315460097,-1.921482204896262,0.001107734685598311,0.06351559365959569
energy,idio_vol_60d,21,5,182,0.00354158727758499,0.0011528560509716814,-0.0020494034379293625,-0.0008961633925513098,-0.0013463412277965178,False,-0.00488792850538151,-0.4758676654240697,0.0003339009853135413,0.030650833449148145,-0.0013949476405476953,-0.29006481187083494
energy,idio_vol_60d,63,5,180,0.013481698614264771,0.0006121588323879641,-0.006349584117328353,-0.0029909240692606513,-0.0041679833753251,False,-0.017649681989589876,-0.6929401845327675,-0.005467249416945472,-0.1782047211474351,-0.00417865847311989,-0.3703825270104779
energy,idio_vol_60d,126,5,177,0.01606996365542483,0.0034786460708287536,-0.008958545587631553,-0.001890390639162445,-0.007508522422825325,False,-0.023578486078250152,-0.47782805029550346,-0.005082348551973744,-0.09292515563272542,-0.007626313800749292,-0.3385087349271384
energy,max_ret_21d,21,5,182,0.0032010356791644396,0.0005924038064661956,6.18419015646098e-06,-0.0011222451807972747,-0.0022763089146537125,False,-0.0054773445938181495,-0.6275810096623184,-0.0016817213430317048,-0.18166815395629077,-0.00233400538335905,-0.5531100581617702
energy,max_ret_21d,63,5,180,0.010812797026237116,-0.001233138527823242,-2.5087024252265807e-05,-0.00274077764264097,-0.00587493413451846,False,-0.016687731160755576,-0.7775968016236313,-0.0009301312548218976,-0.04172038840377741,-0.005965312709451941,-0.6115744761585444
energy,max_ret_21d,126,5,177,0.016750367246269195,0.002358703448756594,0.0015766140325927443,-0.0062621303236766734,-0.012635087523723214,False,-0.0293854547699924,-0.7335777194382668,-0.016587160273910093,-0.40148440093832477,-0.012876512688778608,-0.6737788173551446
energy,mom_12_1,21,5,182,0.0007365441856357469,-0.0014785912142510672,-0.0030899161039689674,-0.0010591246070749557,0.005053518327982656,False,0.004316974142346906,0.5770578584479273,-0.0010374405877194592,-0.13408093213849767,0.005020502949940305,1.3942465368820123
energy,mom_12_1,63,5,180,0.0003088244071976179,-0.004564300762769604,-0.007981809369568153,-0.0016701454608802815,0.014226657662079848,False,0.013917833254882233,0.8638514314090373,0.0011487121997707079,0.06591952393002465,0.0141931556528552,1.8184632190563752
energy,mom_12_1,126,5,177,0.0051403841346386175,-0.011531437088374518,-0.011842396796301308,-0.0007206626007048907,0.01950337272488722,False,0.014362988590248605,0.4201230240526925,-0.013688350292815604,-0.3797151796768191,0.019459749869501084,1.3429674630111517
energy,net_debt_ebitda,21,5,182,-0.0023166325266724785,-0.0008593322379944625,0.0006097843682160338,-0.004962275148045217,3.43268522721893e-05,False,0.0023509593789446683,0.5258129649192456,0.0020842578457118547,0.39023909963574477,0.0015078144803627842,0.4864599074859891
energy,net_debt_ebitda,63,5,180,-0.006258089467825563,-0.0033281666194040563,0.0006273331928986091,-0.01522599063063149,-0.003655719154689368,False,0.0026023703131361924,0.22581176964781785,-0.001565407069106966,-0.12980146794152964,0.0019011827447797565,0.24620559201636036
energy,net_debt_ebitda,126,5,177,-0.009662054902422173,-0.00475079011077627,-0.00046109382679121425,-0.026181269522530463,-0.007956720932622716,False,0.001705333969799461,0.08412397371124476,-0.010207831389876219,-0.46575493793655576,0.0018412810329742622,0.12966908976803176
energy,ocf_ev,21,5,182,-0.004341307548682704,-0.002557226837669549,0.001382286027220408,0.002541471948585641,0.0002623971953524476,False,0.004603704744035152,0.7085747963061165,0.005661619595226407,0.9049775408351678,0.0007729143623765479,0.18631390828843736
energy,ocf_ev,63,5,180,-0.011154527697607679,-0.0057031886247552255,0.003381163622505094,0.006674252979517255,-0.005168164055745226,False,0.005986363641862454,0.3891853518021478,0.008545353634315486,0.5442718446676332,-0.002808673604839547,-0.2881660408657639
energy,ocf_ev,126,5,177,-0.017412888752526293,-0.005912841440102986,0.00849944208307587,0.010726173854743974,-0.013357739191311826,False,0.004055149561214469,0.11901872192811629,0.011302219965101902,0.3423402657215011,-0.009945191009919497,-0.46477239561733696
energy,oil_beta_trend,21,5,181,-0.0006090376956096286,0.0012768380543672503,-0.00291513125578708,0.0015729361971421815,0.0037642396278087737,False,0.004373277323418402,0.5700827611417962,0.007096754582230475,1.082229269332112,0.0031521642261923373,0.8013486865769862
energy,oil_beta_trend,63,5,179,0.004311431931977896,0.00154537374212875,-0.010953247803698603,-0.003826971783950754,-0.00017049162119704518,False,-0.00448192355317494,-0.24768755891315908,0.004577956609384418,0.30559193614278096,0.001666428103317164,0.16292311730817904
energy,oil_beta_trend,126,5,176,-0.0020007072651768887,0.0005470943934982483,-0.023781808599599708,-0.00431624755524915,-0.0005708663921506838,False,0.0014298408730262072,0.047706545625325066,0.014923562359322557,0.5627677374680362,0.005477144940878348,0.3047046276536288
energy,share_issuance,21,5,182,0.0013926452606638645,-0.00156416970335243,-0.0010405812834049892,0.00011023926080183228,0.0010729822201565528,False,-0.0003196630405073102,-0.0840829769995015,0.0008221087943466247,0.17122627049942699,0.0011066478983833925,0.483527907846569
energy,share_issuance,63,5,180,0.0012701905130352632,-0.0014414445130534798,-0.0040613669116165135,0.0037309171702513233,0.000691187070582338,False,-0.0005790034424529275,-0.0605241850548914,0.004155237292220187,0.35869219866560675,0.0007149947360793373,0.1381899192921697
energy,share_issuance,126,5,177,-0.0068459353706322645,0.003062911201381823,-0.011210098396035418,0.007281441665635161,0.0018314309474719193,False,0.008677366318104184,0.4734226113694234,0.01435449954210194,0.8201567147230943,0.003074179100837712,0.2896420034378067
energy,sue_announce,21,5,182,-0.002887780190243402,-0.002463122446996189,0.0019484474816795342,0.0023041842532619864,-0.00017080732126938252,False,0.002716972868974021,0.604623875412268,0.0025004273921126327,0.5790025115024198,5.174666769619789e-05,0.023609753158109904
energy,sue_announce,63,5,180,-0.007435725629628832,-0.000527760300543071,-0.0009477764344775572,0.010935990669351334,-0.0026789625540640516,False,0.004756763075564782,0.5054214642374851,0.009947249688672553,1.0304542798291505,-0.0026021000836064117,-0.5200799329297728
energy,sue_announce,126,5,177,-0.0032579162022552473,-0.0043011233064765555,-0.0013697828392257826,0.016390329239354084,0.0031081601678127273,False,0.006366076370067977,0.40047002826032063,0.009631533099931462,0.5456118074862846,0.0008601968693117304,0.11042327072303147
energy/oil_gas,asset_growth,21,5,175,-0.0027471116557637857,-0.005502112474267461,0.0012138978275946645,0.0026545668802338534,0.0050323753923034314,False,0.007779487048067215,1.9058623630338931,0.004002237342577274,0.9721136713772279,0.004871062496727415,1.969831453941754
energy/oil_gas,asset_growth,63,5,173,-0.011249553486569775,-0.014680062046875109,-0.0003306993279388968,0.002172974793048551,0.01181265345656627,False,0.023062206943136036,2.6757280983154508,0.00952227715953044,1.059013240195414,0.014146551102555248,2.5674626661653726
energy/oil_gas,asset_growth,126,5,170,-0.023807630363445183,-0.02796728555277899,-0.008875938765925776,0.005594601290806368,0.024184948579458708,False,0.047992578942903895,2.8811928611148296,0.016789089448077443,0.9251132973883114,0.030138067943996198,2.6199516213921417
energy/oil_gas,capex_at,21,5,174,-0.0003238747197289181,0.0010868020264671442,-0.0027508247749105487,0.003832067730515322,-0.0017819119248856541,False,-0.001458037205156734,-0.28303442748806024,-0.001814907924170571,-0.4856376964887437,-0.0017614158597907441,-0.807462491603673
energy/oil_gas,capex_at,63,5,172,-0.008000501628008682,0.0001030903909238835,-0.004034439330205602,0.002542931375662345,-0.0045138176837533,False,0.003486683944255382,0.2626524032288217,-0.001938526856023184,-0.20504213026855567,-0.0017291013355322793,-0.31815028684713254
energy/oil_gas,capex_at,126,5,169,-0.02602980954168045,0.003157979214000978,-0.004136670918406858,0.009887202142675995,-0.01690975368499304,False,0.009120055856687414,0.33825942518430185,-0.005820043067903992,-0.32386919004805326,-0.010079565550232894,-0.8618006571786242
energy/oil_gas,cop_at,21,5,174,0.0001832730217061657,0.0019963007086271313,0.0008083913853718476,-0.0028328763998989102,0.0007537929072773019,False,0.0005705198855711361,0.151948762053446,0.0014243744497057305,0.32116479624646105,0.0005416117178765725,0.2705532735063881
energy/oil_gas,cop_at,63,5,172,-0.0011139218330183064,0.008941297937085224,-0.0032960916013790756,-0.011818922612337041,-0.005904946326820281,False,-0.004791024493801977,-0.509487713978824,-0.0010587898278912199,-0.08817675257617394,-0.0033219666091102306,-0.7047020435597918
energy/oil_gas,cop_at,126,5,169,0.0002995159296902673,0.019944039093415997,-0.007403188503877095,-0.02340332977647092,-0.01970807577062107,False,-0.020007591700311342,-1.2540832578384933,-0.005195726261081712,-0.25739468697691187,-0.013644112929732182,-1.6055485413046877
energy/oil_gas,dist_52w_high,21,5,181,0.003719965502140847,-0.0015724552658022597,-0.0015423631209440694,0.0018259518388102816,0.0008230819427407503,False,-0.0028968835594001,-0.3424039421507003,-0.002037477756947559,-0.27241744581270294,0.00021494770694272506,0.05658271174972705
energy/oil_gas,dist_52w_high,63,5,179,0.007512768157982015,-0.00567536560151613,-0.0057934715252976705,-0.0016571456739012617,-0.0013472071296230194,False,-0.008859975287605034,-0.44514875926132,-0.010106583219534313,-0.5628191094420321,0.00018509775436574677,0.02228738966308214
energy/oil_gas,dist_52w_high,126,5,176,0.008068983184461502,-0.0062067876781360335,-0.011224786052151704,-0.007991511213410706,-0.007707870998878089,False,-0.015776854183339586,-0.4182583272967513,-0.02149274391639054,-0.5803386027111292,-0.00249555260553035,-0.16021501319015372
energy/oil_gas,ear_3d,21,5,178,-0.0022534345561270037,0.0005450908052700876,0.0017760183555666433,0.00032194698188387156,0.0015156786771089734,False,0.003769113233235978,1.0328128867512532,0.0027154973372032804,0.6758390474205526,0.0010956193075312985,0.5138269057051643
energy/oil_gas,ear_3d,63,5,176,-0.004845347022109114,0.00019132228413891323,0.004928955833987112,-0.0034149355450821127,-0.004057628769627942,False,0.0007877182524811684,0.11898829912350135,0.006156802130250868,0.8399675388540201,-0.0026574926283112017,-0.6555341446747351
energy/oil_gas,ear_3d,126,5,173,-0.009504256889474663,-0.004924142416953518,0.008963674774618223,-0.004189027233738697,-0.010673784585135397,False,-0.001169527695660732,-0.08773599266009265,0.014274141801210217,1.0631181427108276,-0.006636064201567196,-0.9752920611811818
energy/oil_gas,ebit_ev,21,5,168,0.004295118396223093,0.0028965334066116647,-0.005532544340344138,-0.0016038642637303693,-0.0016243705124556831,False,-0.005919488908678776,-1.0118272454717012,-0.002241298057362307,-0.3664364999842514,-0.0012894671492233022,-0.4020126051821883
energy/oil_gas,ebit_ev,63,5,166,0.008337730165108864,0.008040929353756242,-0.011793044011979389,-0.005683252713859606,-0.015459751840921514,False,-0.023797482006030372,-1.476366585251188,-0.014125999939324426,-0.7881294409575802,-0.011992070869209394,-1.4036611590680836
energy/oil_gas,ebit_ev,126,5,163,0.013395815466249851,0.014637001631933915,-0.0188727984395685,-0.023117036323704137,-0.033400588574842544,False,-0.0467964040410924,-1.684383294432875,-0.021756446953551712,-0.6411726872357867,-0.023610850342930926,-1.6582985954056215
energy/oil_gas,gross_profitability,21,3,104,-0.0015541185512884317,0.0021390802931772223,-0.0038646467764801903,,,False,-0.0023105282251917594,-0.4145804492155012,-0.011178417684448902,-1.6432430464738712,-0.002893889815784125,-0.9203863074634393
energy/oil_gas,gross_profitability,63,3,104,-0.00322472591513058,-0.0016259925575908573,-0.016221483110920552,,,False,-0.012996757195789969,-0.8203042137536402,-0.03060870956695272,-1.6967115576009235,-0.009300365732323113,-1.061762232517278
energy/oil_gas,gross_profitability,126,3,104,0.0009903045397899974,-0.0018317224714927084,-0.033823357734225463,,,False,-0.03481366227401546,-1.195851024657026,-0.056593230550279414,-1.6647681163395618,-0.022328478729081266,-1.4318070107749155
energy/oil_gas,idio_vol_60d,21,5,181,0.004971638855200972,0.0009690388077533719,0.002143728301314234,-0.0027824936964521325,-0.0021810224596278305,False,-0.007152661314828802,-0.8507013174769896,0.0011312174327883866,0.14703674842515252,-0.0027819292602883562,-0.7041689365365397
energy/oil_gas,idio_vol_60d,63,5,179,0.00887013390339926,-0.0004028047384347134,0.0014069830463413157,-0.009626585464105742,-0.007631343302547207,False,-0.016501477205946465,-0.7650187783242973,-0.0005328547314918923,-0.029654798006694245,-0.006075404249539163,-0.6047606153959662
energy/oil_gas,idio_vol_60d,126,5,176,0.0031137694699945244,-0.005264809848006305,0.00468769605379592,-0.014760614948736523,-0.013587479162415407,False,-0.01670124863240993,-0.3818154829808302,0.0021625154073798797,0.05883696265779273,-0.00833737173153942,-0.40245428296478486
energy/oil_gas,max_ret_21d,21,5,181,0.0021329779033246875,0.003087617757911009,0.003099002406119567,-0.0030522363790808954,-0.0019353595757434043,False,-0.004068337479068092,-0.6328711572362985,-0.0015006746536318236,-0.25656587337200276,-0.0025476511060370495,-0.771227741320836
energy/oil_gas,max_ret_21d,63,5,179,0.004205004351269264,-0.0019073022290169305,0.004828661038371173,-0.005656690585560957,-0.007938082140176893,False,-0.012143086491446159,-0.766973533686514,0.0005665105229571126,0.03946663230612567,-0.0064913302868673806,-0.8531028962466665
energy/oil_gas,max_ret_21d,126,5,176,0.0020284722830744145,-0.005218910355888815,0.005008545163594597,-0.009135076481569124,-0.01714095544825714,False,-0.019169427731331554,-0.6154091348261164,-0.013509367905149757,-0.4914033110973362,-0.012074143828825702,-0.7567349680284595
energy/oil_gas,mom_12_1,21,5,181,0.002976575375218401,0.00023746600191684622,-0.002819091430776752,0.0006596431354292517,0.0019301517340758055,False,-0.001046423641142597,-0.14155816717359793,-0.007326179371510814,-0.9955488371033487,0.0013703493762318433,0.39376914879906466
energy/oil_gas,mom_12_1,63,5,179,0.005828737930386813,-0.003965897059094623,-0.0061239332290547056,-0.0011741114695915835,-0.0019091429243291971,False,-0.007737880854716014,-0.4604889326782616,-0.017679283130278788,-1.077819547599566,-0.0003687454779140695,-0.04895134846422072
energy/oil_gas,mom_12_1,126,5,176,0.005731397424920018,-0.0005948273561595195,-0.011699369081792706,-0.003974575509265751,-0.015373110623500002,False,-0.021104508048420016,-0.6401525981016429,-0.04724053795880346,-1.5154581661440163,-0.01007917787815641,-0.7281744983101073
energy/oil_gas,net_debt_ebitda,21,5,144,0.0017093874154812613,-0.0028885113604396,-0.005826448590629616,0.0005065989672567114,-0.0039029153306908626,False,-0.005612302746172124,-1.1261690462032452,-0.004291418400141955,-0.7496268363924082,-0.0018266376612718607,-0.7159389221057811
energy/oil_gas,net_debt_ebitda,63,5,142,-0.003096636111561689,-0.011859098091442088,-0.01425090670495809,-0.0063697753938797225,-0.016488143703008804,False,-0.013391507591447114,-1.0571908821639215,-0.01721192195208446,-1.0541033313872488,-0.006024546121699733,-0.9327224937200328
energy/oil_gas,net_debt_ebitda,126,5,139,-0.0042053891916517695,-0.024037800653228046,-0.03381552171972764,-0.023014126518237688,-0.03808900929502359,False,-0.033883620103371814,-1.6765189097563342,-0.045509092421961064,-1.5455010256575277,-0.01327073756278532,-1.3582220576970616
energy/oil_gas,ocf_ev,21,5,174,-0.0026271693946808253,0.0005498486238743117,0.001506410927117647,-0.0005414840124259035,0.0019493959126169462,False,0.004576565307297772,0.835848069960784,0.0033231116105018397,0.5936243479327481,0.0017372147232162178,0.5463593845122962
energy/oil_gas,ocf_ev,63,5,172,-0.009102574402658327,-0.0012709846518765924,0.006732566869857753,-0.00629526848780306,-0.003231022488915728,False,0.005871551913742598,0.4667319925440473,0.004710176746884565,0.33614490144733183,-0.0006480427712056773,-0.08732587444783033
energy/oil_gas,ocf_ev,126,5,169,-0.013110479109151212,8.511739122527812e-06,0.008667027744098454,-0.01750022744607362,-0.008889481688633464,False,0.004220997420517745,0.16766473625342398,0.006040458217590312,0.2078700870440945,-0.002825518847744578,-0.1675247226032826
energy/oil_gas,oil_beta_trend,21,5,181,-0.0006090376956096286,0.0012768380543672503,-0.00291513125578708,0.0015729361971421815,0.0037642396278087737,False,0.004373277323418402,0.5700827611417962,0.007096754582230475,1.082229269332112,0.0031521642261923373,0.8013486865769862
energy/oil_gas,oil_beta_trend,63,5,179,0.004311431931977896,0.00154537374212875,-0.010953247803698603,-0.003826971783950754,-0.00017049162119704518,False,-0.00448192355317494,-0.24768755891315908,0.004577956609384418,0.30559193614278096,0.001666428103317164,0.16292311730817904
energy/oil_gas,oil_beta_trend,126,5,176,-0.0020007072651768887,0.0005470943934982483,-0.023781808599599708,-0.00431624755524915,-0.0005708663921506838,False,0.0014298408730262072,0.047706545625325066,0.014923562359322557,0.5627677374680362,0.005477144940878348,0.3047046276536288
energy/oil_gas,share_issuance,21,5,169,-0.0007941916832939345,0.00018123312088313642,-0.0012504944213810436,0.0035693957420616846,0.00033880967895130384,False,0.0011330013622452392,0.2656822940183287,0.0008035842425867274,0.18650872592275358,-0.00010493707524631356,-0.04518276413179572
energy/oil_gas,share_issuance,63,5,167,-0.005437398057611062,-0.006047576633087413,-0.0035721469020559473,0.008250097602568781,-0.001501623823221353,False,0.003935774234389708,0.34542778923004497,0.0014341843393862366,0.12598904772260178,0.00011253772950649709,0.0193449459567691
energy/oil_gas,share_issuance,126,5,164,-0.015090513239520003,-0.015975776273984738,-0.012681477463860526,0.012487848649876994,-0.001076027728897843,False,0.014014485510622164,0.6847123204085267,0.0029949621203875145,0.1281394641681925,0.005319557637077607,0.49331217460286536
energy/oil_gas,sue_announce,21,3,112,0.0007373142268053803,0.0001892003435945262,0.00041959550249106567,,,False,-0.00031771872431431494,-0.07005811731572277,0.002829219198632628,0.7187023421772528,-9.566606377283246e-06,-0.003942546365911801
energy/oil_gas,sue_announce,63,3,112,-0.001875275672570288,0.001938975909551974,-0.001838073745208693,,,False,3.720192736159288e-05,0.003971570781122991,0.006701586775710542,0.7042087815676619,-0.0012166236465665265,-0.22617106960361139
energy/oil_gas,sue_announce,126,3,112,0.0007630185579749908,-0.0018936983833909413,-0.006722264419934341,,,False,-0.007485282977909328,-0.637763772815583,0.013449584549269767,0.9129026193072348,-0.004089488942753016,-0.6194087477483483
energy/power_utilities,asset_growth,21,3,181,-0.0016826530055829986,-0.0022203512094359276,-0.002410601879940393,,,False,-0.0007279488743573944,-0.36579555959964644,0.0003996185361273117,0.17106536527156208,-0.00027605220935744213,-0.25224718934114204
energy/power_utilities,asset_growth,63,3,179,-0.003963670086290826,-0.004414842562835932,-0.004288940689957924,,,False,-0.0003252706036670995,-0.05947649364270006,0.00011812900366235808,0.017893472514177822,-5.603652646721758e-05,-0.018334069607067287
energy/power_utilities,asset_growth,126,3,176,-0.006067960193648752,-0.003599469636671336,-0.005298088704520976,,,False,0.0007698714891277735,0.08775725743231134,0.00275144000412206,0.2410831446684434,-0.0003611662147962066,-0.06313574534790352
energy/power_utilities,capex_at,21,3,182,-0.0012551796218427367,-0.0028067563627245068,-0.0014654821196113529,,,False,-0.0002103024977686159,-0.10487557675471673,-0.0008634517720471046,-0.368945013756432,0.00032007411003625506,0.3069575249011187
energy/power_utilities,capex_at,63,3,180,-0.0047965664521795555,-0.0040358807262687,-0.0034711365338492926,,,True,0.0013254299183302622,0.2708623329681948,0.0009443331905921149,0.15834790388811937,0.0005911076517246959,0.22042872833361338
energy/power_utilities,capex_at,126,3,177,-0.0046562639445568875,-0.004480563332927743,-0.005407684510610378,,,False,-0.0007514205660534926,-0.07758929464336042,-0.0016125768969223598,-0.1374078880818922,-0.0004534621466755928,-0.08382605205181363
energy/power_utilities,cop_at,21,3,182,-0.0020318940311749947,-0.0011430439873727492,-0.002454168903447119,,,False,-0.0004222748722721242,-0.23119262506232147,-0.002749202208951704,-1.1181914561427566,-0.000539275491702679,-0.5701728592269868
energy/power_utilities,cop_at,63,3,180,-0.004037825585278829,-0.00248310410057464,-0.006351487781720633,,,False,-0.002313662196441801,-0.5097974515897301,-0.007236269809234126,-1.0887604911543973,-0.001972257481443144,-0.9331212458386423
energy/power_utilities,cop_at,126,3,177,-0.004583389377382397,-0.0003225139904198429,-0.009742080358307516,,,False,-0.005158690980925117,-0.6023038966246442,-0.016184955841715698,-1.3712619533870576,-0.004727342750495233,-1.0961254284771744
energy/power_utilities,dist_52w_high,21,3,182,-0.0009055463469023561,-0.0014818136008041645,-0.0026588585812364757,,,False,-0.0017533122343341189,-0.6495298023008431,3.923229119088749e-05,0.014466404401381732,-0.0009243722568026407,-0.750275223748131
energy/power_utilities,dist_52w_high,63,3,180,-0.001163782935598196,-0.0030367287399364687,-0.006752350459377586,,,False,-0.005588567523779392,-0.9862273779847419,-0.004368499382803356,-0.7324709591461998,-0.0029781825397842895,-1.3377829556012386
energy/power_utilities,dist_52w_high,126,3,177,0.00011154780089148933,-0.006627354089117551,-0.004885879430057705,,,False,-0.0049974272309491995,-0.5311817703730751,-0.002783942777974736,-0.2982787747962533,-0.0009075997780487303,-0.255774365386453
energy/power_utilities,ear_3d,21,3,170,-0.0001044625025080005,-0.001367698324672254,-0.0017617563698903895,,,False,-0.001657293867382389,-0.850271022218082,-0.0005263722145662986,-0.2480426057715988,-0.0006853112648315066,-0.7314803157243243
energy/power_utilities,ear_3d,63,3,168,-0.0034086075513016564,-0.004246180481010734,-0.00434134857733915,,,False,-0.0009327410260374918,-0.1949444414912737,-0.00012780642118818386,-0.021885569102814327,-0.0003549817006825975,-0.1509812243146114
energy/power_utilities,ear_3d,126,3,165,-0.012736235767886694,-0.006625585380670187,0.0003057880408501274,,,True,0.013042023808736826,1.5778755138848095,0.012705969686990861,1.588022331558028,0.006518725601982381,1.5536048281533568
energy/power_utilities,ebit_ev,21,3,182,-0.004374430179420138,-0.0021210296411595052,-0.00021568813178352814,,,True,0.004158742047636609,1.9676471836082121,0.003016744333193221,1.2266012333474814,0.0019474043600575094,2.0251704612893393
energy/power_utilities,ebit_ev,63,3,180,-0.011214995591154296,-0.005274349438550787,-0.0001288116072830291,,,True,0.01108618398387127,2.0272267029884494,0.006962753317082086,0.9595528585653752,0.005196693929573547,2.091524281099691
energy/power_utilities,ebit_ev,126,3,177,-0.017517357591327852,-0.005924953552579148,0.0032136242161613458,,,True,0.020730981807489196,2.3225232592760734,0.007404915623887339,0.6605013547584336,0.009523676752218104,2.3527470397166255
energy/power_utilities,idio_vol_60d,21,3,182,-0.0038492409285088235,0.00047881008626424713,-0.00186350065647889,,,False,0.001985740272029933,0.7605724527821586,0.003991952812323884,1.2663185525603569,-0.00012901433204505535,-0.1235207374489903
energy/power_utilities,idio_vol_60d,63,3,180,-0.00666599198125188,0.0022055165244902033,-0.006803258547549669,,,False,-0.000137266566297789,-0.023140981073472535,0.0031584364983707892,0.39183268552884837,-0.0030290906279563717,-1.2210880769578865
energy/power_utilities,idio_vol_60d,126,3,177,-0.005701091568990498,0.004759350008013691,-0.010906486410713189,,,False,-0.005205394841722695,-0.5298892119042163,-0.004453264142780172,-0.3395410570674479,-0.0069282067587042116,-1.753567972799738
energy/power_utilities,max_ret_21d,21,3,182,-0.0028060388646545835,-0.0006277449500654991,-0.0017080199624529319,,,False,0.0010980189022016511,0.4476905760279198,-0.0007438030020611644,-0.30451159446990644,2.6466361980903453e-05,0.02469114243702059
energy/power_utilities,max_ret_21d,63,3,180,-0.004583707282979335,-0.002927928584947078,-0.0036928428207774174,,,False,0.0008908644622019161,0.20362943175800013,-0.0019728091401631964,-0.3599630900411791,8.132509881588001e-05,0.04261176360767568
energy/power_utilities,max_ret_21d,126,3,177,-0.0039286473771092765,-0.004256753964147285,-0.003600946831743796,,,False,0.00032770054536547955,0.0538540838052479,-0.004749148024444242,-0.5700269475561955,0.0003773328202651843,0.1489199054384013
energy/power_utilities,mom_12_1,21,3,182,-0.0019909084929329115,-0.0018421105494214856,-0.0012175562258877517,,,True,0.0007733522670451612,0.3037373465384405,0.003001208845512199,1.1231769073500835,0.0005161272908613235,0.4707033672196087
energy/power_utilities,mom_12_1,63,3,180,-0.007081035537846062,-0.005470306449882232,0.0011980713597481158,,,True,0.008279106897594176,1.3735825952617278,0.015095576485863333,2.230985130866711,0.00497078511085066,2.013859969976938
energy/power_utilities,mom_12_1,126,3,177,-0.009425794282689305,-0.00605284716882544,0.0035431001824508686,,,True,0.012968894465140175,1.0653510473264436,0.019231456269388037,1.4896241327479198,0.007520540302633971,1.4096901287852293
energy/power_utilities,net_debt_ebitda,21,3,182,-0.0033161381443792305,-0.0011071383223074415,-0.0021838558993961025,,,False,0.0011322822449831274,0.5315941533601155,0.0016481368567282265,0.7416375250339436,-4.933483695068059e-05,-0.05214600819291722
energy/power_utilities,net_debt_ebitda,63,3,180,-0.007831961051436501,-0.0015172627810846606,-0.006155942508569045,,,False,0.0016760185428674555,0.30887708617000986,0.0016495538130723443,0.2569068782965591,-0.0010259015556514804,-0.44383896524405275
energy/power_utilities,net_debt_ebitda,126,3,177,-0.011573442074493907,-0.0004244177354196052,-0.005947634227566701,,,False,0.005625807846927207,0.5719473787380809,0.0005240314239014383,0.044554554198647456,1.3945526439374657e-05,0.003503023715879251
energy/power_utilities,ocf_ev,21,3,182,-0.0044916383282356765,6.716767888685379e-05,-0.001559239224058046,,,False,0.002932399104177631,1.4917357623556002,-0.0001418291296945043,-0.06440527611319616,0.0004344454877040036,0.3816850794979308
energy/power_utilities,ocf_ev,63,3,180,-0.010408657215298931,0.00040801210322328877,-0.004631820491881966,,,False,0.0057768367234169605,1.103735873579702,-0.0020558559577784834,-0.3207576614833108,0.00018726736065464834,0.06341827448455584
energy/power_utilities,ocf_ev,126,3,177,-0.014133678408449821,0.005690018965581789,-0.007743266651907364,,,False,0.006390411756542455,0.668561339591555,-0.005852592733049629,-0.5084454102211222,-0.0024826454029059767,-0.4659707704705944
energy/power_utilities,share_issuance,21,3,182,-0.0019657244830265995,-0.0016336800366893334,-0.0007821021159793818,,,True,0.0011836223670472184,0.7049180409659084,0.0002866633752818593,0.16132247081026946,0.0007063046869745677,0.7019709469855868
energy/power_utilities,share_issuance,63,3,180,-0.004565084973928491,-0.004064315061719419,-0.0010809882119891645,,,True,0.003484096761939327,0.8405167795000726,-0.00015157156980969338,-0.035827419968993586,0.002185184655504679,0.7973682320242652
energy/power_utilities,share_issuance,126,3,177,-0.005619397042125463,-0.006433563940096638,0.0013194459185610213,,,False,0.006938842960686484,0.7930183955991205,0.002876042258016623,0.3341815862468975,0.004861862675772388,0.9297703570408791
energy/power_utilities,sue_announce,21,3,81,-0.0038155273944143918,0.001980264131060439,-0.0025371214789815383,,,False,0.0012784059154328537,0.3438590138792315,-0.0008236724787982828,-0.2448232247362936,-0.0009717031370746068,-0.5275549008670308
energy/power_utilities,sue_announce,63,3,79,-0.010541523803554423,0.0008130056350169683,-0.010444866006523812,,,False,9.665779703061274e-05,0.011058252230456889,-0.0023757716283125314,-0.2860995218689213,-0.0034860026053511136,-0.7491854206194926
energy/power_utilities,sue_announce,126,3,76,-0.018495944549188764,0.00526567778653915,-0.01611257698873968,,,False,0.002383367560449085,0.2294605695158339,0.007068683656380052,0.9125688613785045,-0.006105342708358758,-1.249723453931791
energy/renewables,asset_growth,21,3,150,0.0015306886460392185,-0.0016081923001368785,0.005354149400771166,,,False,0.0038234607547319474,0.6260478332536599,0.003067920975691224,0.5443678886470829,0.0034703352540633894,1.2103623189779884
energy/renewables,asset_growth,63,3,148,0.015134220687277627,-0.006163551324075546,0.019102226825623736,,,False,0.0039680061383461,0.23052227270407627,-0.0012288453685542753,-0.10496553435329077,0.009486280818397788,1.1485173996915372
energy/renewables,asset_growth,126,3,145,0.04977387172248647,-0.004552061139077368,0.03794471001507584,,,False,-0.011829161707410635,-0.28686985861837877,0.0018399277148335401,0.07718207351103616,0.00997450044501766,0.6032779218043076
energy/renewables,capex_at,21,3,142,-0.003411880055520874,-0.001229478095584211,0.008628748600501536,,,True,0.012040628656022411,1.8785033216613731,0.01059776488298087,2.036024076852754,0.007120258926020953,1.8270345749009949
energy/renewables,capex_at,63,3,140,-0.012327985879854344,-0.0006934864672513014,0.031149921322746355,,,True,0.04347790720260068,2.608783510039778,0.03223736834745805,3.0457128053833102,0.024526817902285242,2.1961873001833516
energy/renewables,capex_at,126,3,137,-0.021032058681574692,0.0061483844670061445,0.07852201255557745,,,True,0.09955407123715214,2.7244261453243266,0.0572896363206549,2.831906634218724,0.05598483516779925,2.325153328120354
energy/renewables,cop_at,21,3,147,-0.0007538371252531516,0.0006400527307347805,0.0018402769489704572,,,True,0.002594114074223611,0.6207092022854014,0.004519806298659542,0.8906951044578185,0.0011772337063841191,0.46698519901582963
energy/renewables,cop_at,63,3,145,0.0005499402156958858,-0.0013148090547126553,0.009857597957461354,,,False,0.009307657741765467,0.864176241387231,0.016883864012973475,1.4513757897804285,0.006754941406133679,1.090938466373317
energy/renewables,cop_at,126,3,142,0.004684250449926996,0.0020466954904361017,0.030718949073500635,,,False,0.02603469862357364,1.1095727954946806,0.031081603368236132,1.7477215868083735,0.017598679102409833,1.2217471311144057
energy/renewables,dist_52w_high,21,3,150,0.004951591733476704,0.0021097794045699145,-0.0019231885664471257,,,False,-0.00687478029992383,-0.766043127027091,-0.001945183211586781,-0.28249411890896653,-0.0037152314694810945,-0.9989907740505292
energy/renewables,dist_52w_high,63,3,148,0.021377727197469276,0.0029051405059954136,0.002787555754814873,,,False,-0.01859017144265441,-0.8552050741709252,-0.004647510194660971,-0.29249586165882047,-0.00642302294512426,-0.7287778191750661
energy/renewables,dist_52w_high,126,3,145,0.055880133906219584,0.016926290001897992,0.010293217030422724,,,False,-0.04558691687579686,-0.9957104325500638,-0.012704031206261537,-0.37764152008133217,-0.01731119422485076,-0.946273358990585
energy/renewables,ear_3d,21,3,142,-0.0031529534086558735,-0.0016157324204529662,0.0027304082070056853,,,True,0.0058833616156615575,0.8568703233623555,0.0010140535990648778,0.1634703021016029,0.0033206427226982753,0.9753813463038754
energy/renewables,ear_3d,63,3,140,-0.002934408607972859,-0.0036561842757550796,0.0289708156161461,,,False,0.03190522422411897,2.8042161799875016,0.014532984810606206,1.6205724270551587,0.02103179226505775,2.6608853262637258
energy/renewables,ear_3d,126,3,137,0.0019405268316725443,-0.0024339995319991163,0.06452411430090482,,,False,0.06258358746923226,3.586576397035405,0.03819452246388944,2.50299709302323,0.04219956900175101,3.2111044823124613
energy/renewables,ebit_ev,21,3,143,0.0030560196801792776,-0.000795466357369437,0.0019225330823256788,,,False,-0.0011334865978535986,-0.2134436972521227,0.009162637128364298,2.061036621391344,0.00041756038600232394,0.17406199025296315
energy/renewables,ebit_ev,63,3,141,0.007899967109560249,0.004089545535324199,0.008016240101662468,,,False,0.00011627299210222268,0.009436554632242319,0.021516337783563246,2.0995699295628327,0.0012911372747421935,0.2093529700361034
energy/renewables,ebit_ev,126,3,138,0.012208290026551554,0.0033276368693166162,0.02919903073699716,,,False,0.01699074071044561,0.6398015544699884,0.04374585897011389,2.888645113185438,0.013890226689975771,1.0670112178170403
energy/renewables,gross_profitability,21,3,24,0.00965696336871676,0.004706200427896161,0.002464450563767552,,,False,-0.007192512804949207,-0.39424983893224047,0.009546293660815199,0.48992121632951147,-0.0026619460608981564,-0.24910172353705737
energy/renewables,gross_profitability,63,3,24,0.0022187883427589768,0.012530543995768412,-0.0023252946403761452,,,False,-0.004544082983135122,-0.1331876340245013,0.001204375686842625,0.044545662078070404,-0.0058344059851812595,-0.2841802502683341
energy/renewables,gross_profitability,126,3,23,-0.03289694187673208,-0.05271356530400329,-0.058450827805879936,,,False,-0.025553885929147854,-0.5125865260797238,-0.028169293324512665,-0.7839446374877002,-0.009148977842354366,-0.3275187226867042
energy/renewables,idio_vol_60d,21,3,150,0.005175884472653383,0.0009590114126798177,-0.0011156475984126458,,,False,-0.006291532071066032,-0.6245799863830981,-0.002386861250403959,-0.2775530279972373,-0.002907690501446616,-0.7460941856520241
energy/renewables,idio_vol_60d,63,3,148,0.026717183050139447,-0.0004314176180277491,0.0005401591926438329,,,False,-0.026177023857495617,-0.9564840068159073,-0.012419883593634957,-0.612259914076179,-0.0086704195072953,-0.8583555744590518
energy/renewables,idio_vol_60d,126,3,145,0.06819018229762812,0.008022573534453818,0.00684436608080663,,,False,-0.061345816216821496,-1.0383738363507504,-0.017668493318256904,-0.4301054904645204,-0.02076004517446686,-0.9765887601585679
energy/renewables,max_ret_21d,21,3,150,0.005554024656683485,-7.967924238417486e-05,-0.00022069409699019123,,,False,-0.005774718753673676,-0.6035874301537877,-0.0003052027835828138,-0.035743397792324993,-0.0020127370000241626,-0.5558451669656455
energy/renewables,max_ret_21d,63,3,148,0.023799895549031478,0.002416580531421827,0.0008987804566974186,,,False,-0.022901115092334067,-0.8999945942225936,-0.010298997231119773,-0.5742008385833798,-0.008311798243241717,-0.8711625285874615
energy/renewables,max_ret_21d,126,3,145,0.06816420788965669,0.013094846260186565,0.0025110552462132307,,,False,-0.06565315264344344,-1.2141954002369169,-0.034456620736962915,-1.0359664227093757,-0.025093356009060257,-1.2719834503506935
energy/renewables,mom_12_1,21,3,150,0.0014600534209862996,-0.001321030623685718,0.005075802968631837,,,False,0.0036157495476455393,0.4870989545289381,0.002009642477660368,0.29788031344146193,0.0032837600655978667,0.8610429931096267
energy/renewables,mom_12_1,63,3,148,0.015199828945233763,-0.008010297505880884,0.02034871299323128,,,False,0.005148884047997524,0.2774160615522374,0.0015961651056803413,0.111419857084628,0.01113813429329215,1.1506021921104361
energy/renewables,mom_12_1,126,3,145,0.041482614822836855,-0.00041737290141723144,0.041763750525153985,,,False,0.0002811357023171383,0.00770849703686689,-0.007394902581486292,-0.2347280219883906,0.014159339269880496,0.7377016323297413
energy/renewables,net_debt_ebitda,21,3,143,-0.0026385349906421465,0.0006514243522926328,0.003530999360794223,,,True,0.006169534351436371,1.2207685338190657,0.006422370723437238,1.0242611986805694,0.002893911947178228,0.8557900523081027
energy/renewables,net_debt_ebitda,63,3,141,-0.0031286039521861214,0.004945356092563471,0.013277350085087732,,,True,0.016405954037273855,1.2168072654010769,0.016398291827595227,1.034415834694314,0.007960508227537985,0.8751412782041157
energy/renewables,net_debt_ebitda,126,3,138,-0.009076362783186676,0.005908135318703864,0.03784695205529987,,,True,0.046923314838486545,1.7478113269817277,0.04230440120433862,1.4081178099574585,0.025613088450036348,1.4010971528398366
energy/renewables,ocf_ev,21,3,147,-0.002151223364266083,0.0023374513493869447,0.0015037886403355875,,,False,0.0036550120046016698,0.7935873295196688,0.007887691602418704,2.2791250739420836,0.00084074539774925,0.40617089739586965
energy/renewables,ocf_ev,63,3,145,-0.0002335868406043036,0.0031352330471968214,0.0061255929113398725,,,True,0.006359179751944179,0.5469728546040055,0.023001147850467866,2.823976486080983,0.003022936360012197,0.5697300817810346
energy/renewables,ocf_ev,126,3,142,0.00856992696689209,0.011312291281235873,0.018513310704624846,,,True,0.009943383737732764,0.3576825556279726,0.03890236579901674,2.3117250906282956,0.0053930407335340425,0.44864441490695967
energy/renewables,share_issuance,21,3,150,0.004136273376189661,0.004972261067166899,-0.0022319036764191537,,,False,-0.006368177052608809,-1.0670222688054587,0.0077167146723025465,1.6384631186996892,-0.004403502864534845,-1.638614086740187
energy/renewables,share_issuance,63,3,148,0.01909759007692468,0.011963882995534731,0.00042139682297239026,,,False,-0.01867619325395229,-1.0749785792662176,0.020405367766733372,2.084498044530189,-0.009870295259326846,-1.337146165405616
energy/renewables,share_issuance,126,3,145,0.05263102273002274,0.023409753334661786,0.010926648936728348,,,False,-0.04170437379329439,-0.9745963875485334,0.03331406289649848,1.7226902808582032,-0.01779869758769678,-1.0121105786794091
energy/renewables,sue_announce,21,3,109,-0.0082659020192482,-0.0066131786288580584,-0.003703703949980059,,,True,0.004562198069268144,0.8934497857011622,0.003047238600648161,0.5426352690141371,0.002540199891008805,0.9901071400216619
energy/renewables,sue_announce,63,3,107,-0.013803365694184989,-0.009425037749179027,-0.006227037440234494,,,True,0.007576328253950493,0.7076376708394233,0.010629799003916297,0.7745298106151087,0.0034506944372370008,0.6969520994468358
energy/renewables,sue_announce,126,3,104,-0.0004449313055271921,-0.012908915013293247,-0.007071038872394613,,,False,-0.006626107566867429,-0.3905028818652887,0.012918447568734427,0.6086604588244153,-8.112962693267834e-05,-0.006741454396087289
