scope,factor,horizon,2011-07..2015-12,2016-01..2020-12,2021-01..2026-09,bull,bear,vix_high,vix_low
havuz,asset_growth,21,0.0097131500166572,0.011418137388936118,0.019600234372754682,0.013990623566610032,0.013762434887783474,0.017319427551831336,0.010619190927102456
havuz,asset_growth,63,0.018213687168056353,0.01148493165422159,0.02406532622743325,0.01678474502827839,0.030884299866444483,0.02161438855421614,0.014539743583205226
havuz,asset_growth,126,0.04532653750606404,0.019063392488930308,0.0353920087122434,0.03341373133285003,0.027937418251682743,0.04402683046389671,0.021364579100964447
havuz,capex_at,21,-0.005221192891108462,-0.012899421713933566,-0.00963313729656695,-0.013735386293490347,0.032669157841381406,0.0031419983406664534,-0.02194379015519858
havuz,capex_at,63,-0.014899357228972399,-0.02079534800982056,-0.013837262822539697,-0.022131674981848086,0.03775985322352202,0.010700526575793259,-0.04426172399593876
havuz,capex_at,126,-0.02446189898713426,-0.021694309238756888,-0.014742864224509147,-0.025113222401731895,0.027453766970727295,0.0032377836465931485,-0.04417013878124279
havuz,cash_runway_years,21,0.0016717972658500224,0.004924591520969791,0.013382063494863808,0.0117939797031698,-0.03348801942703713,-0.012374491753860104,0.025378475809982596
havuz,cash_runway_years,63,-0.03450385044481813,0.019554539542980663,0.01356784297965161,0.004403665969534846,-0.011823255088452314,-0.012218832087984282,0.016806021933448392
havuz,cash_runway_years,126,-0.02735448859676662,0.021654050152425577,0.020093949999080724,0.008639379075834725,-0.0003723668170895331,-0.0017915446353112263,0.016709908548642256
havuz,cop_at,21,-0.014472276322542374,-0.026952527518079566,0.026403808690834713,-0.0008782987896887419,-0.026957428307450574,0.020637997460851674,-0.02726652033475608
havuz,cop_at,63,-0.02668897087112438,-0.05546715923475419,0.020113765530790872,-0.015943700267906983,-0.049582488966172476,0.008965800535691336,-0.04783835173979418
havuz,cop_at,126,-0.05629658865970084,-0.0682323983128575,0.024733347696969256,-0.029004238511580738,-0.055004742331371474,-0.004189517226283153,-0.0597551980588592
havuz,dist_52w_high,21,0.05967913729142659,0.01691220170945668,0.05111996332682725,0.05432965436112631,-0.07357823217983253,0.010951881233891259,0.07381254758510532
havuz,dist_52w_high,63,0.06794493036861345,0.045012967145879726,0.07307029425531832,0.07514584279395702,-0.06213698152388682,0.009799072097888021,0.11573851829888886
havuz,dist_52w_high,126,0.08626681932113545,0.06259785873642912,0.10225157628014084,0.08903475774343698,0.03591575495447145,0.041991380571997916,0.12732074507696692
havuz,droe,21,-0.006292817146380602,0.006729817434267537,-0.0018696096985202377,0.0029911274789737696,-0.032200507573717285,-0.011492613680288505,0.010741445154115051
havuz,droe,63,0.0001026997824094183,0.0011737199038180735,-0.014811768715620134,-0.005867403698374446,0.0028711145060302894,-0.011220287877413138,0.0012147804093599719
havuz,droe,126,-0.03882302193920247,-0.020254671776619715,0.005662122172838509,-0.021901644936186272,0.03330439837456056,-0.03511222481174911,0.0024000142041331347
havuz,ear_3d,21,-0.006979282976240392,0.017155157726604163,-0.004154508891102989,0.005618064497981209,-0.03276818022839022,-0.007137249467247922,0.011202321756086007
havuz,ear_3d,63,-0.011885650446408784,0.014101588309348722,-0.005359576830089904,0.0007929456117105264,-0.016394825355288276,-0.010843969424428898,0.009408306980808369
havuz,ear_3d,126,-0.006639499854602511,0.007759375433899548,-0.0035040777960521057,0.0008689227874227285,-0.01486794195608716,-0.013422630207010622,0.012578268406495523
havuz,ebit_ev,21,0.03689747804994607,-0.03277669049603184,0.0065824221846564725,0.0052445626479253275,-0.023052102553874215,-0.006922093627979208,0.012125028721295889
havuz,ebit_ev,63,0.03281576746547318,-0.07947400929876092,-0.0011083207724709317,-0.012868944912349157,-0.057170603827074874,-0.03025484838890782,-0.0035544615998041895
havuz,ebit_ev,126,0.026524259099373924,-0.07488254200833301,-0.006440508384227972,-0.017182089496414175,-0.04219177870081669,-0.03398621434461286,-0.004685462831321775
havuz,gross_profitability,21,0.02160061666412159,-0.02398730268140871,0.015908980531558564,0.009224746290987974,-0.04194572487582294,0.018387957230167156,-0.009497783437595445
havuz,gross_profitability,63,0.00238805619083586,-0.044106393964107184,0.0067809124879499175,-0.007192192494759293,-0.052797706040637375,0.0017611255622975756,-0.02505787421916494
havuz,gross_profitability,126,0.019684295517243953,-0.0401292829327308,0.011200033381063174,-0.0007002069290420112,-0.031009988610527853,-0.0009144340513272477,-0.0064011936828303785
havuz,idio_vol_60d,21,0.06512734341068842,0.025687692360968177,0.06708171948710315,0.05973416463506768,-0.013908361989875804,0.02347985386061728,0.08223108032573742
havuz,idio_vol_60d,63,0.08467837477301604,0.055512220205741765,0.09039137599524451,0.08575900713618756,-0.006442464554415495,0.019258985960589288,0.1361418937456167
havuz,idio_vol_60d,126,0.11764792655177227,0.09828445724001708,0.12253651587399181,0.11601225869037428,0.08281732810578392,0.06428397824136911,0.16303790720155165
havuz,max_ret_21d,21,0.05753977018871628,0.015784818778250092,0.05388454072445615,0.0469517176843331,-0.00168517245683879,0.0168079861496883,0.0680094367750227
havuz,max_ret_21d,63,0.08038574068673522,0.04001005242355875,0.07965173008826766,0.0729647721450242,0.006187615804937977,0.02083765423933174,0.1135080987926259
havuz,max_ret_21d,126,0.10214561325111352,0.07731483526309119,0.09734173221248413,0.09265274565428207,0.08604959153217451,0.05382632061139299,0.13152774144490495
havuz,mom_12_1,21,0.0257196408490701,-0.009475193557835332,0.008229949374121893,0.013423712460461935,-0.04911335330330974,0.002519427967542943,0.012645248404104912
havuz,mom_12_1,63,0.0326241880629149,-0.008947484742253405,0.013650818129424591,0.014686804952732429,-0.015772831758303695,0.006400421211663419,0.017341266709470247
havuz,mom_12_1,126,0.03743088259935518,-0.006990992977306087,0.021666725700065625,0.011856564276701148,0.06292714803286852,0.022489438425154103,0.010836348765138839
havuz,net_debt_ebitda,21,0.003188421902822875,-0.02909409161502432,-0.012523209542878402,-0.012448089971602783,-0.02183024222060565,0.008013246076577909,-0.03466213578058622
havuz,net_debt_ebitda,63,-0.007354229463526236,-0.060749326559355714,-0.0314207417153157,-0.032037148150588134,-0.05257657583863121,-0.011137077863106467,-0.05733014440741469
havuz,net_debt_ebitda,126,-0.05484955418100404,-0.07800086277142174,-0.028718658158420264,-0.05464799210877373,-0.04161908344918836,-0.029390811070761972,-0.07823023172036118
havuz,ocf_ev,21,0.008656151900023999,-0.017384458486231144,0.043284300362397894,0.012967927424908456,0.013411123115328775,0.04061495518364282,-0.014596305534516607
havuz,ocf_ev,63,0.00017550303083256716,-0.03055758232178236,0.049104094373588286,0.008194743810049419,0.004773483057458133,0.03647933842276138,-0.021378958915240928
havuz,ocf_ev,126,-0.01392895558712323,-0.020237504726190146,0.05666724377897201,0.012042994090741865,-0.01901509304232512,0.05278742828242112,-0.036175242214008384
havuz,oil_beta_trend,21,-0.007214908121416003,-0.019759593740028024,0.04351637737987561,0.013021878660684843,-0.044980998831741385,0.05071404258869822,-0.03550598765602354
havuz,oil_beta_trend,63,-0.01822123616239503,-0.05613781576876952,0.013399720882290238,-0.015381668879202568,-0.056507181962019315,0.020192407070920043,-0.059610597349641255
havuz,oil_beta_trend,126,0.008862295042592835,-0.0849143303561092,0.030333586422324633,-0.017803953963631845,0.008432511160059396,0.039167558796452985,-0.07161333604759604
havuz,profitable_growth,21,,,-0.07435936323496431,-0.07435936323496431,,0.4700627435540787,-0.21046488993222506
havuz,profitable_growth,63,,,-0.2538015113409616,-0.2538015113409616,,0.46112618949411516,-0.4325334365497308
havuz,profitable_growth,126,,,-0.19609300345258607,-0.19609300345258607,,0.18230570282325484,-0.2906926800215463
havuz,share_issuance,21,0.025925126799870676,0.009102544449455312,0.06560080335807827,0.03886391047940734,-0.00032829921132666656,0.023491457470159356,0.04691474189807864
havuz,share_issuance,63,0.048413863293489234,0.014936385581776094,0.08142981020374417,0.05470410962517317,-0.0018747436883017235,0.03305197867514545,0.06603560861532431
havuz,share_issuance,126,0.06927264299082347,0.037775272182608545,0.10009080446732756,0.07332227844340881,0.034199716644541515,0.05645958069980024,0.08312181001058155
havuz,sue,21,-0.008218806471724533,0.005200638252165459,0.0013503547726000673,0.005425849570916192,-0.051802334402176554,0.005364329144532205,-0.00520631362081095
havuz,sue,63,-0.007197034578990954,-0.0013207302220352775,-0.005444497423802598,-0.0014624568532755203,-0.03328833721010749,-0.00849127890993804,-0.0006706865963823138
havuz,sue,126,-0.030688519825780355,-0.004046571056546849,0.030861982996330747,-0.002105912606120734,0.029153355331873087,-0.014235349535275799,0.015992238323226746
havuz,sue_announce,21,0.011227166168875626,0.02154201184164855,0.021559901728520514,0.02772677196131151,-0.07117978661522396,0.010881433053753284,0.026095061464462013
havuz,sue_announce,63,0.043785032547955044,0.017971192165752617,0.025821664023412377,0.03775841233493441,-0.05927812338319778,0.01466262141662488,0.042838141170416656
havuz,sue_announce,126,0.05960454135581596,0.033545581700277625,0.02635045225211147,0.042159430027829806,0.008585283685939579,0.022217065156145657,0.056228997276558994
robotics,asset_growth,21,,0.05495798319327729,-0.0030845924088737688,0.0016453108055363727,0.0003501400560224077,0.012697656660504951,-0.01663854389616606
robotics,asset_growth,63,,0.29735294117647054,-0.0007279875232805889,0.029442122405631484,-0.028886554621848744,0.05633704960330346,-0.03414306954319071
robotics,asset_growth,126,,0.3344957983193277,0.029452155512380982,0.05953938991864687,0.02289915966386556,0.08209004956805185,0.0057010675083430246
robotics,capex_at,21,,-0.06607142857142856,-0.07422096597036022,-0.07922218763668766,0.2071428571428571,-0.03406555604698019,-0.12373610025800763
robotics,capex_at,63,,0.13571428571428568,-0.12245968880583229,-0.11795767810095602,0.16428571428571426,-0.08814482730891399,-0.14578232043616476
robotics,capex_at,126,,0.08392857142857141,-0.16085473383082233,-0.15787561735220404,0.18571428571428567,-0.09870924776444152,-0.2264873581011352
robotics,cop_at,21,,,0.27714285714285714,0.27714285714285714,,0.5928571428571427,0.19821428571428568
robotics,cop_at,63,,,0.23142857142857132,0.23142857142857132,,0.5964285714285712,0.14017857142857137
robotics,cop_at,126,,,0.11714285714285713,0.11714285714285713,,0.31428571428571417,0.06785714285714285
robotics,dist_52w_high,21,,-0.4003361344537815,0.06163587241551531,0.019373340751119357,0.07930672268907564,0.0032398525598437197,0.0675847390651705
robotics,dist_52w_high,63,,-0.5345378151260503,0.05465070508110724,0.014935114101808814,-0.03558298319327728,-0.028890623234939888,0.08023221363738868
robotics,dist_52w_high,126,,-0.4007563025210084,0.08967911925535765,0.0562187491228323,0.004831932773109261,0.009850151987507593,0.13071964671035877
robotics,droe,21,,,0.1328571428571428,0.1328571428571428,,0.5749999999999998,0.022321428571428575
robotics,droe,63,,,0.10357142857142854,0.10357142857142854,,0.5142857142857141,0.0008928571428571466
robotics,droe,126,,,0.1157142857142857,0.1157142857142857,,0.1214285714285714,0.11428571428571427
robotics,ear_3d,21,,-0.24107142857142858,0.04144266573328358,0.029206334490634554,-0.1476190476190476,-0.025110616759490452,0.0814421064868635
robotics,ear_3d,63,,-0.26045168067226887,0.026531115588455303,0.005659801082147781,-0.04999999999999999,-0.03773742626897319,0.0663009227452625
robotics,ear_3d,126,,-0.14417016806722688,0.027643364762172808,0.017433370827616847,-0.061904761904761886,-0.04904449818204793,0.11889374170720918
robotics,gross_profitability,21,,,0.23499999999999993,0.23499999999999993,,0.32142857142857134,0.2133928571428571
robotics,gross_profitability,63,,,0.28642857142857137,0.28642857142857137,,0.4249999999999999,0.2517857142857142
robotics,gross_profitability,126,,,0.18499999999999994,0.18499999999999994,,0.33571428571428563,0.14732142857142852
robotics,idio_vol_60d,21,,-0.1657142857142857,0.06689401966081307,0.024936060376389756,0.22570903361344535,0.03531646310836935,0.07369468000777732
robotics,idio_vol_60d,63,,-0.34214285714285714,0.11828949958548576,0.0583786879636398,0.24989495798319322,0.055656800200143866,0.133217299155606
robotics,idio_vol_60d,126,,-0.190798319327731,0.1526862599106628,0.09516429935700918,0.3190913865546218,0.1332418776823368,0.1066760986691327
robotics,max_ret_21d,21,,-0.1237394957983193,0.04643926094141134,0.0072989851019566844,0.22384453781512603,0.028871572552465974,0.04172880796795522
robotics,max_ret_21d,63,,-0.1346218487394958,0.10570145710154742,0.05612318882202351,0.302547268907563,0.08543659888197704,0.08976998055685384
robotics,max_ret_21d,126,,-0.0029411764705882027,0.10463420416013294,0.07785117116269637,0.21483718487394954,0.11793253186442039,0.05047878720866335
robotics,mom_12_1,21,,-0.08995798319327729,0.04203409287814884,0.038184653752895176,-0.012552521008403338,0.022180363373419554,0.049279770329878014
robotics,mom_12_1,63,,-0.07306722689075629,0.02265496372483193,0.028419192723896314,-0.07752100840336129,-0.00023190296852392982,0.044593029544968514
robotics,mom_12_1,126,,-0.26361344537815123,0.06863132214608332,0.05685097998755339,-0.06097689075630248,0.014616796654476951,0.09629990752281772
robotics,profitable_growth,21,,,-0.07435936323496431,-0.07435936323496431,,0.4700627435540787,-0.21046488993222506
robotics,profitable_growth,63,,,-0.2538015113409616,-0.2538015113409616,,0.46112618949411516,-0.4325334365497308
robotics,profitable_growth,126,,,-0.19609300345258607,-0.19609300345258607,,0.18230570282325484,-0.2906926800215463
robotics,share_issuance,21,,-0.09827731092436978,0.116242634921094,0.0998211352878992,0.07799369747899158,0.050734193845648944,0.17499100842388307
robotics,share_issuance,63,,-0.027605042016806712,0.1422686781594504,0.11650148664046898,0.2777836134453781,0.09938743375275882,0.17737522302451247
robotics,share_issuance,126,,-0.0514705882352941,0.15158389288729843,0.11950884209580258,0.3067226890756302,0.1569022824440781,0.08807155448429685
robotics,sue,21,,,0.08999999999999997,0.08999999999999997,,0.6214285714285712,-0.04285714285714284
robotics,sue,63,,,0.15714285714285708,0.15714285714285708,,0.657142857142857,0.032142857142857126
robotics,sue,126,,,0.17571428571428566,0.17571428571428566,,0.18928571428571422,0.17232142857142851
biotech,asset_growth,21,-0.008613372505768843,0.010257127418880867,0.014151380544079089,0.006834351841506332,2.229866573192531e-05,-0.002017436075113056,0.014316286000930286
biotech,asset_growth,63,0.011353725913915558,-0.007241771859252141,0.007178449058163433,0.00225126905361904,0.016253718413817536,0.008028806961251094,-0.0009165598515889427
biotech,asset_growth,126,0.0351362779924318,0.0027163646197535846,0.0032601826649947276,0.0137376712451627,0.002723905335170527,0.013205213919579045,0.012130253791221063
biotech,capex_at,21,-0.0117803704223167,-0.012393823479353906,0.011523531062617068,-0.009630598478549536,0.05840467350895868,0.0018940739360882018,-0.00844538491749892
biotech,capex_at,63,-0.0013694950431035232,-0.02507679892347302,0.02604505885835942,-0.007061304735465679,0.07596505228215625,0.008878413048561112,-0.007500251353969783
biotech,capex_at,126,-0.05676627927545809,-0.04047898814237637,0.0405983979607522,-0.023357323811790558,0.04710308894097408,-0.007115086050606711,-0.026391512107302593
biotech,cash_runway_years,21,-0.019649632337653634,0.007447384212635734,0.020872708578063937,0.009350077931750135,-0.02462699740836088,-0.0037897990817309496,0.014554252440503975
biotech,cash_runway_years,63,-0.048559443361514056,0.02887647709780188,0.032364651423850796,0.012880143026648253,-0.010422481456080823,0.009241753145861268,0.011699542737396176
biotech,cash_runway_years,126,-0.04213682642317308,0.029202842262514937,0.04610048961213061,0.01957932238276059,-0.004276540583096811,0.016855144663594526,0.01739151053672086
biotech,cop_at,21,-0.029575108343574442,0.0028879648827774503,0.029971135626341825,0.005944961783205836,-0.02156820171906422,0.011477160155444399,-0.00472705834220406
biotech,cop_at,63,-0.0422016126247157,-0.013113275586268541,0.02757354768612425,-0.007832282106247913,0.0018136772759911896,-0.0015457738125868364,-0.012417573625630986
biotech,cop_at,126,-0.0011921886210913442,-0.02266890272874692,0.030690091396623556,0.005101349820932302,-0.018073680154448983,-0.009030266827663107,0.015191809462220865
biotech,dist_52w_high,21,0.03266770794871939,0.013159552792839533,0.07236981502086567,0.049909457673994205,-0.04472257046993883,0.021904463891071483,0.06023594070475363
biotech,dist_52w_high,63,0.05148312768333122,0.04594697327525745,0.10575562318127905,0.07672024155542101,0.0006693557556544179,0.061977207171561716,0.07726800639064758
biotech,dist_52w_high,126,0.09377460420960641,0.06521759609675253,0.12886829017439347,0.09611589118179503,0.10100259323667528,0.08991130791909195,0.10348929840680934
biotech,droe,21,-0.001198397814411026,0.009453776083534515,-0.0040944152484500935,0.004186848161831093,-0.027138344387448183,-0.015770271043714486,0.01807269931745037
biotech,droe,63,0.012345904993984984,0.0029546592908766363,-0.012160895311036039,-0.0021276748337838575,0.021980985569318157,-0.010965863885445265,0.01141484473365728
biotech,droe,126,-0.04126182141452944,-0.02935893511988193,0.004504005243180816,-0.02847847988188079,0.050789293492733034,-0.04508994337317087,0.004003961475512906
biotech,ear_3d,21,-0.04342720182500061,0.009723276295505874,-0.011150970890127185,-0.010268383808584747,-0.048567941937167396,-0.019215428483313427,-0.008476201641393484
biotech,ear_3d,63,-0.054870011514305234,0.001491861817558411,-0.00866405748817628,-0.0160437390284908,-0.04883336737027132,-0.023755349949315066,-0.014422020916302727
biotech,ear_3d,126,-0.020301527573131063,0.0010198805696963501,-0.015613374711748399,-0.00620105065808578,-0.06038612684198357,-0.017207010682884216,-0.0054034632200904206
biotech,gross_profitability,21,-0.04538551750217143,-0.0017077989098526133,0.010360446647578611,-0.011757865753309771,0.005368961271943749,0.0063409319436789876,-0.026657146313712708
biotech,gross_profitability,63,-0.0920598397444189,-0.00798810331398518,0.013380435378300066,-0.03141455264319762,0.03253901592772258,-0.01927638646581636,-0.03160963642337797
biotech,gross_profitability,126,-0.08977231326961327,0.006225725212795255,0.03103301300204108,-0.01890295294795521,0.02972887570647175,-0.02823347002671806,0.00025207721542311594
biotech,idio_vol_60d,21,0.056699065912399156,0.012829434700413367,0.09014411270149708,0.06085951460662376,-0.004735565005691916,0.060316169173381985,0.04914883417822414
biotech,idio_vol_60d,63,0.0918451487657555,0.052599498168979276,0.11508827863083076,0.09394479027249432,0.023437264629871165,0.0839734184694156,0.09067250822929848
biotech,idio_vol_60d,126,0.14313197219340937,0.09206466623773049,0.1642084135341372,0.13274474303076078,0.13876339061393264,0.12984693304390935,0.13691853507364068
biotech,max_ret_21d,21,0.05117657300780835,-0.007604307782521734,0.07194661393745048,0.042711988683268316,0.008951064145747464,0.04970405813410233,0.029412933329820538
biotech,max_ret_21d,63,0.08210912832823586,0.030323118958656727,0.09179817402149565,0.07191182280976884,0.03472543733356076,0.07324344204560292,0.06344726209565152
biotech,max_ret_21d,126,0.12049591266026731,0.06438456346094054,0.1293513509146477,0.10197609823981277,0.1295772047390368,0.10473266277627263,0.10451779941458773
biotech,mom_12_1,21,0.013219528665794848,0.002441294684593673,0.007777595012501626,0.008378678718975846,0.00039568830868458467,0.004221815614634866,0.011044213944471212
biotech,mom_12_1,63,0.0005502744945806397,0.00957310996978383,0.003545950368990586,-0.00041937873617274845,0.05332311054376005,0.008240593777274171,0.000991461927143978
biotech,mom_12_1,126,6.967345897701102e-05,0.02166657902731954,-0.003996684837259486,-0.005618772557475997,0.11476291605133779,0.016997185096189218,-0.0054917321262120304
biotech,share_issuance,21,0.024409851214926677,0.008871836844847714,0.07103229164156062,0.04299434322814644,-0.02322612545340686,0.027313609159940036,0.04613190475069776
biotech,share_issuance,63,0.06006364845452969,0.018129087418528745,0.07141487899438474,0.05956425569691101,-0.03911228212167019,0.04580443192300437,0.0546303567838292
biotech,share_issuance,126,0.10301431760620017,0.03613773548240491,0.08068818115538554,0.07987211891486543,0.0006889098469758987,0.06245458473311338,0.08221747509902416
biotech,sue,21,-0.005166516150633582,0.01058587883556647,-0.0052669572702816175,0.006702823390080869,-0.06238121985763893,0.0032455711409143076,-0.0028977017696306183
biotech,sue,63,0.0017486185852519168,-0.00023288690036855596,-0.008743239032703005,0.00038938398421365007,-0.03326518320046388,-0.006770257225780079,0.0009597339070219202
biotech,sue,126,-0.020929716081434558,-0.007913208357118211,0.02642189648403106,-0.002740362655380246,0.03357633807261496,-0.020075930671956527,0.02149231276762526
biotech,sue_announce,21,-0.008092865577421138,0.028186748251539804,0.027667932942071344,0.022921263498252235,-0.03802346371994826,0.02273476933912213,0.011722478946289932
biotech,sue_announce,63,0.02412818780749819,0.051441708988359654,0.03594041044629828,0.04299152730486253,-0.014478069431201513,0.029315203321273194,0.045997845709284356
biotech,sue_announce,126,0.032475677223334824,0.10011055264372488,0.042631282495105324,0.05711077753595051,0.07696271294841932,0.04482241755358889,0.07370198788565756
biotech/biotech_all,asset_growth,21,-0.008613372505768843,0.010257127418880867,0.014151380544079089,0.006834351841506332,2.229866573192531e-05,-0.002017436075113056,0.014316286000930286
biotech/biotech_all,asset_growth,63,0.011353725913915558,-0.007241771859252141,0.007178449058163433,0.00225126905361904,0.016253718413817536,0.008028806961251094,-0.0009165598515889427
biotech/biotech_all,asset_growth,126,0.0351362779924318,0.0027163646197535846,0.0032601826649947276,0.0137376712451627,0.002723905335170527,0.013205213919579045,0.012130253791221063
biotech/biotech_all,capex_at,21,-0.0117803704223167,-0.012393823479353906,0.011523531062617068,-0.009630598478549536,0.05840467350895868,0.0018940739360882018,-0.00844538491749892
biotech/biotech_all,capex_at,63,-0.0013694950431035232,-0.02507679892347302,0.02604505885835942,-0.007061304735465679,0.07596505228215625,0.008878413048561112,-0.007500251353969783
biotech/biotech_all,capex_at,126,-0.05676627927545809,-0.04047898814237637,0.0405983979607522,-0.023357323811790558,0.04710308894097408,-0.007115086050606711,-0.026391512107302593
biotech/biotech_all,cash_runway_years,21,-0.019649632337653634,0.007447384212635734,0.020872708578063937,0.009350077931750135,-0.02462699740836088,-0.0037897990817309496,0.014554252440503975
biotech/biotech_all,cash_runway_years,63,-0.048559443361514056,0.02887647709780188,0.032364651423850796,0.012880143026648253,-0.010422481456080823,0.009241753145861268,0.011699542737396176
biotech/biotech_all,cash_runway_years,126,-0.04213682642317308,0.029202842262514937,0.04610048961213061,0.01957932238276059,-0.004276540583096811,0.016855144663594526,0.01739151053672086
biotech/biotech_all,cop_at,21,-0.029575108343574442,0.0028879648827774503,0.029971135626341825,0.005944961783205836,-0.02156820171906422,0.011477160155444399,-0.00472705834220406
biotech/biotech_all,cop_at,63,-0.0422016126247157,-0.013113275586268541,0.02757354768612425,-0.007832282106247913,0.0018136772759911896,-0.0015457738125868364,-0.012417573625630986
biotech/biotech_all,cop_at,126,-0.0011921886210913442,-0.02266890272874692,0.030690091396623556,0.005101349820932302,-0.018073680154448983,-0.009030266827663107,0.015191809462220865
biotech/biotech_all,dist_52w_high,21,0.03266770794871939,0.013159552792839533,0.07236981502086567,0.049909457673994205,-0.04472257046993883,0.021904463891071483,0.06023594070475363
biotech/biotech_all,dist_52w_high,63,0.05148312768333122,0.04594697327525745,0.10575562318127905,0.07672024155542101,0.0006693557556544179,0.061977207171561716,0.07726800639064758
biotech/biotech_all,dist_52w_high,126,0.09377460420960641,0.06521759609675253,0.12886829017439347,0.09611589118179503,0.10100259323667528,0.08991130791909195,0.10348929840680934
biotech/biotech_all,droe,21,-0.001198397814411026,0.009453776083534515,-0.0040944152484500935,0.004186848161831093,-0.027138344387448183,-0.015770271043714486,0.01807269931745037
biotech/biotech_all,droe,63,0.012345904993984984,0.0029546592908766363,-0.012160895311036039,-0.0021276748337838575,0.021980985569318157,-0.010965863885445265,0.01141484473365728
biotech/biotech_all,droe,126,-0.04126182141452944,-0.02935893511988193,0.004504005243180816,-0.02847847988188079,0.050789293492733034,-0.04508994337317087,0.004003961475512906
biotech/biotech_all,ear_3d,21,-0.04342720182500061,0.009723276295505874,-0.011150970890127185,-0.010268383808584747,-0.048567941937167396,-0.019215428483313427,-0.008476201641393484
biotech/biotech_all,ear_3d,63,-0.054870011514305234,0.001491861817558411,-0.00866405748817628,-0.0160437390284908,-0.04883336737027132,-0.023755349949315066,-0.014422020916302727
biotech/biotech_all,ear_3d,126,-0.020301527573131063,0.0010198805696963501,-0.015613374711748399,-0.00620105065808578,-0.06038612684198357,-0.017207010682884216,-0.0054034632200904206
biotech/biotech_all,gross_profitability,21,-0.04538551750217143,-0.0017077989098526133,0.010360446647578611,-0.011757865753309771,0.005368961271943749,0.0063409319436789876,-0.026657146313712708
biotech/biotech_all,gross_profitability,63,-0.0920598397444189,-0.00798810331398518,0.013380435378300066,-0.03141455264319762,0.03253901592772258,-0.01927638646581636,-0.03160963642337797
biotech/biotech_all,gross_profitability,126,-0.08977231326961327,0.006225725212795255,0.03103301300204108,-0.01890295294795521,0.02972887570647175,-0.02823347002671806,0.00025207721542311594
biotech/biotech_all,idio_vol_60d,21,0.056699065912399156,0.012829434700413367,0.09014411270149708,0.06085951460662376,-0.004735565005691916,0.060316169173381985,0.04914883417822414
biotech/biotech_all,idio_vol_60d,63,0.0918451487657555,0.052599498168979276,0.11508827863083076,0.09394479027249432,0.023437264629871165,0.0839734184694156,0.09067250822929848
biotech/biotech_all,idio_vol_60d,126,0.14313197219340937,0.09206466623773049,0.1642084135341372,0.13274474303076078,0.13876339061393264,0.12984693304390935,0.13691853507364068
biotech/biotech_all,max_ret_21d,21,0.05117657300780835,-0.007604307782521734,0.07194661393745048,0.042711988683268316,0.008951064145747464,0.04970405813410233,0.029412933329820538
biotech/biotech_all,max_ret_21d,63,0.08210912832823586,0.030323118958656727,0.09179817402149565,0.07191182280976884,0.03472543733356076,0.07324344204560292,0.06344726209565152
biotech/biotech_all,max_ret_21d,126,0.12049591266026731,0.06438456346094054,0.1293513509146477,0.10197609823981277,0.1295772047390368,0.10473266277627263,0.10451779941458773
biotech/biotech_all,mom_12_1,21,0.013219528665794848,0.002441294684593673,0.007777595012501626,0.008378678718975846,0.00039568830868458467,0.004221815614634866,0.011044213944471212
biotech/biotech_all,mom_12_1,63,0.0005502744945806397,0.00957310996978383,0.003545950368990586,-0.00041937873617274845,0.05332311054376005,0.008240593777274171,0.000991461927143978
biotech/biotech_all,mom_12_1,126,6.967345897701102e-05,0.02166657902731954,-0.003996684837259486,-0.005618772557475997,0.11476291605133779,0.016997185096189218,-0.0054917321262120304
biotech/biotech_all,share_issuance,21,0.024409851214926677,0.008871836844847714,0.07103229164156062,0.04299434322814644,-0.02322612545340686,0.027313609159940036,0.04613190475069776
biotech/biotech_all,share_issuance,63,0.06006364845452969,0.018129087418528745,0.07141487899438474,0.05956425569691101,-0.03911228212167019,0.04580443192300437,0.0546303567838292
biotech/biotech_all,share_issuance,126,0.10301431760620017,0.03613773548240491,0.08068818115538554,0.07987211891486543,0.0006889098469758987,0.06245458473311338,0.08221747509902416
biotech/biotech_all,sue,21,-0.005166516150633582,0.01058587883556647,-0.0052669572702816175,0.006702823390080869,-0.06238121985763893,0.0032455711409143076,-0.0028977017696306183
biotech/biotech_all,sue,63,0.0017486185852519168,-0.00023288690036855596,-0.008743239032703005,0.00038938398421365007,-0.03326518320046388,-0.006770257225780079,0.0009597339070219202
biotech/biotech_all,sue,126,-0.020929716081434558,-0.007913208357118211,0.02642189648403106,-0.002740362655380246,0.03357633807261496,-0.020075930671956527,0.02149231276762526
biotech/biotech_all,sue_announce,21,-0.008092865577421138,0.028186748251539804,0.027667932942071344,0.022921263498252235,-0.03802346371994826,0.02273476933912213,0.011722478946289932
biotech/biotech_all,sue_announce,63,0.02412818780749819,0.051441708988359654,0.03594041044629828,0.04299152730486253,-0.014478069431201513,0.029315203321273194,0.045997845709284356
biotech/biotech_all,sue_announce,126,0.032475677223334824,0.10011055264372488,0.042631282495105324,0.05711077753595051,0.07696271294841932,0.04482241755358889,0.07370198788565756
energy,asset_growth,21,0.01439114852627841,-0.002372761251001652,0.055282194329765624,0.020043214054690325,0.06393030827994667,0.04812930077150949,0.00015581527006191674
energy,asset_growth,63,0.008017652407631375,0.02851830512096139,0.08830668404152792,0.03779824523939106,0.10653992411705168,0.061534270320868605,0.026659259379905362
energy,asset_growth,126,0.036928639377087374,0.03984427816350945,0.1307526874366065,0.06699998514906522,0.11189558240170948,0.1095671928219759,0.03173764564024903
energy,capex_at,21,0.01743337487347346,0.027378997180075724,0.009596194681271096,0.014014284811908992,0.054372136372562496,0.01144846780262567,0.024119480684171527
energy,capex_at,63,0.015110249372508166,0.0457118482523561,0.016877329597126862,0.017791316791096013,0.10426961633638411,0.042669744026166474,0.008872150654899219
energy,capex_at,126,0.030225976845590283,0.07209801309188042,0.03711850463664375,0.03845172047189688,0.12613376775175036,0.05181639254448805,0.04175947124459002
energy,cash_runway_years,21,,,-0.16950696924539774,-0.16950696924539774,,-0.3355746249610971,-0.03665284467283827
energy,cash_runway_years,63,,,-0.13878796512564356,-0.13878796512564356,,-0.17207335662470155,-0.10550257362658556
energy,cash_runway_years,126,,,-0.33897140440966267,-0.33897140440966267,,-0.21223006976172765,-0.5079598506069094
energy,cop_at,21,-0.00944852842298132,-0.04059403429805983,0.015093959369904845,-0.009872033997976279,-0.017093396817939175,0.023466761945314985,-0.04455987574279908
energy,cop_at,63,-0.01583824791380248,-0.07783909290236712,0.007236769004615541,-0.025539281166401657,-0.052063610415251003,0.006036716292185283,-0.06289129651428763
energy,cop_at,126,-0.07223423707108158,-0.0905866095572667,0.011267580613864233,-0.04641849098613142,-0.07053113169529024,-0.005343558117663289,-0.09362146627599154
energy,dist_52w_high,21,0.07918344487840238,0.0239944081714535,0.020193086509330684,0.05481150232507702,-0.11501161689895777,-0.015030106837230297,0.09292791339058659
energy,dist_52w_high,63,0.08489894989936875,0.04145969056772822,0.008146697106006729,0.06223322030482137,-0.14907106894469607,-0.059481571014504575,0.1463216820218648
energy,dist_52w_high,126,0.10264080771670689,0.04155762783104685,0.019085094147533933,0.06587710920198675,-0.07658325026225062,-0.042609894911173604,0.1502679627570718
energy,ear_3d,21,0.02968202180546033,0.03513954495966991,0.00995440325395741,0.025465085883560435,0.010962477973922564,0.010256289040292087,0.03796460432612721
energy,ear_3d,63,0.023755731055882197,0.028488085898141623,0.005351535784333096,0.016989616607096157,0.03388167563032042,0.008442451906866013,0.028955425496037232
energy,ear_3d,126,0.012344895629546517,0.030947733795816154,0.02086602909469764,0.018303473465340385,0.0534995570738806,0.00673003533347504,0.037153391318364135
energy,ebit_ev,21,0.03689747804994607,-0.03277669049603184,0.0065824221846564725,0.0052445626479253275,-0.023052102553874215,-0.006922093627979208,0.012125028721295889
energy,ebit_ev,63,0.03281576746547318,-0.07947400929876092,-0.0011083207724709317,-0.012868944912349157,-0.057170603827074874,-0.03025484838890782,-0.0035544615998041895
energy,ebit_ev,126,0.026524259099373924,-0.07488254200833301,-0.006440508384227972,-0.017182089496414175,-0.04219177870081669,-0.03398621434461286,-0.004685462831321775
energy,gross_profitability,21,0.03833068000040831,-0.02038365928989506,-0.013495122810537595,0.0016136542218059733,-0.019828478534482153,0.003206329329130588,-0.003984694037792249
energy,gross_profitability,63,0.030905253948143162,-0.059594156952989294,-0.0258925192916926,-0.018850880388402776,-0.0319399102306874,-0.011847326229236519,-0.02851196955472826
energy,gross_profitability,126,0.026573569019434348,-0.056849073957950434,-0.03431683235661448,-0.02177949255755934,-0.03842431409910526,-0.014875237054818155,-0.03217426222943277
energy,idio_vol_60d,21,0.06227760740601117,0.03235368638678237,0.029769617662759415,0.047799506602981656,-0.032845447370164045,-0.024731439347612814,0.10526491170144998
energy,idio_vol_60d,63,0.07453090360362433,0.051752833890979996,0.034612276312567115,0.06343235079681273,-0.054424947952737036,-0.05847813250637885,0.16557032722207216
energy,idio_vol_60d,126,0.11172218374974457,0.09175307498573021,0.029443720729639716,0.08642582187707688,-0.025587921925586992,-0.038236529494057196,0.19349913197772947
energy,max_ret_21d,21,0.04653399470632897,0.020019515983752276,0.028391689379240585,0.03562440623149669,-0.013728557484805481,-0.023139364861246965,0.08516839289372237
energy,max_ret_21d,63,0.06841888134179741,0.03532027942949568,0.03947888392785615,0.05525934698440362,-0.03457828594073442,-0.0421085716532094,0.1376553114371614
energy,max_ret_21d,126,0.09017480886770331,0.06895276235570676,0.01186591837727134,0.0613165236281901,-0.0033226766202315784,-0.033334677094182016,0.14660091053382596
energy,mom_12_1,21,0.054201603268653364,-0.012504090502259008,0.0017224852020332109,0.029726834070417082,-0.1535974989122835,-0.007048215763913534,0.03225448103984759
energy,mom_12_1,63,0.09371490997484096,-0.029254892164716138,0.02477789905949099,0.04401076408689414,-0.1313589176164057,-0.00937307047418966,0.06509665572849559
energy,mom_12_1,126,0.10682935305627267,-0.054332105569428184,0.053477354441172784,0.04047881042786701,-0.03521632987010615,0.012951554908298838,0.05416427722896579
energy,net_debt_ebitda,21,0.003188421902822875,-0.02909409161502432,-0.012523209542878402,-0.012448089971602783,-0.02183024222060565,0.008013246076577909,-0.03466213578058622
energy,net_debt_ebitda,63,-0.007354229463526236,-0.060749326559355714,-0.0314207417153157,-0.032037148150588134,-0.05257657583863121,-0.011137077863106467,-0.05733014440741469
energy,net_debt_ebitda,126,-0.05484955418100404,-0.07800086277142174,-0.028718658158420264,-0.05464799210877373,-0.04161908344918836,-0.029390811070761972,-0.07823023172036118
energy,ocf_ev,21,0.008656151900023999,-0.017384458486231144,0.043284300362397894,0.012967927424908456,0.013411123115328775,0.04061495518364282,-0.014596305534516607
energy,ocf_ev,63,0.00017550303083256716,-0.03055758232178236,0.049104094373588286,0.008194743810049419,0.004773483057458133,0.03647933842276138,-0.021378958915240928
energy,ocf_ev,126,-0.01392895558712323,-0.020237504726190146,0.05666724377897201,0.012042994090741865,-0.01901509304232512,0.05278742828242112,-0.036175242214008384
energy,oil_beta_trend,21,-0.007214908121416003,-0.019759593740028024,0.04351637737987561,0.013021878660684843,-0.044980998831741385,0.05071404258869822,-0.03550598765602354
energy,oil_beta_trend,63,-0.01822123616239503,-0.05613781576876952,0.013399720882290238,-0.015381668879202568,-0.056507181962019315,0.020192407070920043,-0.059610597349641255
energy,oil_beta_trend,126,0.008862295042592835,-0.0849143303561092,0.030333586422324633,-0.017803953963631845,0.008432511160059396,0.039167558796452985,-0.07161333604759604
energy,share_issuance,21,0.01731070420502002,-0.006091023792779599,0.050662555178196796,0.022684967290380643,0.01596180874758126,0.010393795043044997,0.03372016486488564
energy,share_issuance,63,0.030707854313967834,-0.01316585721834879,0.0647617668289862,0.029730829694177827,0.017436710024437637,0.012380822733659732,0.04512240945846506
energy,share_issuance,126,0.027226980324604164,0.009586641288954275,0.08599708079758635,0.04361081113757319,0.02856127782953589,0.032882657082608874,0.05176818813424164
energy,sue_announce,21,0.022198885822542428,0.031185426834013194,0.010593175677652823,0.03527617780916803,-0.11943340870436764,-6.131332930514675e-05,0.041711878060497164
energy,sue_announce,63,0.0605264354386244,0.00912641768666083,0.00736421358443403,0.04166601094409481,-0.14644171249584947,-0.006794595357906019,0.055284930887949
energy,sue_announce,126,0.07448696453247637,-0.0007460390544376676,0.004118992631707471,0.03653733327432766,-0.09464370862396414,-0.0061427555245839515,0.055056072120661964
energy/oil_gas,asset_growth,21,0.020243477935483475,0.024105920068143064,0.039543414548396744,0.02358279631275317,0.07866434178184693,0.05109576475590621,0.006359786913276987
energy/oil_gas,asset_growth,63,0.02372736776163524,0.04429990108462499,0.060893425893807744,0.034892613786211724,0.13357305800262373,0.06826907581272254,0.019615192519543405
energy/oil_gas,asset_growth,126,0.02906943307707038,0.0621787608895762,0.09720848285091409,0.05621899457682149,0.14291590157956005,0.10176573974913442,0.026042446916343248
energy/oil_gas,capex_at,21,0.025637948762077322,0.002134376645406243,0.03157200504110061,0.013268361087521772,0.08647815266060577,0.0005553260501747069,0.03965795059456585
energy/oil_gas,capex_at,63,0.02608540521320303,0.020542584259768064,0.03123596464147135,0.01405438324801052,0.1418750667064966,0.03171700656104521,0.020410033779562273
energy/oil_gas,capex_at,126,0.040293822163665456,0.03428033439954005,0.04993258306146511,0.02715901839041509,0.17841154418918975,0.04181392591094211,0.04155386047928563
energy/oil_gas,cop_at,21,0.009214013664605102,-0.02550425962612343,-0.026969951246591177,-0.009248281233017748,-0.07886406594111775,0.0016887492784996,-0.03319045833835598
energy/oil_gas,cop_at,63,0.005089731050994386,-0.055127408001766846,-0.037928488278752406,-0.02118643738847437,-0.12251117267227357,-0.03172770205498371,-0.02976245328928602
energy/oil_gas,cop_at,126,-0.028801223594583675,-0.05610086276975967,-0.0711304227440651,-0.03790299247637526,-0.19635621629112698,-0.0654860979717206,-0.04033086960591201
energy/oil_gas,dist_52w_high,21,0.08460034144113314,0.00443635079391748,0.03791080453302336,0.049471054468336655,-0.044128811386689545,0.006260236435785443,0.07519618327522364
energy/oil_gas,dist_52w_high,63,0.09153947058829731,0.007092877863790357,0.051491880726605176,0.06386918884373284,-0.09667703352806079,-0.027230027230059815,0.12634944594929057
energy/oil_gas,dist_52w_high,126,0.08501591760216011,-0.0028017325181022078,0.07833167617621827,0.06257941351133947,-0.03853264489894409,-0.021855826835067385,0.13016868521480837
energy/oil_gas,ear_3d,21,0.04334534413744827,0.016756553697593254,0.0006197590637714246,0.01685827369572631,0.03568060363643637,0.012848560239573861,0.024384246591352056
energy/oil_gas,ear_3d,63,0.03593936847054091,-0.002667202248246283,-0.005589696003711866,0.003732990421371676,0.047252728681521576,-0.004113501134294261,0.020068566623485693
energy/oil_gas,ear_3d,126,0.022674941921644237,-0.003272041770404104,0.00535343497761777,0.0014664141941949245,0.06651555823901611,-0.01033248631119545,0.02638292562232245
energy/oil_gas,ebit_ev,21,0.024051012054919354,-0.03066093126236098,-0.032710800063743946,-0.009400902727984533,-0.07141686347018557,-0.021648355106330116,-0.008738849609171009
energy/oil_gas,ebit_ev,63,0.01652775227364005,-0.0522339225439424,-0.047784984492318196,-0.022105778368440476,-0.10541787248806964,-0.03296218311948941,-0.026918955533476913
energy/oil_gas,ebit_ev,126,0.007739632637298977,-0.03963559896054169,-0.06815562320891974,-0.024999125585103154,-0.13259646728022315,-0.0552528637786741,-0.01472692295746703
energy/oil_gas,gross_profitability,21,0.04280483023138826,-0.03938538401023287,-0.02979794371461511,-0.009742090645747251,-0.03694812863505553,-0.0034362260319653905,-0.020922516270264223
energy/oil_gas,gross_profitability,63,0.05120567767463986,-0.0907705285325007,-0.041438611147777506,-0.028452678544693376,-0.05983893642034028,-0.01589044604324164,-0.04686889027518495
energy/oil_gas,gross_profitability,126,0.053781954409676834,-0.11229742271618405,-0.059532244197045815,-0.03921235200882935,-0.09347987100618829,-0.025368317057635897,-0.06366038492502397
energy/oil_gas,idio_vol_60d,21,0.04776872248245406,0.011171646282595116,0.03355628700835943,0.03256540759891647,0.009314414926791206,-0.022028209615382544,0.08281543277556568
energy/oil_gas,idio_vol_60d,63,0.05585957616109459,0.023261431998564158,0.05136421773428549,0.048002392844387884,-0.0013087429740839176,-0.03475047630237516,0.12319589602912291
energy/oil_gas,idio_vol_60d,126,0.08427515534848745,0.06308284247566903,0.08228559589093264,0.08099627767192363,0.0329657088811435,-0.011270390089067002,0.1670592711092328
energy/oil_gas,max_ret_21d,21,0.025342740902048203,0.007845041629023488,0.04222912023557096,0.02199963250853566,0.06357948932720303,-0.01485420966560321,0.0666211402422058
energy/oil_gas,max_ret_21d,63,0.05203300564231507,0.01417377189624672,0.04684227204630494,0.039876862838773605,0.014815878282108485,-0.014449919249593735,0.0906375418565053
energy/oil_gas,max_ret_21d,126,0.06416961468827119,0.03756539321661442,0.05541262619480403,0.05466922533453674,0.0272354225241344,-0.011328318619058187,0.11758191853047589
energy/oil_gas,mom_12_1,21,0.07114062736988346,-0.014044741817437279,0.01784050269920252,0.03811502912151228,-0.12217154426919323,0.008176767209419677,0.038109645455121424
energy/oil_gas,mom_12_1,63,0.0958458639572268,-0.03904961112060322,0.027780533155487494,0.04691630687788047,-0.17536134390460514,-0.02238941803268696,0.07532193500776115
energy/oil_gas,mom_12_1,126,0.08745469480801119,-0.0741993947480077,0.03146163377739237,0.030684796565000394,-0.15628792280424714,-0.025301984092125245,0.05206725667838085
energy/oil_gas,net_debt_ebitda,21,0.019788789263090318,-0.03461863549489562,-0.051190964122830133,-0.017555148189884306,-0.09370056579461163,-0.01682409560146614,-0.032511168902262515
energy/oil_gas,net_debt_ebitda,63,0.0026285925182186086,-0.05558776484133048,-0.06941862272790951,-0.033854705304612806,-0.13274317822859802,-0.04705327036596811,-0.03924835271050511
energy/oil_gas,net_debt_ebitda,126,-0.03544730992543207,-0.05383261155141122,-0.07796897627663511,-0.04458106856445053,-0.17195211553964296,-0.07153730040234788,-0.04158390687672079
energy/oil_gas,ocf_ev,21,-0.0049703402635373995,-0.011641829695501182,-0.007429234275627091,-0.005830950662894269,-0.029999366313304635,0.022359671465259048,-0.038536551538926433
energy/oil_gas,ocf_ev,63,-0.018689282268403898,-0.016569270605663357,-0.014856685030996299,-0.013410493875596594,-0.046941658185713143,0.018742995079805317,-0.05269136228249047
energy/oil_gas,ocf_ev,126,-0.038071980985806546,0.0009256770143890101,-0.038618223825012586,-0.014173956232426737,-0.12738008565633696,-0.0066342589129053465,-0.04409438104809798
energy/oil_gas,oil_beta_trend,21,-0.007214908121416003,-0.019759593740028024,0.04351637737987561,0.013021878660684843,-0.044980998831741385,0.05071404258869822,-0.03550598765602354
energy/oil_gas,oil_beta_trend,63,-0.01822123616239503,-0.05613781576876952,0.013399720882290238,-0.015381668879202568,-0.056507181962019315,0.020192407070920043,-0.059610597349641255
energy/oil_gas,oil_beta_trend,126,0.008862295042592835,-0.0849143303561092,0.030333586422324633,-0.017803953963631845,0.008432511160059396,0.039167558796452985,-0.07161333604759604
energy/oil_gas,share_issuance,21,0.034580063210651754,0.00822675730351603,0.029462956258220457,0.027829124027067942,-0.013376211018886015,0.010179187583776436,0.037781360516719695
energy/oil_gas,share_issuance,63,0.05016580502495551,0.004970060782785741,0.042933450891481005,0.036681767042597006,-0.00813900887004852,0.016684625491451475,0.04856701075764499
energy/oil_gas,share_issuance,126,0.04686935770346218,0.04217060146560102,0.06711794393335806,0.058827836564227035,-0.0072259987383381605,0.03433544944725268,0.07125771748818202
energy/oil_gas,sue_announce,21,0.019018750849771143,0.013223158361465804,0.007584717905022961,0.026142889091964057,-0.11631846088570108,0.007286543149314926,0.018385576247576852
energy/oil_gas,sue_announce,63,0.007122947147863561,0.005362330032843505,-0.002730356803220766,0.020162896584750883,-0.16237510261010124,-0.02485196533177482,0.031322519597013265
energy/oil_gas,sue_announce,126,-0.007370986825576221,0.006345933341499464,-0.022988558453658426,0.008085602031837965,-0.16230898798621782,-0.0334777844880939,0.01778671417536577
energy/power_utilities,asset_growth,21,0.0033436937111217158,0.010479642782846433,-0.004359465317728033,0.009330086405376628,-0.06003432226041391,-0.012997298242908451,0.018453928944137266
energy/power_utilities,asset_growth,63,0.03313988229579094,0.012953693522343398,0.004922461954916986,0.029660613075566583,-0.11450008565880833,0.01234079486823366,0.019638722740460846
energy/power_utilities,asset_growth,126,0.003171737233306251,0.017462510030015744,-0.019102472052703576,0.01879026086153201,-0.17501497300810226,0.011348522519254537,-0.011466914578940272
energy/power_utilities,capex_at,21,-0.042311668056802025,-0.0013617687557652544,0.021104903509408184,0.0022559392832522717,-0.07668427903000542,-0.028144977838065282,0.01790978265374146
energy/power_utilities,capex_at,63,-0.06019201469600433,-0.005033739312242473,0.014525050958214441,-0.015044093354962117,-0.008326621895164931,-0.02346414811942216,-0.00515171135066531
energy/power_utilities,capex_at,126,-0.11468315897545223,-0.006693477474201665,-0.0004957345700507257,-0.035454908459053844,-0.05605559750535879,-0.029604691834816555,-0.0455322786885773
energy/power_utilities,cop_at,21,-0.05228775543533025,0.013212393632302097,-0.041188596991153806,-0.02897954135552712,-0.002940908665070128,-0.03046628739915929,-0.022628435358732654
energy/power_utilities,cop_at,63,-0.013447835274460664,0.027346939483095092,-0.06210163073533001,-0.005892647662439071,-0.13079839972878715,-0.025895713827064886,-0.00929847647307918
energy/power_utilities,cop_at,126,-0.061751700502990475,0.0424310677880472,-0.088616706390967,-0.017898957930266923,-0.20633805845099226,-0.07229990659601748,0.001556452081976961
energy/power_utilities,dist_52w_high,21,0.06710758810712483,-0.05623083983100944,-0.044842898049588034,-0.00025038651762705614,-0.1622378778846675,-0.042655861083451804,0.011893688562047271
energy/power_utilities,dist_52w_high,63,0.09149614167565376,-0.0826995843834671,-0.05473283009896282,0.0009477923850138284,-0.22282590340067793,-0.059806943628453915,0.020324513158820647
energy/power_utilities,dist_52w_high,126,0.14226122098466862,-0.0651206756012061,-0.040229597143621336,0.029684089004689794,-0.20641490962933956,-0.042324752372807306,0.05804170678855463
energy/power_utilities,ear_3d,21,0.015059592692953214,0.018256890017274284,-0.029512029618413045,-0.0026564406606438902,0.026045628292229443,0.00820247949999964,-0.00806746754616473
energy/power_utilities,ear_3d,63,0.0004702945802214898,0.012269440749047698,-0.06490921828130738,-0.014250118562907078,-0.06606278736444306,-0.022399998169005005,-0.015435412971341324
energy/power_utilities,ear_3d,126,0.024692758767093845,0.03644261700315146,-0.0294104742944992,0.008418409524547617,0.026493426855521342,0.0076899873335808345,0.012404624941702845
energy/power_utilities,ebit_ev,21,0.05606336101692138,0.04061486060341896,0.057909479581306204,0.056298376654719734,0.006642682036409309,0.04065092776320974,0.06266948699116073
energy/power_utilities,ebit_ev,63,0.05395187314691957,0.0637159846255956,0.05365902108458919,0.07354349653423008,-0.1005726068251307,0.025894368885157882,0.08900525899441476
energy/power_utilities,ebit_ev,126,0.06985628559415967,0.09991938839192845,0.07443999997891118,0.10433618740818566,-0.13156866241399823,0.046607791210698725,0.11795886799205572
energy/power_utilities,idio_vol_60d,21,0.030439148669507175,0.025362576401478005,0.0399779645579888,0.03953015728925859,-0.03755916179660963,0.021985423315923482,0.042673589894904045
energy/power_utilities,idio_vol_60d,63,0.0011957870081439736,0.01777455496448632,0.0064347492878801356,0.02768666312839495,-0.17395216709525502,-0.03656197676138833,0.054863810501071704
energy/power_utilities,idio_vol_60d,126,-0.03223824089575423,0.0021610349985635973,0.021015676778998123,0.013515327969132313,-0.14409810273183538,-0.05138632373643815,0.04985694097585521
energy/power_utilities,max_ret_21d,21,0.016687341248744762,-0.009865003417634995,0.0159321796120154,0.0061139908100590465,0.022576232490083618,0.031156812023108195,-0.01585346657265585
energy/power_utilities,max_ret_21d,63,0.0188214460907062,0.0012936739080903815,0.04871029982430023,0.030200792361368512,-0.03611004959504085,0.009579803437273203,0.038619058415679905
energy/power_utilities,max_ret_21d,126,0.009965497112712975,0.002933133228327749,0.0490799509596502,0.02610192105758467,-0.021773271821730552,0.0003596232566484281,0.04337696155339965
energy/power_utilities,mom_12_1,21,0.12220125412345091,0.0059197747332758715,-0.017024585994164666,0.04270881299547827,-0.07356304618789476,0.00976188571154246,0.053934623728674067
energy/power_utilities,mom_12_1,63,0.2035931946687095,-0.043312470900571574,0.053611337002225284,0.07617984435858675,-0.028451890013338393,0.05620152975497859,0.07662127294966108
energy/power_utilities,mom_12_1,126,0.18625797035408015,-0.08148655234925256,0.035652919235789456,0.04698411542690718,-0.00603454695795522,0.02088759448027181,0.06362054789420053
energy/power_utilities,net_debt_ebitda,21,-0.06025958141541216,0.03337536859275989,0.003430767525122399,-0.003896831284988095,-0.022072113360900234,-0.02518560224839279,0.013996557312586855
energy/power_utilities,net_debt_ebitda,63,-0.06165795752999054,0.0350378746603003,-0.022005924849665896,0.0014657842770533544,-0.17168065319053635,-0.03775020896126604,0.008490120768491989
energy/power_utilities,net_debt_ebitda,126,-0.07537853347966868,0.08236417790193533,-0.0342205932610064,0.010946888887443466,-0.17858763124825563,-0.07715360382621386,0.06504984867965352
energy/power_utilities,ocf_ev,21,0.024573614666493913,0.049329910745242546,-0.0007081249391789108,0.02266706199598183,0.02932659479435628,-0.0009820591115901039,0.04756027164830502
energy/power_utilities,ocf_ev,63,0.012329496746421401,0.06897405569259114,-0.002985965332543236,0.0370091453709624,-0.08384283773838222,0.0029920433712522627,0.048706589967757494
energy/power_utilities,ocf_ev,126,0.011195422702130645,0.09508230061319306,-0.0300872876714655,0.04351861274466099,-0.14994037057302637,0.0014575778488821985,0.04922769808051624
energy/power_utilities,share_issuance,21,-0.026166945797899407,0.010170428345913031,-0.0014252975811245737,-0.004296413922732001,-0.011223606505733967,-0.017796615929201894,0.007909697161638628
energy/power_utilities,share_issuance,63,0.0023430114899581273,0.011991811432998862,-0.0023174876330703705,0.012685059896472816,-0.08085809649823782,-0.019708377817656147,0.027938646113053207
energy/power_utilities,share_issuance,126,0.0004410797473516272,0.03514317257013503,-0.026050036911933694,0.009747279358720756,-0.06284166836953255,-0.02703978448134744,0.03361881538430501
energy/power_utilities,sue_announce,21,0.013660674384904165,0.027343100106410723,0.002273847984851931,0.007069075546351181,0.11249999999999996,-0.02341211125651549,0.04530168310090754
energy/power_utilities,sue_announce,63,0.054635942950487,-0.01618124537781448,-0.02876399228011726,-0.011886210603394638,-0.02321428571428571,-0.023808406461001998,0.0010347644181655446
energy/power_utilities,sue_announce,126,0.10949214509510018,-0.01344811902240192,-0.039677189419640095,-0.011349406294121922,0.11785714285714283,-0.0019405575095659978,-0.01498796920452946
energy/renewables,asset_growth,21,0.05602380201748338,-0.03820036158180072,0.059459042299888645,0.018622426489946806,0.029819653100358515,0.029555408440704985,0.010970864335105907
energy/renewables,asset_growth,63,0.1075487818368647,-0.04285591026384155,0.07444939592020015,0.03772474343434445,-0.013738980857963694,0.018676961275749367,0.044258388203418216
energy/renewables,asset_growth,126,0.20214412564507533,-0.11194227851388897,0.11239236234875989,0.03168716509511154,0.04443504406799498,0.0275582460648285,0.0385772623071266
energy/renewables,capex_at,21,-0.11798834100778552,0.08814288416734138,-0.038342140105329894,0.001305244748970795,0.0509597150086884,0.00846958033203136,0.0060300076788003705
energy/renewables,capex_at,63,-0.18399961053738578,0.1181124386677307,-0.02202995599221638,0.016134285742215235,0.06307397239774623,0.059194928695596116,-0.01660964145410384
energy/renewables,capex_at,126,-0.16571910874376963,0.1657282008606694,-0.012066601990892684,0.057107632617349254,0.000618393512896426,0.03419731143373554,0.0667106985588009
energy/renewables,cop_at,21,0.060843694367831526,0.056350665901469275,-0.030551785381769836,0.016272199767414848,0.02024486890309861,0.015634950246975334,0.017756148336596812
energy/renewables,cop_at,63,0.12327051564998887,0.022138232238903408,-0.05577893666329153,0.0018381534644436748,-0.014485866561296353,-0.004217761562217831,0.0038984457138407924
energy/renewables,cop_at,126,0.10933187889005902,0.004960677409447718,-0.033070541978889846,-0.0014751497169641177,0.027993877260496354,-0.003679230742559314,0.007625671538709383
energy/renewables,dist_52w_high,21,0.05463906501273528,-0.055358191790485775,0.027172554162144695,0.023037746803437655,-0.19621874817531404,-0.04297274018854824,0.03618383204426081
energy/renewables,dist_52w_high,63,0.07177936868543669,-0.05175764078509615,0.05433347391381647,0.046041105353071314,-0.23362869758627164,-0.09764049489608521,0.11960279703689292
energy/renewables,dist_52w_high,126,0.03685497074803073,-0.10513184032372698,0.06168391200609635,0.011683482083544257,-0.1827353125456786,-0.10559505547774037,0.07954370719373913
energy/renewables,ear_3d,21,-0.07354599734630696,0.06820769119962979,0.004551665207199659,0.026311503318972942,-0.014151628253962253,-0.016023200411396207,0.057457865678267564
energy/renewables,ear_3d,63,-0.08175586023883237,0.12183698956540415,0.04879213380188543,0.07080074504939689,0.012465004735709075,0.05548296931233243,0.07254095182176933
energy/renewables,ear_3d,126,-0.001860119047619034,0.11881286648026852,0.050938276134454355,0.0835772357629873,-0.0026468612348229635,0.048965276364052394,0.09769357905519901
energy/renewables,ebit_ev,21,0.059546765011113605,-0.07366136037061993,0.044788336071638415,-0.016527076707366056,0.09420813946641426,0.009149526398665815,-0.01536082386446148
energy/renewables,ebit_ev,63,0.13921743135995363,-0.11736285854271081,0.07736332496212807,-0.003998149758258947,0.038131763256542196,-0.01635795723199061,0.01827501988135847
energy/renewables,ebit_ev,126,0.3056827355268899,-0.10541321646276373,0.0887165327000822,0.01982003731080164,0.08537441709621789,0.030729695919257317,0.025061457779912276
energy/renewables,gross_profitability,21,,,-0.036272525666767065,-0.020315816070915513,-0.2117963312211343,-0.1237463870972734,0.0861908803359418
energy/renewables,gross_profitability,63,,,-0.023277950468413775,-0.03563054425240955,0.11260058115553975,0.0874006258246124,-0.17822795727865043
energy/renewables,gross_profitability,126,,,-0.06602250054424048,-0.07001238669493944,-0.024128695961901377,0.004129421843853876,-0.15721999964876315
energy/renewables,idio_vol_60d,21,0.19171290525779694,-0.12370257651782676,0.09038389747548058,0.03519849629941054,-0.10233915616982336,-0.026349550222429404,0.06203592267884003
energy/renewables,idio_vol_60d,63,0.21467237612748447,-0.1601076808838454,0.12747737612253657,0.0494516938132637,-0.17343139080448225,-0.10937608894106349,0.15006469275813047
energy/renewables,idio_vol_60d,126,0.2741722287000925,-0.2023352230116912,0.13161702538116632,0.032129841377786315,-0.11347479097897673,-0.06562251052503362,0.09246954725664096
energy/renewables,max_ret_21d,21,0.14580032970125853,-0.1069190380501825,0.09479376956923458,0.0339678965550286,-0.07525229062906552,-0.004095982743957233,0.045299385367815505
energy/renewables,max_ret_21d,63,0.18723345797649202,-0.1617030110750288,0.11923089961476575,0.034701083457833404,-0.1329204204365025,-0.09516624701169846,0.12023900750523585
energy/renewables,max_ret_21d,126,0.2563549582512431,-0.19645895418259934,0.11049340492894713,0.018790591681737703,-0.09363761142160988,-0.04697023567467117,0.0560573388377934
energy/renewables,mom_12_1,21,-0.07255153257475239,0.03775452757563654,-0.03272226779079543,0.001803253765846363,-0.10563582486694208,-0.023137892609177892,0.0014096409741071732
energy/renewables,mom_12_1,63,-0.17130057764732687,0.02039841323863473,0.0032745520462036212,0.0019301588287398252,-0.15184931090815204,-0.05564344008121615,0.022075529039130192
energy/renewables,mom_12_1,126,-0.3089434816988997,0.006322730598187137,-0.022252746123170367,-0.04472065623447996,-0.12323951583710956,-0.14118706957079188,0.029796840165971988
energy/renewables,net_debt_ebitda,21,0.09113390329239596,0.06482605921781932,-0.04629884469183717,-0.0002874229798473432,0.12614505640417273,0.024916700672743573,0.004987419401618094
energy/renewables,net_debt_ebitda,63,0.07338757769495072,0.03592645659393147,-0.08368599993926107,-0.03295042969172954,0.1069987262849048,0.028983866744491018,-0.060503459254161285
energy/renewables,net_debt_ebitda,126,0.16251059822320063,0.04551669850283939,-0.11325868023339478,-0.03664654254712078,0.145152686883301,0.013391784659212192,-0.041893755256103477
energy/renewables,ocf_ev,21,0.10048602560498046,-0.032068641752683494,0.061824549640555795,0.034323307273889325,-0.016049681689070526,0.015004111277897815,0.04110386126527195
energy/renewables,ocf_ev,63,0.16620674891027382,-0.05262442552252255,0.07869388066511193,0.04778066077002741,-0.054215632748368964,-0.007418866770802259,0.07731078868335402
energy/renewables,ocf_ev,126,0.23565921149550081,-0.06962884222968649,0.10948479535412868,0.055948244076520895,0.011988593081077789,0.046248755497225354,0.05499894037691195
energy/renewables,share_issuance,21,-0.02153310796662536,-0.06336617441588702,0.06437916571209748,-0.001196579574067709,0.015366441856156269,0.033602747915155336,-0.02970914643189146
energy/renewables,share_issuance,63,0.008242673726450357,-0.06793702844714457,0.09350959179376761,0.016337974728466844,0.008027969653690594,0.026066420138026285,0.005262735836894793
energy/renewables,share_issuance,126,0.12770920317763648,-0.09709236706019632,0.11426005115820782,0.0191194016045096,0.1020682508168285,0.047380821731338604,0.011059531437003665
energy/renewables,sue_announce,21,,-0.0030170706770451645,-0.014571904563282357,0.00242600684326458,-0.09607571844087046,-0.04390354162623748,0.034200641973716445
energy/renewables,sue_announce,63,,0.006631408667872033,-0.00511683220067177,0.03583232380863376,-0.24273066314746597,-0.02462233865988632,0.03246137393447486
energy/renewables,sue_announce,126,,0.002977973803567971,-0.05712376781188176,0.002660929804527692,-0.2654417234721255,-0.042168379676117446,-0.021033239208351196
