factor,vif,scope
asset_growth,2.4067760124161732,havuz
capex_at,2.371758819603315,havuz
cash_runway_years,2.430230586191887,havuz
cop_at,4.550437125440398,havuz
dist_52w_high,3.9843420300076775,havuz
droe,3.4172183156214073,havuz
ear_3d,1.6786871948628823,havuz
ebit_ev,3.186000872993856,havuz
gross_profitability,2.9341273365135696,havuz
idio_vol_60d,4.265281613876315,havuz
max_ret_21d,3.156569998252091,havuz
mom_12_1,3.1278394550773085,havuz
net_debt_ebitda,2.081785470375458,havuz
ocf_ev,4.449584451381221,havuz
profitable_growth,2.8444201482287923,havuz
share_issuance,2.1143211332653915,havuz
sue,3.4498740995229986,havuz
asset_growth,,robotics
capex_at,,robotics
cash_runway_years,,robotics
cop_at,,robotics
dist_52w_high,,robotics
droe,,robotics
ear_3d,,robotics
ebit_ev,,robotics
gross_profitability,,robotics
idio_vol_60d,,robotics
max_ret_21d,,robotics
mom_12_1,,robotics
net_debt_ebitda,,robotics
ocf_ev,,robotics
profitable_growth,,robotics
share_issuance,,robotics
sue,,robotics
sue_announce,,robotics
asset_growth,2.7212734434760555,biotech
capex_at,1.6884023934552503,biotech
cash_runway_years,4.461246515471747,biotech
cop_at,7.423853546566059,biotech
dist_52w_high,4.115638871834964,biotech
droe,2.747283413011528,biotech
ear_3d,1.8835805873234692,biotech
ebit_ev,8.903326957157434,biotech
gross_profitability,2.458104886065091,biotech
idio_vol_60d,4.861406033443112,biotech
max_ret_21d,3.2715711163732557,biotech
mom_12_1,3.3089515074134814,biotech
ocf_ev,11.056303366328992,biotech
share_issuance,3.3181208849785624,biotech
sue,2.672195269281773,biotech
asset_growth,2.7212734434760555,biotech/biotech_all
capex_at,1.6884023934552503,biotech/biotech_all
cash_runway_years,4.461246515471747,biotech/biotech_all
cop_at,7.423853546566059,biotech/biotech_all
dist_52w_high,4.115638871834964,biotech/biotech_all
droe,2.747283413011528,biotech/biotech_all
ear_3d,1.8835805873234692,biotech/biotech_all
ebit_ev,8.903326957157434,biotech/biotech_all
gross_profitability,2.458104886065091,biotech/biotech_all
idio_vol_60d,4.861406033443112,biotech/biotech_all
max_ret_21d,3.2715711163732557,biotech/biotech_all
mom_12_1,3.3089515074134814,biotech/biotech_all
ocf_ev,11.056303366328992,biotech/biotech_all
share_issuance,3.3181208849785624,biotech/biotech_all
sue,2.672195269281773,biotech/biotech_all
asset_growth,3.584137499870742,energy
capex_at,7.036841905979108,energy
cash_runway_years,4.579327955455727,energy
cop_at,6.216587359599012,energy
dist_52w_high,6.560074302422509,energy
droe,5.9951870122067605,energy
ear_3d,2.823163503451874,energy
ebit_ev,4.358776687178828,energy
idio_vol_60d,11.162911638779192,energy
max_ret_21d,7.141785922207195,energy
mom_12_1,5.234924440397591,energy
net_debt_ebitda,4.64281792822969,energy
ocf_ev,6.470691846025676,energy
oil_beta_trend,6.525970348559059,energy
profitable_growth,4.825262420184599,energy
share_issuance,3.200043117700893,energy
sue,8.655577090376054,energy
sue_announce,5.389517457812046,energy
asset_growth,4.16766466128368,energy/oil_gas
capex_at,8.564979314875595,energy/oil_gas
cash_runway_years,9.541673455599877,energy/oil_gas
cop_at,23.02077303315877,energy/oil_gas
dist_52w_high,11.697544776157008,energy/oil_gas
droe,14.114705783833612,energy/oil_gas
ear_3d,3.2273692553100544,energy/oil_gas
ebit_ev,5.581637714167889,energy/oil_gas
gross_profitability,3.7841727411519974,energy/oil_gas
idio_vol_60d,10.422398095052385,energy/oil_gas
max_ret_21d,6.443423929909037,energy/oil_gas
mom_12_1,5.196528770618558,energy/oil_gas
net_debt_ebitda,5.765660246077689,energy/oil_gas
ocf_ev,19.895637781741126,energy/oil_gas
oil_beta_trend,8.281633053854817,energy/oil_gas
profitable_growth,4.485623285014555,energy/oil_gas
share_issuance,3.9420810302367237,energy/oil_gas
sue,14.535092427263843,energy/oil_gas
sue_announce,7.6964977562298955,energy/oil_gas
asset_growth,,energy/power_utilities
capex_at,,energy/power_utilities
cash_runway_years,,energy/power_utilities
cop_at,,energy/power_utilities
dist_52w_high,,energy/power_utilities
droe,,energy/power_utilities
ear_3d,,energy/power_utilities
ebit_ev,,energy/power_utilities
idio_vol_60d,,energy/power_utilities
max_ret_21d,,energy/power_utilities
mom_12_1,,energy/power_utilities
net_debt_ebitda,,energy/power_utilities
ocf_ev,,energy/power_utilities
profitable_growth,,energy/power_utilities
share_issuance,,energy/power_utilities
sue,,energy/power_utilities
sue_announce,,energy/power_utilities
asset_growth,,energy/renewables
capex_at,,energy/renewables
cash_runway_years,,energy/renewables
cop_at,,energy/renewables
dist_52w_high,,energy/renewables
droe,,energy/renewables
ear_3d,,energy/renewables
ebit_ev,,energy/renewables
idio_vol_60d,,energy/renewables
max_ret_21d,,energy/renewables
mom_12_1,,energy/renewables
net_debt_ebitda,,energy/renewables
ocf_ev,,energy/renewables
profitable_growth,,energy/renewables
share_issuance,,energy/renewables
sue,,energy/renewables
sue_announce,,energy/renewables
